pelanggan_id,trx_30d,hari_sejak_transaksi_terakhir,nilai_rata2,pakai_promo,kanal,jumlah_produk_beda,churn
C00000,3,46,110400.0,0,organik,3,1
C00001,3,23,71700.0,0,organik,3,1
C00002,5,43,57500.0,1,iklan,3,0
C00003,3,46,70800.0,0,iklan,5,0
C00004,5,30,54600.0,1,referral,2,0
C00005,4,56,66500.0,1,iklan,3,0
C00006,2,40,78300.0,1,organik,1,0
C00007,4,24,45600.0,0,iklan,3,0
C00008,2,13,116800.0,0,iklan,3,0
C00009,0,13,64500.0,1,iklan,5,0
C00010,4,12,91000.0,0,iklan,2,1
C00011,3,51,83700.0,0,organik,1,0
C00012,3,28,76100.0,1,organik,4,1
C00013,3,49,101200.0,0,organik,1,1
C00014,0,17,60300.0,0,organik,5,0
C00015,1,35,110200.0,0,referral,5,0
C00016,3,51,85500.0,0,iklan,3,0
C00017,3,52,134900.0,0,organik,3,1
C00018,2,34,110500.0,1,iklan,2,1
C00019,5,44,82500.0,1,organik,2,0
C00020,1,18,54400.0,0,organik,4,0
C00021,2,29,33000.0,0,iklan,4,1
C00022,6,19,82700.0,1,iklan,1,0
C00023,7,45,55600.0,0,iklan,3,0
C00024,5,40,15000.0,0,iklan,3,0
C00025,2,54,102600.0,0,organik,3,0
C00026,3,46,69700.0,1,organik,4,1
C00027,4,11,104000.0,0,organik,1,0
C00028,2,57,65200.0,0,referral,1,1
C00029,4,45,75400.0,0,organik,2,0
C00030,6,56,72000.0,1,iklan,1,1
C00031,2,57,104300.0,0,organik,3,0
C00032,4,57,63100.0,0,referral,4,0
C00033,0,7,77200.0,1,iklan,2,0
C00034,4,25,97000.0,1,organik,1,1
C00035,3,26,91200.0,0,iklan,4,0
C00036,1,31,71200.0,1,iklan,1,1
C00037,2,45,85700.0,0,organik,3,1
C00038,4,45,72300.0,0,iklan,4,0
C00039,4,25,76800.0,0,referral,1,0
C00040,1,28,36200.0,0,iklan,1,0
C00041,1,3,38800.0,1,iklan,2,0
C00042,0,36,42000.0,0,organik,2,0
C00043,0,51,42000.0,1,iklan,1,1
C00044,5,45,87200.0,1,organik,2,1
C00045,4,5,114000.0,1,iklan,2,0
C00046,1,6,66300.0,0,iklan,3,1
C00047,4,45,94500.0,0,iklan,2,0
C00048,4,58,87800.0,1,organik,3,0
C00049,6,44,62100.0,0,referral,5,1
C00050,2,49,77000.0,0,organik,3,1
C00051,2,13,63400.0,0,referral,1,1
C00052,3,40,117000.0,1,organik,5,0
C00053,5,30,60400.0,0,organik,2,0
C00054,5,31,64300.0,0,organik,1,0
C00055,2,46,81300.0,1,iklan,1,1
C00056,2,39,91500.0,0,organik,2,1
C00057,2,45,66100.0,0,referral,4,1
C00058,1,54,56400.0,0,organik,1,1
C00059,4,3,86900.0,1,iklan,1,0
C00060,1,11,99700.0,1,referral,3,0
C00061,3,41,66800.0,1,organik,4,0
C00062,3,24,129000.0,0,iklan,5,1
C00063,7,51,73200.0,0,iklan,3,1
C00064,3,55,68200.0,0,organik,2,1
C00065,4,3,69200.0,1,iklan,1,0
C00066,2,16,41000.0,0,iklan,2,0
C00067,2,6,78600.0,0,organik,3,0
C00068,4,6,63500.0,1,organik,2,0
C00069,6,25,95000.0,1,organik,5,0
C00070,3,56,78300.0,1,iklan,5,0
C00071,1,54,58800.0,0,organik,5,1
C00072,7,59,81400.0,0,organik,2,0
C00073,5,12,84400.0,1,iklan,3,0
C00074,0,35,95600.0,0,organik,4,1
C00075,1,7,76900.0,1,iklan,4,0
C00076,3,3,47000.0,0,iklan,2,0
C00077,3,19,83900.0,0,organik,2,1
C00078,4,15,84400.0,0,iklan,4,0
C00079,2,6,88800.0,1,iklan,1,0
C00080,4,28,73400.0,0,organik,3,1
C00081,2,45,69400.0,0,iklan,1,1
C00082,3,15,110900.0,0,iklan,1,0
C00083,3,18,79800.0,0,referral,4,0
C00084,3,7,121100.0,1,referral,5,0
C00085,2,5,89700.0,0,iklan,2,0
C00086,5,4,81400.0,0,iklan,3,0
C00087,3,30,99600.0,0,organik,3,1
C00088,3,48,105900.0,0,organik,3,1
C00089,3,50,97600.0,0,iklan,1,1
C00090,2,16,55000.0,1,iklan,1,1
C00091,4,46,67100.0,1,referral,4,1
C00092,2,52,59800.0,0,organik,2,1
C00093,7,9,100100.0,0,iklan,5,0
C00094,2,35,64100.0,0,iklan,1,1
C00095,5,26,93200.0,1,organik,1,0
C00096,4,31,94400.0,0,organik,1,0
C00097,2,51,88400.0,1,organik,1,0
C00098,4,52,89100.0,0,organik,3,0
C00099,2,42,47400.0,0,organik,1,1
C00100,3,49,45100.0,0,organik,4,0
C00101,4,53,130000.0,1,organik,4,0
C00102,3,57,70000.0,0,organik,4,1
C00103,6,8,47000.0,0,iklan,2,0
C00104,2,1,91400.0,0,iklan,1,0
C00105,5,11,123200.0,0,iklan,4,0
C00106,2,10,72900.0,1,iklan,3,0
C00107,1,43,62100.0,1,iklan,2,0
C00108,4,20,51700.0,0,organik,3,0
C00109,3,42,79600.0,1,iklan,1,1
C00110,4,19,84400.0,0,organik,1,0
C00111,3,32,34000.0,0,organik,3,0
C00112,2,27,70600.0,1,referral,1,1
C00113,0,38,74300.0,0,iklan,5,0
C00114,4,44,90800.0,0,organik,5,1
C00115,3,3,56100.0,1,iklan,1,0
C00116,4,30,56300.0,0,organik,1,0
C00117,3,4,94300.0,0,organik,3,0
C00118,4,40,84000.0,0,organik,3,0
C00119,7,9,80400.0,0,referral,2,0
C00120,2,10,108900.0,1,iklan,2,1
C00121,2,1,89600.0,0,organik,5,0
C00122,5,47,75000.0,0,organik,4,0
C00123,2,49,80700.0,0,iklan,3,0
C00124,0,58,64900.0,0,organik,4,1
C00125,2,15,109200.0,1,iklan,5,1
C00126,2,59,87500.0,0,iklan,1,0
C00127,3,53,47500.0,0,iklan,1,1
C00128,5,50,78700.0,0,referral,4,0
C00129,6,17,111900.0,0,organik,2,0
C00130,2,31,134000.0,0,iklan,3,0
C00131,2,4,32800.0,0,referral,1,1
C00132,2,27,89200.0,0,iklan,3,0
C00133,2,3,62900.0,0,referral,3,0
C00134,4,12,97400.0,0,organik,1,1
C00135,3,5,84500.0,1,organik,3,0
C00136,3,36,15000.0,0,iklan,2,0
C00137,3,34,80700.0,0,iklan,1,0
C00138,4,7,31400.0,0,organik,2,0
C00139,5,34,15000.0,0,iklan,1,0
C00140,2,44,60400.0,1,organik,3,1
C00141,1,58,97700.0,1,iklan,1,1
C00142,3,7,116200.0,1,organik,4,0
C00143,5,18,143400.0,1,organik,4,0
C00144,2,12,98800.0,0,organik,5,0
C00145,2,48,59300.0,0,iklan,1,1
C00146,3,5,75300.0,0,organik,5,0
C00147,7,28,47600.0,1,organik,3,0
C00148,1,33,86600.0,0,organik,1,1
C00149,4,47,27500.0,0,organik,4,0
C00150,6,18,99200.0,1,referral,2,0
C00151,2,38,85200.0,0,iklan,1,1
C00152,2,27,40800.0,1,referral,1,0
C00153,4,16,89700.0,0,iklan,2,0
C00154,2,9,93700.0,0,organik,2,0
C00155,4,28,42700.0,1,organik,1,0
C00156,4,11,117200.0,0,iklan,4,0
C00157,4,29,63600.0,0,organik,2,0
C00158,2,53,74100.0,0,organik,5,0
C00159,5,22,81700.0,0,iklan,4,0
C00160,6,51,106300.0,0,organik,4,0
C00161,0,50,71900.0,0,organik,5,1
C00162,5,58,80500.0,1,referral,5,1
C00163,3,31,40400.0,0,referral,3,0
C00164,4,2,24900.0,0,iklan,1,1
C00165,4,48,91500.0,0,organik,5,0
C00166,3,13,111900.0,1,organik,4,1
C00167,2,28,76200.0,0,referral,4,0
C00168,5,12,77500.0,0,organik,5,0
C00169,2,1,68500.0,0,iklan,1,0
C00170,7,34,92300.0,1,referral,3,0
C00171,2,17,102100.0,1,iklan,4,1
C00172,4,11,45700.0,1,organik,5,0
C00173,3,14,81200.0,0,organik,5,0
C00174,5,38,58800.0,0,organik,3,0
C00175,3,51,78600.0,0,iklan,2,0
C00176,0,46,107500.0,0,iklan,5,1
C00177,6,33,90800.0,1,iklan,5,0
C00178,4,41,52200.0,1,iklan,4,1
C00179,1,36,115900.0,1,iklan,1,0
C00180,3,6,95400.0,0,organik,2,0
C00181,2,53,100500.0,0,iklan,2,1
C00182,6,12,72100.0,0,iklan,5,0
C00183,1,54,61600.0,0,organik,1,1
C00184,2,52,47100.0,1,referral,1,1
C00185,0,59,100300.0,1,organik,3,1
C00186,2,37,44600.0,0,iklan,3,0
C00187,4,15,73200.0,1,iklan,1,0
C00188,5,17,99800.0,0,organik,4,0
C00189,4,18,49100.0,1,organik,4,0
C00190,3,5,110600.0,1,organik,4,0
C00191,3,16,93300.0,1,organik,1,1
C00192,2,4,92600.0,1,organik,1,0
C00193,2,21,120800.0,0,iklan,1,1
C00194,1,32,91600.0,0,iklan,4,1
C00195,4,3,55400.0,1,organik,5,0
C00196,3,19,107800.0,0,iklan,1,0
C00197,4,54,84300.0,1,organik,2,1
C00198,6,5,23100.0,0,organik,2,0
C00199,6,49,94200.0,0,organik,3,0
C00200,7,57,51100.0,0,organik,5,0
C00201,3,38,71100.0,0,referral,3,0
C00202,3,29,82000.0,1,iklan,3,1
C00203,3,7,52800.0,1,organik,4,0
C00204,0,16,86300.0,0,organik,3,1
C00205,3,48,84500.0,0,iklan,3,1
C00206,4,31,77800.0,1,organik,5,0
C00207,3,6,55500.0,0,iklan,3,0
C00208,2,14,68800.0,1,organik,1,1
C00209,4,22,89100.0,1,organik,4,0
C00210,6,40,78200.0,1,iklan,5,0
C00211,1,4,91500.0,0,organik,2,0
C00212,8,59,65600.0,0,organik,5,0
C00213,3,22,40600.0,0,iklan,4,1
C00214,4,36,78700.0,0,organik,3,0
C00215,6,14,115800.0,0,organik,5,0
C00216,4,36,87100.0,0,organik,1,0
C00217,3,4,101300.0,0,iklan,1,0
C00218,7,51,59600.0,1,referral,1,0
C00219,5,15,65700.0,1,iklan,5,0
C00220,4,53,33700.0,1,organik,1,1
C00221,2,40,71100.0,0,organik,1,0
C00222,1,35,81800.0,0,organik,2,1
C00223,4,20,114300.0,1,organik,5,0
C00224,2,4,83600.0,0,iklan,3,0
C00225,4,25,71100.0,1,organik,5,0
C00226,1,44,89300.0,1,organik,3,0
C00227,3,41,44000.0,0,iklan,2,1
C00228,4,46,46700.0,1,iklan,1,1
C00229,2,9,138900.0,0,referral,4,0
C00230,1,15,61300.0,0,organik,4,1
C00231,5,21,94800.0,1,iklan,3,0
C00232,4,30,32000.0,0,organik,2,0
C00233,1,33,76000.0,1,referral,3,1
C00234,5,22,67300.0,1,organik,1,0
C00235,7,2,100700.0,1,iklan,3,0
C00236,2,34,77100.0,0,organik,4,0
C00237,4,26,44300.0,1,organik,4,0
C00238,4,10,126600.0,0,referral,4,0
C00239,1,51,78600.0,0,referral,1,1
C00240,4,5,97200.0,1,iklan,5,0
C00241,1,50,82000.0,0,iklan,1,1
C00242,2,35,72200.0,0,organik,3,0
C00243,4,1,101800.0,1,iklan,3,0
C00244,4,42,80500.0,1,referral,5,0
C00245,2,12,82300.0,1,referral,5,0
C00246,3,34,82900.0,0,iklan,3,0
C00247,2,55,90400.0,0,organik,4,0
C00248,4,57,90100.0,0,iklan,2,1
C00249,3,2,84700.0,0,organik,1,0
C00250,1,43,69800.0,1,organik,1,0
C00251,7,50,125700.0,0,iklan,2,1
C00252,5,7,63800.0,0,iklan,1,0
C00253,6,7,85600.0,1,organik,3,0
C00254,1,52,56600.0,1,iklan,1,1
C00255,6,36,58800.0,0,organik,5,0
C00256,5,38,108700.0,1,organik,1,0
C00257,1,50,105100.0,0,organik,3,0
C00258,5,2,87000.0,1,iklan,4,0
C00259,4,40,88700.0,0,organik,4,0
C00260,4,59,41900.0,0,organik,1,0
C00261,1,16,76400.0,0,iklan,2,0
C00262,2,18,74000.0,1,organik,2,0
C00263,4,27,69600.0,0,organik,4,0
C00264,3,30,73200.0,0,organik,4,0
C00265,1,21,64700.0,1,organik,4,0
C00266,2,19,46100.0,0,referral,2,0
C00267,4,1,119500.0,1,organik,1,0
C00268,4,6,111400.0,1,referral,5,0
C00269,1,19,92000.0,1,iklan,1,1
C00270,4,50,62300.0,1,organik,1,1
C00271,6,41,89500.0,0,iklan,1,0
C00272,2,58,49500.0,0,organik,1,1
C00273,5,16,78100.0,0,iklan,4,0
C00274,5,55,61000.0,0,organik,4,0
C00275,7,57,67200.0,0,organik,4,0
C00276,6,45,88100.0,0,organik,4,0
C00277,2,34,51000.0,0,organik,1,1
C00278,5,1,27800.0,0,iklan,2,0
C00279,2,10,97200.0,0,iklan,1,1
C00280,5,15,140700.0,0,referral,1,0
C00281,2,20,56500.0,0,referral,3,0
C00282,2,4,66100.0,0,iklan,3,0
C00283,3,36,85300.0,0,iklan,1,1
C00284,4,14,100800.0,1,organik,4,0
C00285,1,1,67500.0,0,organik,5,1
C00286,9,1,97200.0,0,organik,5,0
C00287,4,2,81400.0,0,organik,2,0
C00288,4,52,72800.0,0,organik,1,1
C00289,5,46,64200.0,0,organik,2,1
C00290,1,41,55300.0,0,iklan,2,1
C00291,1,21,89000.0,0,referral,2,1
C00292,3,10,31400.0,0,organik,5,0
C00293,6,13,62300.0,1,organik,4,0
C00294,5,40,88300.0,0,organik,5,0
C00295,0,4,93400.0,0,iklan,2,0
C00296,6,18,36300.0,0,iklan,3,0
C00297,2,45,97100.0,1,organik,2,1
C00298,3,52,94900.0,0,iklan,5,0
C00299,3,31,35600.0,0,organik,2,0
C00300,2,55,112100.0,0,referral,1,1
C00301,2,18,41100.0,1,organik,2,0
C00302,2,19,120300.0,0,iklan,5,0
C00303,2,31,18300.0,0,referral,3,0
C00304,5,25,76000.0,0,organik,5,0
C00305,4,32,86000.0,0,iklan,2,0
C00306,1,49,57700.0,1,referral,2,1
C00307,3,25,59200.0,0,organik,3,0
C00308,2,27,61200.0,0,organik,1,1
C00309,1,45,64500.0,0,iklan,1,1
C00310,2,24,57100.0,1,organik,4,0
C00311,10,1,91300.0,0,referral,2,0
C00312,5,17,99500.0,1,organik,2,0
C00313,5,31,99000.0,1,iklan,5,1
C00314,2,39,118600.0,1,iklan,3,1
C00315,3,9,125600.0,1,referral,2,0
C00316,4,26,51300.0,0,organik,5,0
C00317,2,4,65700.0,0,iklan,1,0
C00318,1,43,99800.0,1,iklan,1,1
C00319,1,43,141600.0,0,iklan,1,1
C00320,3,49,60800.0,1,organik,3,1
C00321,2,29,78700.0,0,organik,2,1
C00322,2,7,37500.0,0,iklan,4,0
C00323,1,20,83200.0,0,iklan,4,1
C00324,0,56,36300.0,1,iklan,2,1
C00325,6,25,82600.0,1,iklan,2,0
C00326,5,53,70900.0,1,organik,1,0
C00327,3,17,72800.0,0,organik,3,1
C00328,2,40,56000.0,1,organik,4,1
C00329,6,33,17700.0,1,iklan,3,0
C00330,2,47,106700.0,0,referral,2,1
C00331,2,4,90500.0,1,iklan,3,0
C00332,2,37,53200.0,0,iklan,3,0
C00333,1,23,84400.0,0,iklan,5,0
C00334,4,38,41400.0,1,iklan,3,1
C00335,4,9,42000.0,0,iklan,5,0
C00336,4,25,83900.0,0,organik,5,1
C00337,2,40,58800.0,0,referral,2,1
C00338,5,26,53100.0,0,organik,3,0
C00339,2,4,41900.0,1,iklan,4,0
C00340,1,38,52600.0,0,referral,4,0
C00341,6,45,64900.0,0,organik,5,0
C00342,3,5,91400.0,0,organik,5,1
C00343,3,49,42200.0,0,referral,3,1
C00344,2,34,111800.0,0,referral,3,0
C00345,1,12,101500.0,0,iklan,2,0
C00346,3,46,86000.0,0,organik,5,0
C00347,9,31,61700.0,1,organik,4,1
C00348,3,11,62800.0,1,iklan,3,0
C00349,5,46,54600.0,1,organik,1,1
C00350,2,37,54400.0,1,referral,4,1
C00351,2,56,86800.0,1,iklan,5,0
C00352,5,19,50300.0,0,referral,2,0
C00353,3,41,87800.0,0,referral,2,0
C00354,1,9,37300.0,0,organik,3,0
C00355,1,34,93900.0,1,organik,2,0
C00356,5,29,40300.0,0,organik,5,0
C00357,5,12,108800.0,1,iklan,2,0
C00358,3,33,31300.0,1,iklan,4,0
C00359,0,45,95600.0,1,iklan,5,1
C00360,0,53,84500.0,0,iklan,4,1
C00361,1,56,58600.0,0,organik,3,1
C00362,3,1,70200.0,0,iklan,5,0
C00363,2,12,96400.0,0,organik,3,1
C00364,4,57,92300.0,1,organik,5,1
C00365,3,55,47000.0,1,organik,2,1
C00366,4,59,19400.0,1,organik,3,1
C00367,4,25,81100.0,0,organik,4,0
C00368,3,57,15000.0,0,iklan,1,1
C00369,3,54,93300.0,1,organik,3,0
C00370,7,20,72600.0,0,referral,2,0
C00371,2,10,100800.0,0,organik,5,0
C00372,4,34,78900.0,0,referral,4,0
C00373,6,20,44300.0,0,organik,1,0
C00374,3,55,44500.0,1,iklan,4,1
C00375,1,4,85400.0,0,iklan,5,0
C00376,0,19,88500.0,0,referral,2,1
C00377,3,14,109300.0,0,iklan,4,0
C00378,2,54,65300.0,0,organik,2,1
C00379,4,7,95700.0,0,organik,4,0
C00380,5,20,91100.0,0,referral,3,0
C00381,1,37,50100.0,1,organik,2,1
C00382,7,50,103000.0,0,referral,3,1
C00383,2,52,125800.0,0,organik,2,0
C00384,5,13,105100.0,0,iklan,1,0
C00385,2,17,58000.0,0,organik,2,0
C00386,3,48,69000.0,1,organik,1,0
C00387,6,46,108300.0,0,organik,3,0
C00388,4,53,89600.0,1,iklan,1,1
C00389,6,16,85200.0,1,organik,2,0
C00390,2,38,85500.0,1,organik,4,0
C00391,2,35,63200.0,1,referral,5,1
C00392,2,38,15000.0,1,organik,2,1
C00393,3,55,144100.0,1,organik,5,0
C00394,4,22,82300.0,0,iklan,2,1
C00395,3,50,80900.0,1,organik,1,1
C00396,2,2,52100.0,0,iklan,3,0
C00397,2,46,101600.0,0,organik,4,0
C00398,4,5,104800.0,0,organik,4,0
C00399,4,33,54500.0,0,organik,1,0
C00400,4,41,30100.0,1,iklan,5,0
C00401,3,13,121400.0,0,organik,1,0
C00402,1,52,86700.0,1,organik,5,1
C00403,2,22,41700.0,0,organik,2,1
C00404,1,35,77400.0,0,referral,3,0
C00405,6,59,100600.0,1,referral,2,0
C00406,1,34,115200.0,1,iklan,3,1
C00407,6,58,89500.0,0,iklan,2,0
C00408,2,26,62400.0,0,organik,3,1
C00409,4,54,73500.0,0,iklan,2,1
C00410,4,31,79000.0,1,referral,4,0
C00411,3,58,116500.0,0,organik,3,1
C00412,3,3,102100.0,0,iklan,4,0
C00413,3,1,65800.0,0,iklan,2,0
C00414,1,6,106100.0,1,iklan,3,1
C00415,1,25,70400.0,1,organik,2,1
C00416,5,38,92500.0,1,organik,2,1
C00417,3,10,69400.0,0,iklan,4,0
C00418,3,9,57900.0,0,organik,1,0
C00419,3,56,112100.0,0,organik,1,1
C00420,3,46,84700.0,0,iklan,3,0
C00421,5,18,91000.0,1,organik,2,1
C00422,4,28,68300.0,0,organik,4,0
C00423,2,53,93500.0,0,iklan,2,1
C00424,3,43,65300.0,0,organik,5,0
C00425,9,12,64900.0,0,iklan,4,0
C00426,6,39,67400.0,1,iklan,3,0
C00427,3,8,71500.0,0,organik,1,0
C00428,3,52,75000.0,0,iklan,4,1
C00429,5,40,73500.0,1,organik,1,1
C00430,3,55,120300.0,0,iklan,1,1
C00431,4,59,152500.0,1,iklan,3,1
C00432,2,14,36700.0,1,organik,5,0
C00433,7,9,83100.0,0,iklan,4,0
C00434,4,28,53200.0,0,organik,4,0
C00435,4,56,66600.0,1,iklan,3,1
C00436,1,19,123200.0,1,iklan,3,0
C00437,2,22,67300.0,0,referral,1,0
C00438,5,28,89500.0,1,organik,5,0
C00439,4,40,59000.0,1,organik,2,1
C00440,5,7,36200.0,1,iklan,2,0
C00441,4,29,95500.0,0,organik,5,0
C00442,2,3,78700.0,1,organik,1,0
C00443,5,12,109100.0,1,organik,2,0
C00444,1,45,100400.0,1,organik,5,0
C00445,3,10,105700.0,1,iklan,4,0
C00446,3,2,96100.0,0,iklan,3,0
C00447,2,18,34500.0,1,iklan,2,1
C00448,2,33,57700.0,1,organik,5,1
C00449,2,42,115300.0,1,organik,3,0
C00450,4,49,59000.0,0,referral,4,0
C00451,3,33,46200.0,0,iklan,3,0
C00452,2,13,65500.0,0,organik,2,0
C00453,2,46,106600.0,1,organik,4,1
C00454,7,5,83100.0,1,organik,4,0
C00455,4,52,36900.0,1,iklan,4,0
C00456,5,51,82200.0,1,iklan,5,0
C00457,2,20,64000.0,0,iklan,3,1
C00458,3,2,100200.0,0,iklan,3,0
C00459,7,13,44300.0,1,iklan,5,0
C00460,0,4,81300.0,0,organik,2,1
C00461,0,7,64900.0,1,organik,1,0
C00462,3,19,86200.0,0,iklan,2,0
C00463,4,59,103700.0,0,iklan,1,0
C00464,5,19,30600.0,0,organik,3,0
C00465,4,50,57100.0,0,organik,1,1
C00466,1,38,79900.0,0,organik,3,0
C00467,2,54,121600.0,1,referral,1,1
C00468,2,47,89000.0,1,iklan,4,0
C00469,6,6,83900.0,1,organik,2,0
C00470,6,7,52300.0,0,referral,4,0
C00471,6,41,33700.0,0,iklan,4,1
C00472,4,48,15000.0,0,organik,1,1
C00473,5,45,47700.0,1,referral,1,0
C00474,5,8,94000.0,1,iklan,2,0
C00475,5,42,95900.0,1,iklan,5,0
C00476,3,38,83800.0,0,organik,2,0
C00477,1,29,105900.0,0,iklan,4,0
C00478,4,48,65500.0,0,iklan,5,0
C00479,2,27,76900.0,1,iklan,3,0
C00480,4,9,61400.0,1,organik,3,1
C00481,4,54,82900.0,0,organik,5,0
C00482,1,42,91400.0,0,organik,1,1
C00483,2,27,116300.0,0,iklan,1,1
C00484,2,14,75800.0,1,organik,4,0
C00485,4,51,81000.0,1,iklan,1,1
C00486,4,16,111700.0,0,iklan,1,0
C00487,5,52,44300.0,0,organik,5,0
C00488,8,3,62800.0,1,referral,5,0
C00489,1,8,92500.0,0,organik,1,0
C00490,2,18,83100.0,1,iklan,2,0
C00491,2,33,120500.0,0,organik,1,0
C00492,3,29,47600.0,0,iklan,2,0
C00493,3,59,65300.0,1,organik,5,1
C00494,4,43,70000.0,1,organik,4,1
C00495,1,47,56900.0,0,organik,5,1
C00496,5,56,84300.0,0,iklan,5,0
C00497,2,14,54600.0,0,iklan,5,1
C00498,4,41,75600.0,0,iklan,2,0
C00499,2,50,95500.0,1,referral,1,1
C00500,4,40,83100.0,1,organik,5,0
C00501,4,33,71900.0,0,referral,5,0
C00502,2,25,109200.0,1,organik,4,0
C00503,4,31,59500.0,0,organik,1,0
C00504,3,24,55100.0,0,organik,5,0
C00505,1,26,93500.0,1,organik,4,0
C00506,2,20,84300.0,0,organik,4,0
C00507,5,21,117300.0,1,iklan,2,1
C00508,3,3,104500.0,0,organik,4,0
C00509,2,43,129300.0,0,iklan,3,0
C00510,2,41,61700.0,0,iklan,5,1
C00511,3,42,72000.0,0,iklan,4,1
C00512,2,59,74500.0,1,iklan,1,1
C00513,4,25,98200.0,1,iklan,5,0
C00514,4,20,114000.0,1,organik,2,0
C00515,2,6,94500.0,0,organik,1,1
C00516,1,2,103500.0,1,organik,5,1
C00517,3,15,95500.0,0,organik,4,0
C00518,5,20,79200.0,1,referral,2,0
C00519,1,10,65500.0,0,iklan,5,0
C00520,4,14,88900.0,1,iklan,2,0
C00521,4,25,86600.0,0,organik,5,0
C00522,4,40,39300.0,0,organik,1,1
C00523,2,24,60700.0,1,organik,1,1
C00524,2,44,23300.0,0,referral,1,1
C00525,2,59,90100.0,0,iklan,1,1
C00526,5,3,81700.0,1,referral,2,0
C00527,2,13,75500.0,0,referral,1,1
C00528,5,53,103300.0,0,organik,4,0
C00529,4,16,85100.0,1,iklan,2,0
C00530,3,38,95000.0,0,organik,5,0
C00531,2,32,81700.0,1,organik,3,0
C00532,4,57,91800.0,0,iklan,1,1
C00533,1,2,64700.0,0,iklan,5,0
C00534,2,59,66400.0,0,iklan,2,0
C00535,1,8,109700.0,1,iklan,5,0
C00536,2,40,97400.0,1,referral,3,0
C00537,5,51,126500.0,1,referral,1,0
C00538,5,31,99400.0,0,referral,4,0
C00539,7,8,81900.0,1,iklan,1,0
C00540,1,12,82100.0,0,organik,4,0
C00541,2,4,62600.0,0,iklan,4,0
C00542,4,9,124200.0,1,iklan,1,0
C00543,4,34,80100.0,0,organik,1,1
C00544,4,4,50900.0,0,iklan,5,0
C00545,4,25,69500.0,0,iklan,4,0
C00546,2,3,57500.0,1,iklan,5,0
C00547,4,19,42300.0,1,iklan,2,1
C00548,1,48,44700.0,1,referral,4,1
C00549,6,11,42600.0,1,iklan,5,0
C00550,5,58,79900.0,1,organik,1,1
C00551,5,38,29000.0,0,organik,1,0
C00552,3,16,41900.0,1,organik,3,1
C00553,4,39,77700.0,0,referral,5,0
C00554,1,27,110400.0,0,iklan,3,0
C00555,0,44,48400.0,1,iklan,2,1
C00556,4,17,70300.0,1,referral,5,0
C00557,4,14,50000.0,1,organik,3,1
C00558,2,49,89200.0,0,organik,5,1
C00559,4,44,119800.0,1,iklan,1,1
C00560,0,43,58100.0,0,organik,2,1
C00561,1,47,51200.0,0,iklan,5,0
C00562,7,11,24000.0,0,referral,2,0
C00563,4,34,81900.0,0,organik,1,0
C00564,4,35,24200.0,1,organik,1,1
C00565,3,43,85600.0,1,iklan,4,1
C00566,5,12,85800.0,0,iklan,2,0
C00567,2,32,94700.0,0,iklan,2,1
C00568,2,37,117700.0,0,iklan,5,0
C00569,2,24,69700.0,0,referral,5,1
C00570,3,18,118200.0,0,referral,4,0
C00571,3,48,113200.0,1,organik,4,0
C00572,4,59,92500.0,0,organik,3,0
C00573,5,29,111000.0,0,iklan,1,1
C00574,3,45,92900.0,0,organik,2,1
C00575,3,34,55500.0,1,referral,5,0
C00576,4,27,74200.0,0,iklan,3,0
C00577,3,42,96000.0,0,organik,2,0
C00578,2,41,109400.0,0,organik,5,0
C00579,3,5,109200.0,0,organik,3,0
C00580,2,5,78200.0,0,organik,5,1
C00581,4,36,15000.0,0,iklan,3,0
C00582,5,12,83200.0,0,referral,1,0
C00583,5,8,122200.0,0,iklan,4,0
C00584,3,21,86900.0,1,organik,3,0
C00585,6,21,57800.0,1,organik,1,0
C00586,4,26,63300.0,0,organik,3,0
C00587,2,15,30600.0,1,iklan,2,0
C00588,3,15,106200.0,1,iklan,5,0
C00589,6,58,87700.0,1,organik,3,1
C00590,4,18,45800.0,0,iklan,5,0
C00591,1,36,36400.0,0,referral,2,0
C00592,2,3,71700.0,0,iklan,3,0
C00593,3,49,41700.0,1,organik,5,1
C00594,2,26,96500.0,1,organik,3,0
C00595,2,43,68200.0,0,iklan,4,1
C00596,4,36,105300.0,0,iklan,2,1
C00597,5,31,73000.0,1,organik,5,1
C00598,1,32,71400.0,1,iklan,1,0
C00599,3,43,87000.0,1,organik,3,0
C00600,4,16,79100.0,1,referral,2,0
C00601,7,45,70100.0,0,organik,2,0
C00602,4,19,98400.0,1,organik,5,0
C00603,6,16,48600.0,0,organik,2,0
C00604,3,24,134000.0,0,organik,4,1
C00605,6,39,56900.0,0,organik,5,0
C00606,5,29,104700.0,0,iklan,1,0
C00607,0,58,51200.0,1,iklan,3,1
C00608,7,9,89700.0,0,organik,2,1
C00609,4,23,97000.0,0,organik,5,0
C00610,5,32,97100.0,0,organik,2,0
C00611,1,4,78000.0,0,iklan,1,1
C00612,6,6,70700.0,0,referral,5,0
C00613,6,55,48100.0,0,organik,1,1
C00614,2,21,64100.0,0,iklan,4,0
C00615,2,34,37800.0,1,iklan,5,1
C00616,4,13,89100.0,0,iklan,2,0
C00617,4,22,53500.0,1,iklan,1,1
C00618,4,22,56600.0,0,organik,4,0
C00619,4,50,83500.0,0,organik,2,0
C00620,3,27,72900.0,0,iklan,3,1
C00621,2,21,64800.0,0,referral,5,0
C00622,1,39,73100.0,0,referral,2,1
C00623,9,57,127600.0,0,organik,2,0
C00624,9,44,84500.0,1,iklan,4,0
C00625,8,32,52600.0,0,referral,1,0
C00626,4,10,79900.0,0,organik,5,0
C00627,2,36,105400.0,1,referral,3,0
C00628,2,45,73800.0,0,referral,5,0
C00629,3,42,86300.0,0,organik,5,0
C00630,2,58,94500.0,0,organik,2,0
C00631,3,42,78000.0,0,iklan,2,1
C00632,8,40,102900.0,0,organik,5,0
C00633,11,28,107500.0,0,iklan,4,0
C00634,0,17,62500.0,0,iklan,4,0
C00635,5,24,115900.0,0,organik,2,1
C00636,0,14,26200.0,1,iklan,5,0
C00637,3,26,30900.0,1,iklan,1,1
C00638,3,21,50100.0,1,organik,3,0
C00639,4,20,70200.0,1,iklan,3,0
C00640,6,54,57600.0,0,iklan,4,0
C00641,2,35,71200.0,1,iklan,3,0
C00642,2,51,72900.0,0,iklan,4,1
C00643,2,37,56100.0,1,referral,5,0
C00644,5,46,85500.0,1,organik,3,0
C00645,4,58,103900.0,1,referral,2,1
C00646,4,55,86800.0,1,iklan,4,0
C00647,6,1,110600.0,1,organik,3,0
C00648,3,1,80900.0,0,iklan,1,0
C00649,5,43,97300.0,0,organik,3,1
C00650,7,56,61500.0,0,organik,3,0
C00651,3,57,91000.0,1,organik,4,1
C00652,5,51,65100.0,1,iklan,5,1
C00653,2,45,69700.0,1,organik,3,1
C00654,1,35,52400.0,1,referral,1,0
C00655,4,7,68300.0,0,referral,2,0
C00656,3,37,83700.0,1,iklan,1,1
C00657,1,44,77500.0,0,referral,2,0
C00658,4,47,107400.0,0,iklan,1,0
C00659,4,48,48300.0,1,organik,4,0
C00660,3,44,85600.0,0,organik,3,0
C00661,1,25,96800.0,0,iklan,1,0
C00662,3,22,88300.0,0,iklan,4,1
C00663,1,12,108900.0,0,iklan,4,0
C00664,2,29,90100.0,1,iklan,1,1
C00665,1,3,114500.0,0,referral,4,0
C00666,0,15,98000.0,1,iklan,3,1
C00667,3,6,89500.0,0,iklan,1,1
C00668,7,41,94400.0,1,iklan,1,0
C00669,2,25,64100.0,0,iklan,2,1
C00670,2,29,129700.0,0,organik,4,0
C00671,4,27,93700.0,0,iklan,5,0
C00672,4,37,107800.0,0,organik,4,0
C00673,3,3,106800.0,1,iklan,3,0
C00674,2,2,110200.0,0,referral,5,0
C00675,1,55,101000.0,1,organik,1,1
C00676,3,31,78800.0,0,iklan,5,0
C00677,6,44,109700.0,0,iklan,5,0
C00678,2,42,70700.0,0,iklan,1,1
C00679,5,49,76600.0,1,organik,5,0
C00680,1,24,101000.0,1,organik,2,0
C00681,2,52,108600.0,0,iklan,2,1
C00682,2,57,118500.0,1,iklan,2,0
C00683,2,46,116800.0,0,iklan,5,0
C00684,1,48,74800.0,1,referral,1,1
C00685,1,26,112700.0,1,iklan,4,0
C00686,4,42,84900.0,0,organik,3,0
C00687,2,3,49400.0,0,iklan,1,0
C00688,1,57,117800.0,0,iklan,3,1
C00689,0,55,55500.0,1,iklan,4,1
C00690,4,27,97200.0,1,organik,2,0
C00691,4,33,19400.0,1,iklan,3,1
C00692,4,5,50900.0,1,organik,2,1
C00693,2,52,72900.0,0,organik,2,0
C00694,4,31,56600.0,1,organik,2,1
C00695,0,6,50100.0,1,iklan,1,1
C00696,1,43,63200.0,1,organik,5,1
C00697,1,33,104200.0,0,iklan,4,0
C00698,2,41,118800.0,0,iklan,3,1
C00699,5,3,80600.0,0,referral,2,0
C00700,5,6,60000.0,0,referral,3,0
C00701,2,57,95700.0,0,organik,5,0
C00702,5,46,94100.0,1,iklan,5,0
C00703,6,32,92500.0,1,iklan,2,0
C00704,4,46,61000.0,1,iklan,2,0
C00705,5,21,84600.0,0,organik,1,0
C00706,2,34,110900.0,1,iklan,3,0
C00707,9,46,99200.0,0,iklan,1,0
C00708,3,3,114100.0,0,iklan,4,0
C00709,1,32,57400.0,0,iklan,1,1
C00710,0,38,87600.0,0,organik,2,1
C00711,5,20,58200.0,0,iklan,2,0
C00712,4,48,78300.0,0,organik,5,0
C00713,1,56,99800.0,1,organik,1,1
C00714,4,21,105200.0,0,organik,2,0
C00715,2,38,100400.0,0,iklan,4,0
C00716,3,40,72400.0,0,iklan,1,1
C00717,1,58,102600.0,1,organik,5,1
C00718,1,7,87800.0,1,organik,5,0
C00719,6,19,19600.0,0,iklan,5,0
C00720,3,27,71600.0,0,organik,5,0
C00721,6,41,33700.0,0,referral,2,1
C00722,2,13,71400.0,0,organik,5,0
C00723,3,43,111700.0,0,organik,3,0
C00724,3,41,53300.0,0,organik,5,0
C00725,2,48,35900.0,0,iklan,4,1
C00726,5,29,122500.0,1,iklan,2,0
C00727,7,49,33000.0,0,referral,4,0
C00728,2,23,27300.0,0,iklan,1,1
C00729,6,6,74000.0,1,organik,1,0
C00730,3,37,42200.0,1,organik,3,1
C00731,5,16,117400.0,1,organik,3,0
C00732,3,18,90100.0,0,iklan,2,1
C00733,2,19,110800.0,0,iklan,1,0
C00734,6,47,29700.0,0,organik,2,0
C00735,4,31,82500.0,0,referral,1,0
C00736,3,17,63900.0,1,organik,2,0
C00737,3,39,49100.0,1,organik,3,0
C00738,6,13,120400.0,1,iklan,5,0
C00739,0,46,79500.0,1,referral,2,1
C00740,5,55,41900.0,0,iklan,2,1
C00741,4,12,70100.0,1,organik,5,0
C00742,4,37,94100.0,0,iklan,2,1
C00743,2,59,100800.0,0,organik,1,1
C00744,4,50,55300.0,0,organik,5,1
C00745,3,10,135400.0,0,organik,5,0
C00746,2,39,78800.0,0,iklan,1,1
C00747,2,37,56300.0,1,iklan,5,0
C00748,4,11,93000.0,1,organik,5,0
C00749,3,26,87300.0,1,organik,1,0
C00750,4,34,39300.0,0,referral,4,0
C00751,9,11,58000.0,0,organik,5,0
C00752,5,7,66800.0,1,iklan,4,0
C00753,2,44,92700.0,1,iklan,1,1
C00754,4,19,56800.0,0,iklan,4,0
C00755,0,37,95100.0,0,referral,2,1
C00756,4,4,96100.0,0,organik,2,0
C00757,6,52,112600.0,1,organik,5,0
C00758,2,11,64000.0,1,iklan,1,1
C00759,5,52,67200.0,0,iklan,2,0
C00760,0,31,34400.0,1,organik,1,1
C00761,2,35,46300.0,1,organik,5,0
C00762,1,50,67000.0,1,iklan,3,1
C00763,2,16,45700.0,1,organik,2,1
C00764,2,9,74100.0,0,iklan,2,1
C00765,2,31,110700.0,0,organik,3,0
C00766,2,45,21700.0,1,iklan,2,1
C00767,2,1,122300.0,0,organik,5,0
C00768,7,45,91500.0,0,iklan,1,0
C00769,3,9,87900.0,1,iklan,3,0
C00770,2,51,67000.0,0,organik,2,1
C00771,7,46,87200.0,0,iklan,2,1
C00772,2,54,48400.0,0,organik,5,1
C00773,3,40,60300.0,1,organik,4,1
C00774,7,46,71500.0,1,iklan,2,0
C00775,6,39,64100.0,1,organik,5,0
C00776,8,11,122800.0,0,iklan,3,0
C00777,4,1,88500.0,1,referral,3,0
C00778,1,18,76500.0,0,iklan,1,0
C00779,3,16,83900.0,1,iklan,2,0
C00780,0,12,84000.0,1,organik,1,0
C00781,4,49,92800.0,1,organik,1,0
C00782,7,13,27700.0,1,organik,3,0
C00783,0,29,75400.0,0,iklan,4,1
C00784,1,28,78800.0,0,organik,3,1
C00785,6,1,96700.0,0,organik,2,0
C00786,5,55,79900.0,0,organik,1,0
C00787,3,33,60800.0,1,referral,5,0
C00788,1,3,81100.0,0,organik,2,0
C00789,5,35,89300.0,0,organik,4,0
C00790,6,56,51300.0,0,organik,1,1
C00791,3,56,62800.0,0,organik,4,1
C00792,3,11,78400.0,1,iklan,5,0
C00793,3,53,73900.0,0,referral,4,0
C00794,0,45,52000.0,1,iklan,3,0
C00795,3,23,121800.0,1,organik,3,0
C00796,2,6,80600.0,0,referral,5,0
C00797,7,41,115100.0,0,organik,4,0
C00798,2,27,53100.0,1,organik,3,0
C00799,4,40,76400.0,0,organik,4,0
C00800,1,34,87100.0,0,organik,4,0
C00801,1,21,72600.0,0,referral,1,0
C00802,2,34,36300.0,0,organik,2,0
C00803,4,51,100100.0,1,organik,2,1
C00804,6,48,59100.0,0,referral,1,0
C00805,7,17,83400.0,0,iklan,2,1
C00806,1,38,51900.0,1,iklan,3,1
C00807,4,35,90200.0,1,organik,3,0
C00808,6,13,47500.0,0,referral,2,0
C00809,6,45,49200.0,1,referral,3,0
C00810,3,32,66800.0,0,iklan,1,0
C00811,4,13,69900.0,0,iklan,5,0
C00812,5,45,111800.0,1,iklan,5,0
C00813,2,18,69700.0,0,organik,2,1
C00814,5,23,90500.0,0,iklan,2,1
C00815,4,24,66400.0,0,referral,3,0
C00816,4,20,111400.0,1,iklan,5,0
C00817,4,10,73700.0,1,iklan,5,0
C00818,0,25,97400.0,1,organik,4,1
C00819,1,22,144000.0,1,iklan,5,0
C00820,3,31,90300.0,1,iklan,1,0
C00821,4,9,79300.0,0,organik,5,0
C00822,2,11,78400.0,0,referral,2,1
C00823,4,38,98300.0,0,organik,2,0
C00824,4,59,72900.0,1,organik,1,1
C00825,0,46,110200.0,1,organik,5,0
C00826,1,56,34400.0,0,organik,5,1
C00827,5,49,66400.0,0,iklan,5,1
C00828,2,50,79900.0,0,iklan,3,0
C00829,2,48,133000.0,0,organik,4,0
C00830,3,43,74800.0,0,organik,1,1
C00831,2,7,52200.0,1,iklan,1,0
C00832,3,54,59700.0,1,iklan,5,1
C00833,2,20,84800.0,1,iklan,2,0
C00834,2,52,80600.0,1,organik,2,1
C00835,2,56,59800.0,1,organik,4,0
C00836,2,54,80000.0,0,referral,1,1
C00837,2,16,82000.0,1,referral,2,0
C00838,4,22,76300.0,1,iklan,1,1
C00839,4,24,88000.0,0,iklan,2,0
C00840,0,15,80200.0,1,organik,3,0
C00841,3,22,47100.0,1,iklan,5,0
C00842,2,28,55300.0,1,organik,3,1
C00843,7,47,93100.0,0,organik,2,0
C00844,3,7,77900.0,0,organik,4,0
C00845,3,52,114100.0,0,iklan,5,0
C00846,2,50,111100.0,0,referral,4,0
C00847,6,39,58200.0,1,iklan,3,1
C00848,1,51,111000.0,1,iklan,5,1
C00849,3,30,80000.0,0,iklan,2,0
C00850,2,44,93400.0,1,organik,1,0
C00851,2,35,46500.0,0,referral,2,0
C00852,4,19,124800.0,1,organik,5,0
C00853,4,48,108500.0,1,organik,1,0
C00854,4,11,95500.0,0,iklan,3,0
C00855,4,36,71600.0,1,organik,4,0
C00856,6,54,150600.0,0,organik,3,0
C00857,4,38,96500.0,0,iklan,4,0
C00858,9,8,33500.0,1,referral,5,0
C00859,2,6,61000.0,1,organik,2,0
C00860,1,58,53800.0,1,iklan,2,1
C00861,3,30,62300.0,0,iklan,5,0
C00862,6,51,103400.0,0,referral,2,0
C00863,4,15,72100.0,0,organik,1,0
C00864,3,13,111900.0,0,organik,3,0
C00865,1,39,103700.0,0,iklan,5,0
C00866,1,39,100000.0,0,referral,3,1
C00867,5,36,60100.0,1,iklan,4,0
C00868,2,47,47900.0,0,iklan,2,0
C00869,3,49,38400.0,1,organik,2,0
C00870,2,36,48800.0,0,referral,2,0
C00871,5,2,107600.0,0,iklan,5,0
C00872,2,12,88600.0,0,organik,5,0
C00873,4,11,76600.0,1,organik,4,0
C00874,0,30,52600.0,0,iklan,2,1
C00875,5,39,52800.0,0,organik,4,0
C00876,7,29,93700.0,1,iklan,3,1
C00877,1,40,82500.0,0,referral,4,1
C00878,6,26,99200.0,0,organik,3,0
C00879,2,41,75900.0,0,iklan,4,1
C00880,5,39,62900.0,0,iklan,3,1
C00881,4,44,75700.0,1,organik,1,1
C00882,4,41,106900.0,1,organik,1,0
C00883,5,20,104600.0,1,referral,1,0
C00884,2,27,79900.0,0,iklan,5,1
C00885,5,55,109500.0,0,referral,5,0
C00886,3,41,81900.0,0,iklan,4,1
C00887,4,50,62400.0,0,iklan,1,0
C00888,6,18,64200.0,1,organik,4,1
C00889,3,33,87900.0,0,iklan,1,0
C00890,4,17,78500.0,1,organik,4,0
C00891,5,1,80200.0,1,iklan,5,0
C00892,7,26,121000.0,1,iklan,4,0
C00893,4,47,100200.0,1,organik,5,0
C00894,3,40,74700.0,0,organik,4,1
C00895,0,14,97300.0,0,organik,2,0
C00896,4,53,60000.0,0,organik,3,1
C00897,2,20,106300.0,0,referral,4,1
C00898,5,50,91200.0,1,organik,3,0
C00899,2,42,86100.0,0,referral,2,0
C00900,4,56,95600.0,0,iklan,4,0
C00901,4,4,34100.0,1,iklan,2,0
C00902,5,21,93600.0,0,organik,3,0
C00903,1,38,80800.0,0,iklan,4,1
C00904,3,28,65700.0,1,organik,5,0
C00905,2,29,102200.0,1,iklan,4,0
C00906,5,42,104800.0,1,organik,5,0
C00907,4,11,100600.0,0,iklan,1,0
C00908,2,7,52700.0,0,referral,3,0
C00909,2,26,78500.0,0,organik,1,0
C00910,3,15,39000.0,1,iklan,5,0
C00911,2,56,31800.0,1,organik,3,1
C00912,2,24,71300.0,1,organik,3,0
C00913,6,10,105900.0,0,iklan,3,0
C00914,1,52,67700.0,1,referral,5,1
C00915,9,50,122200.0,0,iklan,3,0
C00916,2,32,108600.0,0,organik,2,0
C00917,3,24,85400.0,1,iklan,3,0
C00918,2,48,15000.0,0,iklan,2,1
C00919,5,49,74900.0,0,iklan,3,0
C00920,2,40,31300.0,0,organik,2,0
C00921,2,46,44000.0,0,organik,4,1
C00922,3,6,102700.0,0,iklan,4,0
C00923,5,12,47000.0,0,iklan,4,0
C00924,3,26,97000.0,0,organik,3,0
C00925,1,50,105600.0,0,organik,2,1
C00926,0,33,48800.0,0,organik,4,1
C00927,5,6,80000.0,0,iklan,5,0
C00928,3,10,66600.0,0,organik,1,0
C00929,4,10,50100.0,0,iklan,2,1
C00930,1,34,35700.0,0,organik,5,0
C00931,3,34,67100.0,0,referral,2,0
C00932,5,2,74600.0,0,iklan,1,0
C00933,1,11,97600.0,0,organik,3,0
C00934,1,55,74300.0,0,iklan,5,0
C00935,4,18,28400.0,1,organik,1,0
C00936,2,4,88100.0,0,referral,2,0
C00937,4,45,81500.0,0,iklan,4,0
C00938,1,48,95500.0,0,iklan,2,1
C00939,1,57,53500.0,1,organik,2,1
C00940,1,20,73000.0,1,iklan,2,1
C00941,1,35,66200.0,0,referral,3,1
C00942,1,47,40900.0,0,organik,4,1
C00943,5,55,56900.0,0,iklan,5,0
C00944,0,27,130000.0,0,organik,1,0
C00945,3,45,46000.0,0,referral,3,0
C00946,4,21,62700.0,0,iklan,4,0
C00947,1,43,83500.0,1,organik,5,0
C00948,3,46,87200.0,1,iklan,3,0
C00949,9,43,104800.0,1,iklan,3,0
C00950,4,27,58200.0,0,iklan,4,0
C00951,3,59,106300.0,1,iklan,4,1
C00952,3,28,85500.0,0,referral,2,1
C00953,2,50,97900.0,1,organik,2,1
C00954,0,19,104600.0,0,organik,1,0
C00955,2,50,60300.0,0,organik,3,1
C00956,5,46,56100.0,0,iklan,2,1
C00957,2,52,61200.0,0,iklan,1,1
C00958,3,36,103000.0,0,iklan,3,0
C00959,4,36,73500.0,1,organik,1,1
C00960,2,55,68300.0,0,iklan,5,1
C00961,4,7,58900.0,1,referral,3,0
C00962,2,9,84800.0,1,referral,5,0
C00963,3,33,82700.0,1,organik,5,0
C00964,3,45,116900.0,0,referral,1,1
C00965,5,10,47700.0,0,organik,5,0
C00966,4,41,64800.0,1,organik,1,0
C00967,2,33,95500.0,0,iklan,1,1
C00968,2,57,39500.0,0,organik,2,1
C00969,3,44,79300.0,0,organik,3,0
C00970,2,43,93700.0,0,iklan,2,1
C00971,1,27,134300.0,0,iklan,5,1
C00972,3,40,76800.0,0,organik,1,0
C00973,6,7,113800.0,0,iklan,1,0
C00974,5,58,100600.0,0,referral,1,0
C00975,1,54,70100.0,1,referral,3,1
C00976,3,11,98600.0,0,organik,3,0
C00977,6,55,113200.0,0,organik,3,0
C00978,3,1,93200.0,0,organik,4,0
C00979,2,44,60500.0,0,iklan,1,1
C00980,3,36,42600.0,1,iklan,2,0
C00981,2,57,69300.0,0,iklan,2,0
C00982,4,6,43700.0,0,organik,3,0
C00983,2,47,24600.0,1,organik,1,1
C00984,3,9,38900.0,1,iklan,2,0
C00985,4,16,118300.0,0,iklan,1,0
C00986,5,2,49200.0,0,iklan,1,0
C00987,4,34,52700.0,1,iklan,2,0
C00988,2,24,48100.0,1,organik,4,1
C00989,3,52,62300.0,0,organik,4,0
C00990,4,13,71400.0,0,organik,4,1
C00991,3,19,65800.0,1,iklan,2,0
C00992,4,20,41700.0,0,organik,2,1
C00993,3,12,87100.0,0,iklan,4,0
C00994,4,48,48900.0,0,iklan,3,1
C00995,5,50,51700.0,1,organik,2,1
C00996,7,57,111400.0,0,organik,5,1
C00997,7,59,46500.0,0,iklan,5,0
C00998,2,27,116800.0,1,organik,1,0
C00999,5,59,103000.0,0,organik,3,0
C01000,1,29,100300.0,1,organik,3,0
C01001,4,35,66800.0,1,organik,4,1
C01002,6,47,43100.0,0,iklan,1,1
C01003,1,55,109600.0,0,iklan,1,1
C01004,2,26,100400.0,1,organik,2,0
C01005,0,28,82100.0,0,organik,5,0
C01006,1,57,89800.0,0,organik,2,1
C01007,5,50,41500.0,0,iklan,3,1
C01008,7,33,61100.0,0,iklan,2,0
C01009,6,25,49900.0,1,iklan,4,1
C01010,3,50,102900.0,1,iklan,2,1
C01011,7,24,60000.0,0,referral,3,0
C01012,0,6,65000.0,0,iklan,3,0
C01013,1,32,79700.0,1,organik,2,1
C01014,5,32,108400.0,1,organik,3,0
C01015,2,11,91200.0,0,organik,4,0
C01016,3,20,72600.0,1,iklan,5,0
C01017,6,51,95100.0,0,organik,4,0
C01018,1,7,62200.0,1,iklan,5,1
C01019,3,29,68700.0,0,organik,5,1
C01020,1,28,84400.0,1,iklan,4,1
C01021,2,4,89100.0,1,iklan,2,1
C01022,5,59,103300.0,0,organik,5,0
C01023,4,32,76900.0,1,organik,5,0
C01024,6,58,66800.0,1,iklan,2,1
C01025,2,15,84700.0,0,organik,5,1
C01026,3,10,82400.0,0,organik,1,1
C01027,2,7,79400.0,0,organik,3,0
C01028,3,37,58700.0,0,iklan,4,0
C01029,1,50,108400.0,1,referral,5,1
C01030,2,58,81100.0,0,iklan,2,1
C01031,2,42,115000.0,1,iklan,2,0
C01032,4,57,98400.0,0,organik,2,1
C01033,4,9,71600.0,0,organik,2,0
C01034,3,5,56700.0,0,referral,2,0
C01035,1,50,101100.0,0,iklan,4,0
C01036,2,40,128500.0,0,iklan,4,0
C01037,0,48,65400.0,0,organik,5,1
C01038,0,38,77500.0,0,referral,3,0
C01039,2,35,79900.0,0,organik,2,1
C01040,1,48,42300.0,1,organik,3,1
C01041,2,8,61000.0,0,referral,2,0
C01042,0,42,96700.0,0,iklan,2,1
C01043,7,54,61800.0,0,referral,4,0
C01044,5,32,83700.0,1,referral,5,0
C01045,3,6,78700.0,0,organik,5,0
C01046,4,58,49000.0,0,iklan,4,1
C01047,3,11,65400.0,1,iklan,2,0
C01048,5,6,55700.0,0,referral,4,0
C01049,4,4,69800.0,0,iklan,2,1
C01050,2,40,115000.0,0,organik,2,1
C01051,4,10,81800.0,0,organik,4,0
C01052,3,20,59900.0,0,organik,1,0
C01053,5,48,110000.0,1,organik,5,0
C01054,2,27,56300.0,1,iklan,3,0
C01055,5,49,79900.0,0,iklan,3,0
C01056,1,21,81200.0,0,iklan,4,0
C01057,3,8,40400.0,0,iklan,1,0
C01058,1,24,55800.0,1,organik,3,1
C01059,3,8,84900.0,0,organik,3,0
C01060,5,59,98300.0,0,iklan,4,1
C01061,3,28,113000.0,1,iklan,5,1
C01062,4,5,83000.0,1,referral,1,0
C01063,1,33,79600.0,0,iklan,3,1
C01064,6,35,98400.0,0,organik,1,1
C01065,1,42,124700.0,0,referral,1,1
C01066,2,5,61000.0,1,organik,4,0
C01067,1,33,53100.0,1,iklan,1,1
C01068,5,14,88300.0,0,referral,4,0
C01069,4,56,114200.0,1,organik,4,1
C01070,1,17,51900.0,1,iklan,5,0
C01071,2,43,108600.0,0,organik,4,0
C01072,1,54,76600.0,0,iklan,3,1
C01073,4,10,111100.0,1,referral,3,0
C01074,1,43,71100.0,0,referral,1,1
C01075,5,19,77800.0,1,organik,2,0
C01076,3,55,76500.0,1,referral,1,1
C01077,3,24,106600.0,1,referral,1,0
C01078,5,46,97700.0,1,organik,1,0
C01079,1,30,109500.0,0,organik,4,1
C01080,3,32,90500.0,1,organik,5,0
C01081,4,18,101400.0,0,iklan,4,0
C01082,3,36,67500.0,0,iklan,5,0
C01083,3,25,94300.0,0,iklan,4,0
C01084,5,37,69500.0,0,referral,3,0
C01085,2,39,78900.0,0,organik,2,1
C01086,3,22,70400.0,1,iklan,5,0
C01087,2,43,50800.0,0,referral,3,0
C01088,5,59,61400.0,0,iklan,2,1
C01089,1,6,92700.0,0,iklan,4,0
C01090,4,42,68800.0,0,organik,2,1
C01091,4,3,100500.0,1,referral,1,1
C01092,0,13,56800.0,0,referral,3,0
C01093,1,30,93300.0,0,iklan,4,0
C01094,5,26,66400.0,0,organik,3,0
C01095,2,40,47300.0,0,organik,1,1
C01096,5,39,88300.0,0,iklan,2,0
C01097,3,10,44100.0,0,iklan,4,0
C01098,2,38,104300.0,0,iklan,5,0
C01099,2,52,107200.0,1,iklan,5,0
C01100,6,4,69300.0,1,referral,2,0
C01101,7,29,95000.0,0,organik,5,0
C01102,4,59,80500.0,0,iklan,4,1
C01103,4,42,56300.0,0,referral,4,1
C01104,3,15,116500.0,0,organik,1,0
C01105,1,58,89000.0,0,iklan,4,1
C01106,2,48,56400.0,0,organik,2,1
C01107,2,37,50400.0,0,iklan,5,0
C01108,5,41,67700.0,1,organik,4,0
C01109,1,11,129300.0,1,organik,1,1
C01110,1,32,63800.0,1,organik,1,1
C01111,6,57,35400.0,1,organik,4,1
C01112,2,44,45100.0,0,organik,3,1
C01113,2,32,67500.0,0,iklan,1,0
C01114,4,11,125300.0,0,iklan,5,0
C01115,3,19,29600.0,0,iklan,4,0
C01116,3,15,22200.0,0,iklan,5,0
C01117,5,52,33800.0,0,organik,5,0
C01118,2,6,58300.0,0,iklan,1,0
C01119,4,11,79800.0,1,organik,1,0
C01120,1,40,93300.0,1,organik,3,1
C01121,1,8,50600.0,0,referral,5,0
C01122,1,53,98900.0,0,referral,2,0
C01123,3,58,64900.0,1,referral,2,0
C01124,2,10,120800.0,0,organik,3,0
C01125,3,11,134600.0,1,iklan,5,0
C01126,5,9,87000.0,0,iklan,3,0
C01127,3,35,58300.0,0,organik,5,0
C01128,5,10,100700.0,1,iklan,1,0
C01129,3,48,61300.0,0,iklan,5,0
C01130,1,3,83700.0,0,iklan,5,0
C01131,5,24,83200.0,1,organik,4,1
C01132,4,39,86400.0,0,organik,5,0
C01133,1,2,83700.0,1,iklan,5,0
C01134,1,22,56700.0,0,iklan,1,1
C01135,4,39,114500.0,0,referral,3,0
C01136,6,54,42400.0,1,organik,4,0
C01137,2,13,97200.0,1,organik,2,0
C01138,3,57,87700.0,0,iklan,1,1
C01139,3,15,94400.0,1,iklan,3,0
C01140,4,36,49400.0,0,organik,2,0
C01141,2,15,108600.0,0,organik,1,0
C01142,5,32,83300.0,0,referral,5,0
C01143,5,54,71300.0,1,organik,1,1
C01144,4,59,93300.0,0,iklan,2,1
C01145,3,44,59500.0,0,referral,2,1
C01146,4,24,100400.0,0,referral,5,0
C01147,2,25,55000.0,0,iklan,3,1
C01148,2,51,85300.0,0,referral,1,1
C01149,7,47,108400.0,1,iklan,5,0
C01150,3,28,79900.0,1,organik,2,0
C01151,1,24,52300.0,0,iklan,1,0
C01152,0,12,88600.0,0,referral,5,0
C01153,2,14,65700.0,0,iklan,2,1
C01154,5,14,88200.0,0,referral,1,0
C01155,5,29,60100.0,0,iklan,3,0
C01156,2,46,74300.0,0,referral,3,0
C01157,1,23,82900.0,0,iklan,4,1
C01158,4,53,89800.0,0,iklan,1,1
C01159,4,27,69100.0,0,referral,5,0
C01160,3,41,104700.0,0,iklan,3,1
C01161,3,28,37400.0,0,iklan,5,0
C01162,2,17,110500.0,0,iklan,1,1
C01163,4,10,64100.0,1,organik,5,0
C01164,2,29,61200.0,0,referral,3,0
C01165,5,17,74400.0,0,iklan,3,0
C01166,3,16,21500.0,0,iklan,5,0
C01167,4,1,59700.0,1,organik,1,0
C01168,4,7,46700.0,0,organik,5,0
C01169,1,37,121700.0,1,iklan,5,0
C01170,6,12,90000.0,0,iklan,1,0
C01171,3,56,111900.0,1,iklan,4,0
C01172,7,35,66300.0,1,iklan,2,0
C01173,4,43,74200.0,0,iklan,2,1
C01174,3,4,79400.0,1,iklan,2,1
C01175,2,50,44200.0,1,iklan,4,0
C01176,5,53,89300.0,0,iklan,5,0
C01177,3,57,78200.0,0,organik,2,1
C01178,2,45,46600.0,0,organik,1,1
C01179,2,23,77900.0,1,iklan,3,0
C01180,4,23,75400.0,1,iklan,1,1
C01181,6,35,71300.0,0,iklan,3,0
C01182,2,32,88000.0,0,organik,5,0
C01183,3,56,80900.0,1,organik,2,0
C01184,2,24,86400.0,0,referral,2,0
C01185,2,9,64100.0,0,referral,3,0
C01186,3,51,76400.0,1,referral,3,1
C01187,2,20,30200.0,0,organik,2,0
C01188,3,13,111200.0,1,organik,5,0
C01189,3,49,84400.0,0,organik,4,0
C01190,1,30,54800.0,1,iklan,3,1
C01191,2,1,78200.0,1,iklan,5,0
C01192,3,41,62900.0,1,iklan,5,0
C01193,2,22,120900.0,0,organik,4,1
C01194,3,13,58100.0,0,organik,4,0
C01195,4,42,97500.0,1,referral,2,0
C01196,2,41,115900.0,1,iklan,2,1
C01197,3,6,55000.0,0,organik,1,1
C01198,5,12,74100.0,0,organik,1,0
C01199,5,37,78800.0,0,organik,2,0
C01200,7,1,80900.0,0,iklan,1,0
C01201,1,19,44100.0,0,organik,1,0
C01202,2,23,62600.0,0,iklan,3,0
C01203,2,17,70300.0,0,iklan,1,0
C01204,3,7,47500.0,1,organik,1,0
C01205,4,16,73200.0,0,referral,1,0
C01206,7,11,96100.0,0,organik,4,1
C01207,4,8,77000.0,0,iklan,1,0
C01208,2,2,52500.0,0,organik,3,1
C01209,2,32,107600.0,0,organik,5,0
C01210,7,17,90300.0,0,organik,5,0
C01211,3,3,113900.0,0,iklan,1,1
C01212,1,52,61900.0,1,organik,1,1
C01213,0,25,55600.0,0,organik,4,0
C01214,4,26,97400.0,0,organik,5,0
C01215,2,13,92100.0,0,organik,3,0
C01216,3,37,65400.0,1,iklan,3,0
C01217,3,27,83300.0,1,organik,5,0
C01218,0,36,116800.0,0,iklan,1,1
C01219,5,23,72400.0,0,organik,3,0
C01220,6,12,38400.0,0,organik,3,0
C01221,4,20,68700.0,0,iklan,4,1
C01222,3,20,56100.0,0,organik,2,0
C01223,2,23,99200.0,1,iklan,3,1
C01224,6,21,55400.0,0,iklan,5,0
C01225,3,4,65400.0,1,organik,3,0
C01226,3,3,15200.0,0,iklan,2,0
C01227,1,10,99200.0,0,iklan,2,1
C01228,3,28,78600.0,0,iklan,1,0
C01229,5,47,73800.0,0,organik,5,0
C01230,5,21,109400.0,1,organik,2,0
C01231,2,2,96400.0,0,referral,4,0
C01232,5,12,75600.0,0,referral,1,0
C01233,2,8,61200.0,0,iklan,3,0
C01234,3,35,63000.0,1,organik,1,1
C01235,1,4,112300.0,0,referral,2,1
C01236,1,14,54800.0,0,organik,5,0
C01237,2,7,88600.0,0,referral,2,0
C01238,5,38,72000.0,0,iklan,1,1
C01239,4,36,52500.0,1,iklan,1,0
C01240,3,7,47300.0,0,iklan,5,1
C01241,3,11,42500.0,0,iklan,4,0
C01242,2,6,54700.0,0,referral,2,0
C01243,3,58,96400.0,0,organik,1,0
C01244,0,28,75700.0,0,referral,1,1
C01245,2,24,111700.0,0,organik,3,0
C01246,5,45,47600.0,0,iklan,4,1
C01247,4,55,43100.0,1,iklan,5,0
C01248,3,51,86400.0,0,iklan,5,1
C01249,0,3,47100.0,0,organik,4,0
C01250,7,53,72300.0,0,iklan,4,0
C01251,2,34,95600.0,0,organik,5,0
C01252,4,38,83500.0,0,referral,2,0
C01253,2,35,103200.0,1,iklan,3,1
C01254,2,59,88900.0,1,referral,4,1
C01255,5,8,71600.0,1,organik,3,0
C01256,4,3,82500.0,0,iklan,5,0
C01257,2,7,80000.0,0,organik,1,0
C01258,5,22,71100.0,0,iklan,2,0
C01259,5,32,64700.0,1,organik,3,0
C01260,3,33,76500.0,0,referral,5,0
C01261,1,52,81500.0,1,iklan,1,1
C01262,5,39,94300.0,0,organik,1,0
C01263,3,21,44900.0,0,referral,3,0
C01264,8,55,64400.0,0,referral,2,0
C01265,7,11,132100.0,0,iklan,2,0
C01266,5,6,71800.0,0,referral,2,0
C01267,5,16,77200.0,0,iklan,3,0
C01268,5,9,43500.0,0,iklan,1,0
C01269,2,2,125000.0,0,organik,2,0
C01270,6,50,87100.0,0,iklan,3,0
C01271,5,12,125700.0,0,iklan,4,0
C01272,2,50,80300.0,1,organik,2,1
C01273,3,55,95400.0,1,iklan,5,1
C01274,6,47,51800.0,1,iklan,2,1
C01275,4,27,115600.0,0,iklan,2,0
C01276,3,1,72700.0,0,organik,4,0
C01277,3,6,102700.0,0,referral,4,1
C01278,4,5,59800.0,0,iklan,1,0
C01279,4,25,76100.0,0,organik,5,0
C01280,6,38,73600.0,0,referral,1,0
C01281,1,34,73100.0,1,iklan,1,0
C01282,3,32,93600.0,1,iklan,3,1
C01283,2,40,47400.0,1,organik,3,0
C01284,3,18,48400.0,0,organik,1,0
C01285,4,25,43900.0,1,iklan,5,0
C01286,2,38,93900.0,0,referral,2,1
C01287,6,17,92200.0,0,organik,2,0
C01288,2,3,56200.0,1,organik,4,0
C01289,1,48,80600.0,0,organik,3,1
C01290,5,52,120100.0,0,organik,1,1
C01291,3,1,71200.0,1,organik,3,0
C01292,4,44,73700.0,0,referral,5,0
C01293,3,50,52000.0,0,iklan,5,0
C01294,3,54,43700.0,0,organik,3,1
C01295,4,57,62600.0,1,iklan,3,1
C01296,4,31,87600.0,1,iklan,3,0
C01297,3,36,30600.0,0,referral,4,0
C01298,4,27,53600.0,1,organik,5,0
C01299,4,46,106100.0,0,referral,3,1
C01300,2,12,58800.0,0,organik,2,0
C01301,5,8,72600.0,0,organik,5,0
C01302,3,6,79700.0,1,referral,5,0
C01303,0,3,57700.0,0,iklan,5,0
C01304,2,59,54600.0,0,referral,4,1
C01305,3,56,86900.0,1,iklan,3,1
C01306,3,16,64100.0,0,iklan,2,0
C01307,5,51,74900.0,0,iklan,1,1
C01308,3,39,109700.0,1,iklan,1,1
C01309,1,6,104400.0,0,organik,3,0
C01310,5,42,88100.0,0,iklan,3,0
C01311,2,45,15800.0,0,iklan,4,0
C01312,6,18,86500.0,0,referral,3,0
C01313,2,42,66300.0,1,iklan,1,1
C01314,2,45,53700.0,0,organik,3,1
C01315,2,30,52000.0,0,iklan,2,1
C01316,7,40,54200.0,0,referral,2,0
C01317,3,47,90500.0,0,organik,5,0
C01318,0,25,67900.0,1,iklan,3,0
C01319,1,8,92800.0,1,referral,1,0
C01320,4,18,42300.0,0,organik,1,0
C01321,2,25,105200.0,0,iklan,2,1
C01322,3,9,60800.0,0,organik,2,0
C01323,4,55,106000.0,1,iklan,5,0
C01324,6,29,111500.0,0,iklan,4,1
C01325,4,53,87300.0,1,referral,4,1
C01326,7,50,91100.0,0,organik,5,0
C01327,3,16,94600.0,1,iklan,1,0
C01328,2,25,104500.0,1,organik,3,1
C01329,4,56,73700.0,1,iklan,4,0
C01330,3,57,56100.0,1,referral,1,0
C01331,1,40,64300.0,0,iklan,4,1
C01332,1,48,111800.0,0,referral,1,1
C01333,3,23,102600.0,0,organik,4,0
C01334,4,56,44000.0,1,organik,5,0
C01335,2,27,73500.0,0,iklan,4,1
C01336,5,23,93300.0,1,iklan,2,0
C01337,3,57,92000.0,1,iklan,5,1
C01338,4,11,29300.0,1,organik,4,0
C01339,2,40,59600.0,0,organik,4,0
C01340,3,15,28100.0,0,organik,4,1
C01341,2,5,101100.0,0,referral,5,0
C01342,4,41,75300.0,1,organik,1,1
C01343,0,9,51000.0,0,iklan,4,1
C01344,2,53,75000.0,0,iklan,4,1
C01345,5,6,77300.0,0,organik,1,0
C01346,0,34,100800.0,1,iklan,3,1
C01347,2,39,81700.0,1,iklan,4,0
C01348,1,33,78200.0,0,organik,3,0
C01349,2,53,72800.0,0,iklan,3,1
C01350,2,50,113900.0,0,organik,2,0
C01351,7,30,31100.0,0,iklan,4,0
C01352,5,30,109300.0,0,iklan,1,0
C01353,5,45,31100.0,0,organik,2,0
C01354,1,27,101700.0,0,organik,4,0
C01355,4,23,85100.0,0,iklan,3,0
C01356,7,12,58100.0,0,referral,5,0
C01357,2,20,57000.0,0,iklan,2,0
C01358,6,55,43800.0,0,iklan,1,0
C01359,2,12,44900.0,0,organik,5,0
C01360,2,19,102800.0,1,organik,3,0
C01361,8,6,61500.0,0,organik,4,0
C01362,4,50,103900.0,0,iklan,5,0
C01363,4,1,83400.0,0,organik,3,0
C01364,4,44,87900.0,1,iklan,3,1
C01365,2,31,15000.0,0,organik,4,0
C01366,4,55,32800.0,1,organik,3,1
C01367,5,20,91300.0,0,organik,5,0
C01368,3,35,89000.0,0,organik,5,1
C01369,1,54,93500.0,0,organik,3,1
C01370,5,55,33000.0,0,iklan,3,1
C01371,3,50,49600.0,1,organik,5,1
C01372,0,8,38500.0,1,referral,5,0
C01373,4,50,44600.0,0,organik,5,0
C01374,1,59,62700.0,1,iklan,3,1
C01375,6,18,112900.0,1,organik,5,0
C01376,5,56,102000.0,1,iklan,1,0
C01377,4,10,99100.0,0,iklan,1,0
C01378,1,20,83800.0,1,iklan,5,1
C01379,2,45,44100.0,1,organik,5,0
C01380,3,14,94700.0,0,organik,1,1
C01381,3,45,102000.0,1,iklan,3,0
C01382,3,25,79400.0,0,iklan,1,1
C01383,4,12,87100.0,0,referral,2,0
C01384,4,9,62200.0,0,organik,1,0
C01385,3,4,105400.0,0,organik,5,0
C01386,2,1,86100.0,1,organik,2,0
C01387,1,19,81000.0,0,iklan,4,1
C01388,3,52,142300.0,0,organik,1,0
C01389,3,34,78500.0,0,organik,4,0
C01390,2,17,76900.0,0,organik,4,0
C01391,5,4,116200.0,0,referral,4,0
C01392,2,53,99200.0,1,organik,2,1
C01393,2,6,81800.0,0,organik,3,0
C01394,0,57,118000.0,0,organik,3,1
C01395,7,9,99400.0,0,organik,3,0
C01396,2,38,87700.0,0,referral,1,1
C01397,6,25,93800.0,0,organik,4,0
C01398,1,36,86600.0,0,iklan,1,1
C01399,4,12,56000.0,0,organik,5,0
C01400,8,1,102000.0,1,organik,3,0
C01401,1,37,49400.0,0,iklan,2,1
C01402,3,54,47600.0,1,organik,2,1
C01403,3,56,95700.0,0,organik,3,0
C01404,3,18,76600.0,1,iklan,5,0
C01405,4,27,23800.0,0,organik,4,1
C01406,3,22,95400.0,0,iklan,5,1
C01407,5,51,80300.0,0,organik,3,0
C01408,2,42,58800.0,1,organik,5,1
C01409,2,47,65600.0,0,referral,3,1
C01410,1,48,84400.0,1,referral,3,1
C01411,3,26,85600.0,1,iklan,1,0
C01412,5,5,73600.0,0,organik,1,0
C01413,3,2,63500.0,0,organik,1,0
C01414,2,9,72600.0,1,iklan,1,1
C01415,6,23,94900.0,0,organik,2,0
C01416,5,19,159100.0,1,iklan,5,1
C01417,5,53,77400.0,0,iklan,3,1
C01418,4,50,58700.0,0,organik,3,0
C01419,3,16,56100.0,0,organik,3,1
C01420,2,58,69500.0,0,iklan,3,1
C01421,3,4,89600.0,0,referral,5,0
C01422,3,40,73700.0,1,iklan,1,1
C01423,3,14,60200.0,0,organik,1,1
C01424,3,6,87300.0,0,referral,5,0
C01425,3,59,87200.0,0,organik,3,0
C01426,2,46,100200.0,0,referral,2,1
C01427,3,1,82100.0,0,organik,2,0
C01428,2,13,50700.0,0,organik,4,0
C01429,2,17,106300.0,1,organik,1,0
C01430,2,38,133400.0,0,iklan,1,1
C01431,2,24,65600.0,0,organik,1,0
C01432,3,8,84300.0,1,organik,3,0
C01433,7,13,48200.0,0,iklan,2,0
C01434,1,27,108700.0,1,referral,1,0
C01435,3,35,76300.0,0,iklan,2,1
C01436,2,7,82100.0,0,referral,2,0
C01437,1,32,61900.0,1,iklan,2,1
C01438,7,55,85700.0,0,organik,2,0
C01439,2,34,110700.0,0,iklan,5,0
C01440,6,13,85000.0,0,organik,5,0
C01441,4,31,64100.0,1,organik,3,0
C01442,3,8,23000.0,0,referral,3,0
C01443,1,53,77300.0,1,iklan,2,1
C01444,2,3,51000.0,0,organik,5,0
C01445,2,26,42700.0,0,organik,1,0
C01446,2,55,52000.0,0,iklan,4,0
C01447,4,1,74000.0,0,organik,3,0
C01448,1,6,74700.0,0,iklan,4,0
C01449,3,26,79400.0,0,organik,1,0
C01450,3,52,47700.0,0,iklan,4,1
C01451,6,45,28900.0,0,organik,3,1
C01452,6,13,32100.0,1,iklan,5,0
C01453,5,40,66900.0,1,iklan,2,0
C01454,3,24,76900.0,0,organik,3,0
C01455,2,33,15000.0,0,iklan,3,1
C01456,9,27,51900.0,0,iklan,3,0
C01457,2,38,82500.0,1,organik,3,0
C01458,4,57,148600.0,1,organik,5,0
C01459,4,55,64500.0,0,organik,5,0
C01460,0,34,32600.0,1,iklan,4,1
C01461,5,51,65300.0,0,iklan,4,0
C01462,6,58,80100.0,0,organik,5,0
C01463,4,36,70900.0,1,organik,5,0
C01464,2,22,122900.0,1,organik,5,0
C01465,6,21,105100.0,1,iklan,2,0
C01466,3,17,95800.0,0,iklan,3,0
C01467,3,40,84200.0,0,organik,4,1
C01468,2,48,76800.0,0,iklan,2,0
C01469,2,50,82700.0,0,iklan,4,1
C01470,4,39,68600.0,0,organik,5,1
C01471,4,16,39000.0,0,iklan,1,1
C01472,2,22,67400.0,1,iklan,2,0
C01473,6,57,86300.0,0,organik,2,1
C01474,1,26,90300.0,0,organik,1,1
C01475,6,23,138300.0,1,referral,4,0
C01476,1,7,66100.0,1,referral,5,0
C01477,2,17,91100.0,1,iklan,4,0
C01478,6,30,82100.0,0,referral,2,0
C01479,6,20,15000.0,0,organik,5,0
C01480,5,42,77300.0,0,iklan,1,0
C01481,2,17,83300.0,0,iklan,4,0
C01482,5,55,72400.0,1,organik,4,0
C01483,2,46,87400.0,1,iklan,4,1
C01484,4,38,100200.0,1,iklan,3,0
C01485,1,45,82100.0,1,iklan,2,0
C01486,2,23,74100.0,0,iklan,5,0
C01487,3,9,74500.0,0,organik,3,0
C01488,6,10,67000.0,1,iklan,2,0
C01489,4,20,104900.0,0,organik,4,0
C01490,2,55,101800.0,0,iklan,5,1
C01491,3,20,92500.0,1,iklan,1,0
C01492,2,48,83700.0,0,referral,3,0
C01493,1,2,126600.0,0,iklan,1,0
C01494,1,31,73000.0,0,iklan,4,0
C01495,1,37,50900.0,0,referral,3,1
C01496,2,43,83700.0,0,iklan,3,1
C01497,1,53,89700.0,1,organik,5,1
C01498,7,43,81100.0,0,organik,4,1
C01499,5,17,69500.0,0,organik,4,0
C01500,3,57,73200.0,1,iklan,4,1
C01501,7,11,104100.0,1,organik,4,0
C01502,2,24,41800.0,0,organik,3,1
C01503,1,17,41800.0,1,iklan,3,0
C01504,5,18,78500.0,0,iklan,2,0
C01505,5,1,90800.0,0,iklan,4,0
C01506,0,7,79800.0,1,referral,5,0
C01507,2,37,98400.0,1,referral,2,0
C01508,2,29,76700.0,0,organik,4,0
C01509,2,46,47200.0,0,organik,2,1
C01510,1,25,49800.0,0,organik,3,1
C01511,1,27,39400.0,0,referral,1,1
C01512,2,24,92500.0,0,referral,1,1
C01513,3,14,67000.0,0,iklan,5,0
C01514,6,32,98900.0,1,organik,2,0
C01515,4,19,74100.0,0,iklan,5,0
C01516,3,2,111100.0,1,iklan,3,0
C01517,5,53,85900.0,0,organik,3,1
C01518,5,35,87000.0,0,organik,3,1
C01519,4,26,68700.0,0,iklan,3,1
C01520,5,33,91400.0,0,iklan,4,1
C01521,2,51,95500.0,0,organik,2,0
C01522,6,32,79500.0,0,referral,5,0
C01523,3,9,74000.0,1,referral,2,0
C01524,2,25,71100.0,0,organik,5,0
C01525,1,56,70500.0,0,organik,5,1
C01526,3,59,96900.0,0,organik,2,1
C01527,5,41,66300.0,0,iklan,2,0
C01528,4,8,62800.0,0,organik,2,0
C01529,4,2,128100.0,0,iklan,1,0
C01530,5,5,68600.0,1,referral,2,0
C01531,1,53,106000.0,0,organik,5,0
C01532,6,17,75000.0,0,organik,1,0
C01533,6,30,56600.0,1,organik,3,0
C01534,3,39,98900.0,0,iklan,2,0
C01535,4,9,48600.0,1,organik,4,0
C01536,1,35,62700.0,1,organik,3,1
C01537,5,39,54700.0,1,organik,5,0
C01538,3,26,81900.0,0,iklan,3,0
C01539,6,43,105500.0,1,iklan,1,0
C01540,2,1,89100.0,0,organik,5,0
C01541,3,38,53600.0,0,organik,5,0
C01542,4,8,47700.0,0,referral,3,0
C01543,2,3,81800.0,0,iklan,1,0
C01544,2,25,41200.0,0,iklan,1,1
C01545,6,52,71200.0,0,organik,4,0
C01546,1,15,69700.0,1,iklan,2,0
C01547,3,25,80700.0,1,organik,3,0
C01548,3,12,107800.0,0,iklan,4,1
C01549,1,56,110700.0,0,organik,2,1
C01550,1,18,58900.0,0,iklan,5,0
C01551,3,49,57300.0,0,iklan,2,1
C01552,3,2,87200.0,0,iklan,3,1
C01553,0,52,82200.0,0,iklan,3,1
C01554,4,47,80500.0,1,referral,1,1
C01555,5,23,67300.0,1,iklan,3,0
C01556,3,43,72400.0,1,iklan,3,1
C01557,3,24,101900.0,0,iklan,1,0
C01558,2,2,103200.0,1,organik,4,0
C01559,1,24,89300.0,1,organik,5,0
C01560,2,22,68600.0,1,iklan,4,0
C01561,3,59,96400.0,1,iklan,5,1
C01562,4,56,99000.0,0,organik,1,0
C01563,2,35,88200.0,0,organik,2,1
C01564,2,3,84800.0,1,iklan,2,0
C01565,3,20,111900.0,0,organik,5,0
C01566,4,57,79000.0,0,organik,4,0
C01567,0,38,78700.0,0,organik,3,1
C01568,2,1,52500.0,0,organik,4,0
C01569,5,46,82500.0,1,referral,5,0
C01570,5,31,61400.0,0,organik,1,1
C01571,6,16,91500.0,0,iklan,1,0
C01572,4,28,75000.0,1,organik,2,0
C01573,5,16,60200.0,0,iklan,4,0
C01574,6,24,70200.0,1,referral,1,0
C01575,0,50,100300.0,1,iklan,5,1
C01576,4,39,124800.0,1,referral,3,0
C01577,4,53,60500.0,1,organik,4,1
C01578,5,26,48400.0,0,organik,5,1
C01579,6,21,62100.0,1,organik,3,0
C01580,4,54,66200.0,0,organik,2,1
C01581,3,43,100700.0,1,iklan,5,1
C01582,1,59,47900.0,1,organik,2,1
C01583,1,48,83800.0,1,iklan,5,1
C01584,2,39,84200.0,0,organik,5,0
C01585,4,2,98800.0,0,iklan,2,0
C01586,2,7,77900.0,1,iklan,5,0
C01587,6,54,103700.0,1,iklan,1,0
C01588,4,33,51000.0,1,iklan,4,0
C01589,2,14,92300.0,1,organik,5,0
C01590,4,28,92600.0,0,organik,2,1
C01591,2,57,76800.0,0,organik,1,0
C01592,3,34,105300.0,0,organik,4,0
C01593,3,8,79700.0,1,iklan,3,0
C01594,6,40,52100.0,0,organik,3,0
C01595,8,52,86400.0,0,organik,3,0
C01596,3,53,48300.0,0,iklan,3,1
C01597,4,27,54200.0,1,iklan,4,0
C01598,3,3,43200.0,0,organik,5,0
C01599,4,3,26400.0,0,iklan,3,0
C01600,3,25,35900.0,0,referral,4,0
C01601,5,35,127700.0,0,iklan,3,0
C01602,5,1,73000.0,1,referral,1,0
C01603,4,48,121000.0,1,referral,2,1
C01604,3,53,101900.0,0,organik,4,1
C01605,3,55,63900.0,0,referral,5,1
C01606,6,31,43400.0,0,organik,2,0
C01607,3,22,89000.0,0,iklan,5,0
C01608,5,48,58800.0,1,referral,4,0
C01609,1,4,74800.0,0,iklan,4,0
C01610,7,19,89700.0,0,organik,1,0
C01611,3,32,62400.0,0,referral,4,0
C01612,5,46,96300.0,0,organik,4,0
C01613,3,41,49400.0,0,organik,4,0
C01614,4,10,100200.0,0,organik,2,0
C01615,3,9,103400.0,1,iklan,2,0
C01616,2,36,123300.0,0,iklan,4,1
C01617,6,48,118300.0,0,referral,2,0
C01618,2,11,53100.0,1,referral,1,0
C01619,2,50,43500.0,0,organik,4,0
C01620,5,35,66900.0,1,referral,4,0
C01621,6,45,53400.0,0,organik,1,0
C01622,2,41,58400.0,0,iklan,2,1
C01623,3,57,87700.0,0,iklan,2,1
C01624,4,28,97900.0,1,organik,4,0
C01625,2,36,64300.0,0,organik,3,1
C01626,5,2,74600.0,0,referral,4,0
C01627,3,33,71900.0,1,iklan,2,0
C01628,1,56,52500.0,0,organik,1,1
C01629,3,39,95200.0,1,organik,5,1
C01630,3,43,81800.0,0,iklan,1,1
C01631,2,38,89600.0,1,iklan,3,1
C01632,5,26,115100.0,1,referral,3,0
C01633,6,39,100500.0,0,organik,3,0
C01634,3,45,87000.0,0,organik,1,1
C01635,1,57,87200.0,1,organik,2,1
C01636,1,29,53100.0,0,organik,3,0
C01637,4,40,60100.0,0,organik,5,0
C01638,5,52,93100.0,0,organik,3,0
C01639,8,32,50300.0,1,organik,3,0
C01640,1,7,67000.0,0,organik,5,0
C01641,3,49,72000.0,0,organik,5,0
C01642,3,35,78900.0,0,referral,4,0
C01643,5,30,95500.0,1,iklan,3,0
C01644,3,9,88600.0,0,organik,1,0
C01645,3,32,53100.0,0,organik,4,1
C01646,2,20,82600.0,1,organik,4,0
C01647,6,42,89300.0,0,iklan,3,1
C01648,2,25,66200.0,0,organik,1,1
C01649,6,21,49100.0,0,iklan,5,0
C01650,2,13,76500.0,1,referral,1,1
C01651,1,3,128500.0,0,iklan,2,0
C01652,5,5,63500.0,0,iklan,5,0
C01653,1,22,71900.0,0,organik,3,0
C01654,4,48,75600.0,1,iklan,4,1
C01655,4,46,53100.0,1,iklan,3,0
C01656,3,5,64000.0,1,organik,4,0
C01657,5,45,73400.0,1,organik,5,1
C01658,6,43,62400.0,1,organik,2,1
C01659,1,5,60500.0,0,iklan,3,0
C01660,2,24,76200.0,0,referral,2,0
C01661,5,4,88900.0,1,organik,5,0
C01662,2,47,134400.0,0,referral,1,1
C01663,3,29,59900.0,1,iklan,4,1
C01664,5,25,91700.0,0,iklan,1,0
C01665,1,20,39700.0,0,iklan,1,0
C01666,4,20,51100.0,0,referral,2,0
C01667,3,11,65100.0,0,iklan,2,1
C01668,3,9,24400.0,0,iklan,1,0
C01669,4,52,100000.0,0,organik,2,1
C01670,5,49,55600.0,1,iklan,1,1
C01671,2,30,104900.0,1,organik,1,0
C01672,1,14,74000.0,1,organik,5,0
C01673,3,52,79200.0,0,iklan,2,1
C01674,6,49,92800.0,1,organik,1,0
C01675,3,21,66900.0,0,iklan,2,1
C01676,5,49,70600.0,1,organik,2,1
C01677,1,21,81900.0,1,organik,2,0
C01678,3,49,92900.0,1,iklan,5,0
C01679,3,39,92200.0,1,iklan,4,0
C01680,1,21,117900.0,0,iklan,5,0
C01681,5,23,115100.0,0,iklan,2,1
C01682,5,34,104900.0,1,iklan,1,0
C01683,2,6,66500.0,1,organik,1,0
C01684,1,3,103300.0,0,organik,2,0
C01685,3,54,87600.0,0,organik,2,0
C01686,6,21,111300.0,1,organik,2,0
C01687,2,6,74900.0,0,iklan,2,0
C01688,5,43,78400.0,1,organik,4,1
C01689,3,39,83700.0,0,organik,4,1
C01690,4,50,96300.0,0,organik,5,0
C01691,3,59,55000.0,0,iklan,4,0
C01692,4,15,61400.0,0,organik,4,0
C01693,3,22,53300.0,1,iklan,5,1
C01694,2,46,91900.0,1,iklan,2,1
C01695,4,21,88000.0,0,organik,5,1
C01696,2,32,46800.0,0,iklan,5,1
C01697,3,26,89800.0,1,organik,4,1
C01698,5,20,70900.0,0,organik,3,0
C01699,2,15,89900.0,0,organik,4,0
C01700,0,55,120900.0,1,referral,4,1
C01701,2,46,85600.0,0,iklan,4,1
C01702,6,38,88800.0,1,iklan,3,1
C01703,3,34,43300.0,0,iklan,3,0
C01704,0,59,73200.0,1,iklan,4,1
C01705,3,15,71700.0,1,iklan,5,0
C01706,2,9,110900.0,0,organik,4,1
C01707,7,4,81900.0,0,organik,5,0
C01708,1,30,54300.0,0,organik,5,0
C01709,2,20,104800.0,0,iklan,5,0
C01710,6,30,98800.0,0,referral,1,0
C01711,4,24,77800.0,1,iklan,1,0
C01712,3,30,92900.0,0,iklan,4,0
C01713,0,34,105800.0,1,referral,5,1
C01714,7,6,35700.0,1,iklan,5,0
C01715,5,13,45500.0,0,iklan,4,0
C01716,4,9,68500.0,0,iklan,4,0
C01717,1,55,61900.0,0,iklan,2,1
C01718,1,50,42800.0,1,iklan,1,1
C01719,2,4,67400.0,0,organik,1,0
C01720,4,42,79300.0,0,iklan,5,0
C01721,3,39,69000.0,0,organik,4,0
C01722,5,17,60700.0,0,organik,3,1
C01723,1,55,76500.0,1,organik,3,1
C01724,3,47,106400.0,1,iklan,3,1
C01725,4,56,61200.0,0,organik,4,0
C01726,1,20,83200.0,0,organik,5,0
C01727,1,56,30700.0,0,referral,1,1
C01728,3,11,26700.0,1,iklan,4,1
C01729,9,50,113900.0,0,organik,3,0
C01730,3,28,68600.0,1,organik,1,1
C01731,3,12,65300.0,1,iklan,3,0
C01732,2,18,78200.0,0,iklan,1,0
C01733,1,19,109000.0,0,iklan,1,1
C01734,1,6,56100.0,0,iklan,3,1
C01735,4,29,69500.0,1,referral,5,0
C01736,4,21,51200.0,0,iklan,3,0
C01737,5,11,82600.0,0,referral,1,0
C01738,0,56,95700.0,0,organik,3,1
C01739,4,29,107600.0,0,organik,5,0
C01740,3,20,112000.0,0,iklan,2,0
C01741,3,44,116000.0,1,referral,3,1
C01742,3,26,98500.0,1,iklan,3,0
C01743,4,35,67300.0,0,organik,5,0
C01744,3,28,84100.0,0,referral,3,1
C01745,3,26,56000.0,0,organik,2,1
C01746,3,56,71800.0,1,organik,1,1
C01747,6,36,62200.0,0,iklan,2,0
C01748,4,34,40000.0,0,iklan,1,0
C01749,1,59,103900.0,0,referral,4,0
C01750,3,22,54700.0,0,organik,2,1
C01751,2,39,76500.0,0,referral,4,0
C01752,0,30,79900.0,1,iklan,5,0
C01753,4,56,52100.0,0,referral,2,0
C01754,2,9,114500.0,0,iklan,5,0
C01755,2,44,44400.0,0,organik,5,0
C01756,3,24,100000.0,0,organik,3,0
C01757,6,1,68000.0,1,organik,1,0
C01758,2,49,82100.0,0,iklan,1,0
C01759,2,31,79700.0,1,organik,1,1
C01760,1,53,78700.0,0,organik,2,0
C01761,2,1,83400.0,1,organik,2,0
C01762,1,23,92400.0,1,iklan,4,0
C01763,3,10,57400.0,0,iklan,3,0
C01764,1,13,113500.0,1,iklan,5,1
C01765,6,46,110700.0,1,iklan,3,0
C01766,4,36,83100.0,0,organik,5,0
C01767,2,22,93200.0,0,organik,5,0
C01768,2,31,75500.0,1,organik,4,0
C01769,3,39,85600.0,1,referral,5,0
C01770,2,12,51000.0,0,referral,3,0
C01771,2,14,62500.0,1,organik,5,0
C01772,4,23,82200.0,0,organik,2,0
C01773,6,33,77700.0,1,organik,1,0
C01774,4,48,73900.0,0,referral,3,0
C01775,3,59,61400.0,1,organik,4,0
C01776,5,32,88900.0,0,organik,2,0
C01777,1,2,126200.0,0,referral,3,0
C01778,6,25,110400.0,1,organik,4,0
C01779,5,7,28200.0,1,organik,5,0
C01780,5,31,75200.0,0,organik,3,0
C01781,3,8,65800.0,0,organik,1,0
C01782,0,28,70400.0,0,iklan,4,1
C01783,3,51,54200.0,1,iklan,1,1
C01784,0,4,36200.0,1,organik,3,0
C01785,1,12,66300.0,0,organik,2,1
C01786,6,58,87000.0,1,organik,5,1
C01787,1,59,44500.0,0,organik,2,1
C01788,3,34,77400.0,0,organik,4,0
C01789,2,32,67800.0,0,organik,2,1
C01790,2,14,68400.0,0,iklan,4,0
C01791,5,26,61300.0,0,organik,3,0
C01792,3,46,31300.0,0,referral,2,0
C01793,2,16,93900.0,0,referral,3,0
C01794,0,19,39200.0,1,iklan,3,1
C01795,1,43,33500.0,1,iklan,2,1
C01796,2,14,56400.0,1,referral,2,0
C01797,5,57,80200.0,1,iklan,5,1
C01798,4,6,77800.0,1,organik,2,1
C01799,2,32,142500.0,0,iklan,2,1
C01800,1,7,103100.0,0,organik,4,0
C01801,3,5,65100.0,0,iklan,4,0
C01802,1,43,100400.0,0,organik,2,1
C01803,4,39,100400.0,1,organik,1,1
C01804,1,5,84400.0,0,organik,1,0
C01805,1,37,64300.0,0,referral,5,0
C01806,0,52,88800.0,1,organik,5,1
C01807,4,45,101400.0,0,iklan,5,0
C01808,3,24,80800.0,1,organik,4,0
C01809,6,47,56300.0,1,organik,4,0
C01810,2,31,86900.0,0,iklan,2,1
C01811,3,56,105100.0,0,organik,1,1
C01812,0,11,37400.0,0,iklan,2,0
C01813,0,12,81700.0,0,referral,2,0
C01814,1,32,53500.0,1,iklan,5,1
C01815,6,23,89700.0,0,organik,1,0
C01816,4,29,133200.0,0,referral,5,0
C01817,3,28,85300.0,0,iklan,2,1
C01818,4,6,78500.0,0,organik,1,1
C01819,3,30,71500.0,0,organik,3,0
C01820,0,37,60300.0,0,organik,2,1
C01821,4,56,112400.0,0,referral,4,1
C01822,3,44,76000.0,1,organik,4,1
C01823,2,16,45400.0,1,organik,4,1
C01824,5,30,68800.0,0,iklan,3,0
C01825,5,23,114300.0,1,organik,4,0
C01826,4,17,67700.0,0,referral,1,0
C01827,4,40,63300.0,0,organik,1,0
C01828,2,54,77200.0,1,organik,4,1
C01829,2,44,38500.0,1,organik,2,1
C01830,2,8,72700.0,0,iklan,1,0
C01831,2,23,40200.0,0,referral,4,0
C01832,3,11,56000.0,0,organik,5,1
C01833,1,40,77400.0,0,organik,1,0
C01834,3,12,78600.0,1,organik,1,0
C01835,4,45,74000.0,1,referral,5,0
C01836,6,15,102300.0,1,iklan,4,0
C01837,4,49,102000.0,1,referral,4,0
C01838,6,13,36900.0,0,organik,4,0
C01839,1,21,88800.0,1,iklan,2,1
C01840,5,36,60100.0,0,organik,1,0
C01841,5,57,53300.0,0,iklan,2,1
C01842,3,17,58900.0,0,organik,5,0
C01843,4,15,91700.0,0,iklan,4,0
C01844,2,6,79900.0,0,organik,1,0
C01845,3,36,64000.0,0,organik,3,0
C01846,3,47,61300.0,0,organik,1,1
C01847,3,51,96400.0,0,iklan,1,1
C01848,3,24,96900.0,0,organik,4,0
C01849,1,16,128900.0,0,organik,4,0
C01850,4,54,55200.0,0,referral,4,0
C01851,1,47,83500.0,1,organik,1,1
C01852,5,14,61700.0,0,organik,1,0
C01853,6,51,57700.0,0,organik,4,0
C01854,4,40,79200.0,0,iklan,2,1
C01855,5,7,48700.0,0,iklan,3,0
C01856,5,10,64800.0,0,organik,2,0
C01857,3,44,93700.0,0,organik,2,1
C01858,2,17,56700.0,0,organik,2,0
C01859,6,32,89200.0,0,iklan,5,0
C01860,1,12,75500.0,0,referral,2,0
C01861,6,39,96700.0,1,iklan,4,0
C01862,1,21,39300.0,1,iklan,4,1
C01863,2,31,116500.0,1,organik,3,0
C01864,0,46,66700.0,1,iklan,3,1
C01865,4,19,92900.0,0,iklan,5,0
C01866,3,53,109100.0,0,iklan,4,0
C01867,4,52,115900.0,1,organik,5,0
C01868,2,59,15000.0,1,iklan,3,1
C01869,5,33,75300.0,0,organik,4,0
C01870,2,10,87100.0,0,organik,4,0
C01871,4,13,66900.0,0,organik,3,0
C01872,1,9,87800.0,0,iklan,5,0
C01873,5,40,111100.0,0,organik,2,0
C01874,3,44,91800.0,1,iklan,3,0
C01875,1,22,89700.0,0,referral,4,0
C01876,4,32,94800.0,0,iklan,2,1
C01877,3,42,18700.0,0,referral,1,0
C01878,6,37,110900.0,0,iklan,4,0
C01879,3,13,115100.0,0,organik,3,0
C01880,4,11,81700.0,0,iklan,1,0
C01881,1,33,81000.0,0,organik,1,0
C01882,5,48,39700.0,1,organik,1,1
C01883,3,36,66400.0,1,iklan,5,0
C01884,3,46,102300.0,0,iklan,4,1
C01885,2,35,97400.0,0,iklan,3,0
C01886,6,45,53300.0,0,organik,3,0
C01887,4,18,79800.0,0,iklan,1,0
C01888,6,3,82000.0,0,referral,1,0
C01889,2,21,48500.0,1,iklan,4,0
C01890,3,46,127900.0,1,iklan,2,1
C01891,1,45,80400.0,1,organik,1,1
C01892,2,25,103100.0,0,organik,5,0
C01893,8,13,93500.0,0,iklan,5,0
C01894,4,55,96700.0,0,iklan,2,0
C01895,2,16,77100.0,0,iklan,3,1
C01896,2,15,36000.0,0,organik,2,1
C01897,4,46,99600.0,0,organik,5,0
C01898,2,31,101000.0,0,organik,4,0
C01899,3,3,62600.0,0,organik,4,0
C01900,2,46,70300.0,1,iklan,3,1
C01901,1,51,37000.0,0,iklan,5,1
C01902,4,58,82600.0,0,organik,2,1
C01903,3,23,42200.0,1,iklan,3,1
C01904,1,44,121600.0,1,iklan,2,1
C01905,4,9,84100.0,0,organik,2,0
C01906,5,51,89200.0,1,iklan,4,0
C01907,2,18,110900.0,1,organik,1,0
C01908,2,21,107400.0,0,iklan,5,0
C01909,4,32,72500.0,0,organik,4,0
C01910,4,43,93300.0,1,organik,2,1
C01911,2,12,30300.0,1,referral,5,0
C01912,6,47,114700.0,0,iklan,2,0
C01913,1,8,54200.0,0,referral,4,0
C01914,3,46,54800.0,0,iklan,4,1
C01915,2,7,49200.0,0,iklan,3,0
C01916,4,21,49000.0,0,iklan,4,0
C01917,2,26,75000.0,1,iklan,4,0
C01918,5,21,112900.0,0,organik,1,1
C01919,0,52,84600.0,0,organik,2,1
C01920,7,15,70400.0,0,organik,3,0
C01921,2,24,42000.0,1,iklan,5,1
C01922,5,5,68100.0,1,organik,5,0
C01923,5,21,113100.0,0,organik,1,1
C01924,5,15,94700.0,0,organik,4,0
C01925,4,5,48900.0,1,iklan,4,0
C01926,7,19,43900.0,0,iklan,1,0
C01927,2,25,57400.0,0,organik,2,0
C01928,2,20,78500.0,0,organik,4,1
C01929,6,11,81700.0,1,organik,5,0
C01930,2,24,72000.0,1,organik,4,1
C01931,3,45,81900.0,0,iklan,5,0
C01932,3,7,134600.0,0,iklan,5,0
C01933,5,27,57800.0,0,organik,2,0
C01934,4,33,77900.0,0,organik,3,0
C01935,2,31,64800.0,0,organik,1,0
C01936,2,38,145000.0,0,iklan,5,0
C01937,6,44,45500.0,0,iklan,3,0
C01938,3,3,38700.0,0,referral,2,0
C01939,2,42,61800.0,1,organik,4,1
C01940,1,58,125700.0,0,referral,2,1
C01941,2,2,82600.0,0,iklan,5,0
C01942,6,36,41600.0,1,referral,1,0
C01943,5,36,76000.0,1,organik,4,0
C01944,5,18,74400.0,1,iklan,4,0
C01945,1,3,84200.0,0,iklan,4,1
C01946,4,37,57300.0,0,iklan,3,1
C01947,4,12,80000.0,0,iklan,3,0
C01948,5,17,53100.0,1,referral,1,0
C01949,4,39,57400.0,1,iklan,2,1
C01950,4,17,56900.0,1,iklan,1,0
C01951,1,56,86600.0,0,iklan,5,1
C01952,7,12,122200.0,0,organik,4,0
C01953,4,18,125200.0,1,iklan,5,0
C01954,1,52,112800.0,1,organik,1,1
C01955,4,39,53600.0,0,referral,5,0
C01956,2,53,75500.0,1,organik,2,0
C01957,3,22,74900.0,0,organik,3,0
C01958,4,29,69800.0,1,iklan,2,0
C01959,2,35,80400.0,0,iklan,2,1
C01960,2,2,124100.0,1,organik,2,0
C01961,2,50,78500.0,0,referral,1,1
C01962,8,43,79700.0,0,iklan,5,0
C01963,10,28,80700.0,0,organik,3,0
C01964,2,20,96800.0,0,organik,1,0
C01965,8,8,72400.0,1,organik,4,0
C01966,2,49,103000.0,1,iklan,4,0
C01967,3,28,70400.0,1,iklan,5,0
C01968,5,56,97100.0,0,organik,2,0
C01969,7,4,87100.0,0,organik,4,0
C01970,5,7,45300.0,1,organik,1,0
C01971,2,21,77300.0,1,iklan,3,1
C01972,0,4,58100.0,1,iklan,4,1
C01973,1,4,103000.0,0,organik,5,0
C01974,7,17,67900.0,0,referral,3,0
C01975,4,10,92500.0,0,organik,1,0
C01976,2,2,51200.0,1,organik,4,0
C01977,4,34,106600.0,0,referral,5,0
C01978,6,23,28400.0,1,organik,3,0
C01979,5,53,102600.0,0,organik,3,0
C01980,5,14,67800.0,0,referral,1,0
C01981,3,40,64000.0,0,iklan,2,0
C01982,4,1,117100.0,0,iklan,3,0
C01983,4,20,80400.0,0,organik,1,0
C01984,2,9,85700.0,0,organik,5,0
C01985,4,21,76100.0,1,organik,2,0
C01986,2,8,86700.0,0,iklan,2,1
C01987,2,44,111000.0,1,iklan,4,0
C01988,2,6,73100.0,1,organik,4,0
C01989,3,30,67700.0,1,iklan,2,0
C01990,4,2,100900.0,1,iklan,3,0
C01991,3,59,37500.0,0,referral,3,1
C01992,5,16,104500.0,0,organik,2,0
C01993,2,49,54400.0,1,organik,1,0
C01994,1,50,116800.0,0,iklan,5,1
C01995,3,41,66700.0,0,iklan,2,0
C01996,1,1,104400.0,0,iklan,2,1
C01997,1,55,93800.0,1,organik,4,1
C01998,6,25,65300.0,1,organik,1,0
C01999,3,47,90200.0,0,iklan,1,1
C02000,3,41,88200.0,0,iklan,4,1
C02001,2,24,83800.0,1,organik,3,0
C02002,5,57,119500.0,1,organik,3,1
C02003,4,10,55900.0,0,organik,3,0
C02004,3,42,24100.0,1,iklan,1,0
C02005,6,55,66200.0,0,organik,3,0
C02006,2,19,63900.0,1,organik,3,0
C02007,6,24,80800.0,1,organik,2,0
C02008,3,4,77900.0,0,iklan,5,0
C02009,5,25,100200.0,0,iklan,2,0
C02010,1,44,24300.0,0,iklan,5,0
C02011,8,23,49300.0,0,organik,3,0
C02012,3,27,117400.0,0,organik,2,1
C02013,1,43,66600.0,0,organik,4,1
C02014,4,9,74500.0,0,iklan,5,0
C02015,3,35,66200.0,0,organik,5,0
C02016,2,16,33900.0,1,organik,3,0
C02017,8,51,72200.0,0,iklan,5,0
C02018,2,11,52300.0,0,organik,5,0
C02019,5,23,65900.0,0,organik,4,0
C02020,5,11,104200.0,1,organik,4,0
C02021,4,27,25200.0,0,iklan,2,0
C02022,5,41,100400.0,0,organik,1,0
C02023,1,4,55700.0,0,iklan,4,0
C02024,4,48,47200.0,1,organik,5,0
C02025,1,18,51900.0,0,organik,5,0
C02026,6,45,109900.0,1,referral,2,0
C02027,2,33,39800.0,0,organik,5,1
C02028,4,5,15000.0,0,organik,5,0
C02029,1,11,126700.0,0,referral,4,0
C02030,4,48,74500.0,0,iklan,3,0
C02031,4,58,81600.0,0,organik,2,0
C02032,4,36,80000.0,0,iklan,1,1
C02033,4,5,64500.0,0,iklan,3,0
C02034,6,45,90000.0,1,organik,3,1
C02035,3,39,28600.0,0,iklan,1,1
C02036,4,46,47500.0,0,organik,1,1
C02037,4,7,94800.0,1,iklan,1,1
C02038,1,42,80500.0,1,organik,4,1
C02039,2,9,71400.0,1,organik,4,0
C02040,1,50,44700.0,0,iklan,2,1
C02041,3,10,102800.0,0,iklan,5,0
C02042,4,59,94000.0,0,iklan,4,1
C02043,8,6,89000.0,0,organik,5,0
C02044,3,12,131400.0,0,organik,1,0
C02045,3,2,94700.0,0,iklan,2,0
C02046,2,55,54600.0,1,iklan,3,0
C02047,4,58,89500.0,1,referral,1,1
C02048,3,48,77300.0,1,referral,1,0
C02049,3,51,75800.0,0,referral,4,0
C02050,3,10,75000.0,0,referral,5,0
C02051,2,16,104900.0,0,iklan,3,0
C02052,1,42,88300.0,0,organik,3,1
C02053,5,39,100500.0,0,referral,3,0
C02054,1,5,50300.0,1,iklan,3,1
C02055,5,40,49200.0,0,referral,3,1
C02056,3,16,88300.0,0,organik,4,0
C02057,6,53,98100.0,1,organik,5,0
C02058,2,28,75700.0,1,organik,1,0
C02059,4,51,79900.0,0,organik,3,0
C02060,5,21,71900.0,1,iklan,2,1
C02061,1,14,75200.0,1,iklan,3,0
C02062,2,17,22800.0,1,iklan,3,0
C02063,8,50,57100.0,0,iklan,5,0
C02064,4,42,84500.0,0,referral,5,0
C02065,4,43,48900.0,1,referral,5,0
C02066,4,54,110500.0,0,organik,2,0
C02067,4,10,107700.0,1,referral,5,0
C02068,4,3,52400.0,0,organik,2,0
C02069,3,38,30800.0,0,iklan,1,0
C02070,1,25,64400.0,0,iklan,3,0
C02071,5,1,87000.0,1,organik,4,0
C02072,5,19,91200.0,0,organik,5,0
C02073,4,50,80100.0,1,organik,4,1
C02074,4,8,77600.0,0,organik,5,0
C02075,3,42,65300.0,1,organik,4,0
C02076,3,16,96200.0,0,organik,2,0
C02077,3,36,113200.0,1,iklan,4,0
C02078,3,10,62100.0,0,iklan,3,0
C02079,1,23,75300.0,0,organik,1,1
C02080,2,58,33400.0,0,organik,4,1
C02081,3,37,96300.0,1,organik,4,0
C02082,1,12,85900.0,0,organik,3,1
C02083,2,10,49200.0,1,referral,2,0
C02084,3,7,44000.0,0,referral,2,1
C02085,1,38,48200.0,1,iklan,5,1
C02086,3,28,54600.0,0,referral,5,0
C02087,6,58,78200.0,1,organik,3,1
C02088,3,45,74700.0,0,iklan,2,0
C02089,3,56,103100.0,1,iklan,2,1
C02090,0,11,94500.0,0,iklan,3,1
C02091,3,55,74000.0,0,organik,4,0
C02092,5,42,15000.0,1,iklan,4,1
C02093,1,40,49600.0,0,organik,1,1
C02094,3,51,80100.0,0,organik,3,0
C02095,3,56,94300.0,0,organik,1,1
C02096,3,54,126100.0,0,organik,2,1
C02097,3,51,64100.0,1,organik,2,1
C02098,1,32,79400.0,1,iklan,5,1
C02099,2,35,91500.0,1,iklan,1,1
C02100,2,6,32100.0,0,organik,5,0
C02101,2,52,85000.0,0,organik,4,1
C02102,2,54,97700.0,1,iklan,2,0
C02103,3,3,98800.0,0,referral,3,0
C02104,1,31,90800.0,1,organik,5,1
C02105,3,32,102800.0,1,referral,2,1
C02106,3,58,69400.0,1,organik,3,1
C02107,5,42,66800.0,0,iklan,5,1
C02108,1,14,94400.0,1,referral,3,0
C02109,5,55,75600.0,1,referral,4,1
C02110,5,13,108100.0,1,organik,4,0
C02111,5,34,106300.0,0,organik,4,0
C02112,6,59,83200.0,1,organik,4,1
C02113,1,33,84000.0,0,referral,3,0
C02114,9,17,89100.0,0,referral,4,0
C02115,2,54,84900.0,0,organik,3,0
C02116,3,57,101800.0,1,organik,2,1
C02117,6,22,99000.0,0,iklan,3,0
C02118,5,35,99600.0,0,iklan,1,0
C02119,1,40,92600.0,0,referral,2,0
C02120,1,38,95400.0,1,organik,2,1
C02121,4,55,46000.0,0,iklan,1,1
C02122,3,55,93400.0,1,organik,1,1
C02123,5,42,65200.0,1,iklan,4,0
C02124,5,36,75800.0,1,iklan,1,1
C02125,2,14,79500.0,0,organik,1,0
C02126,4,9,85400.0,0,referral,5,0
C02127,6,35,97800.0,0,organik,5,0
C02128,4,45,69800.0,0,referral,2,0
C02129,0,14,41400.0,0,organik,2,0
C02130,1,48,68300.0,0,organik,1,1
C02131,2,30,44100.0,0,organik,1,1
C02132,3,34,78700.0,0,iklan,3,1
C02133,1,36,91000.0,1,iklan,1,1
C02134,2,19,85200.0,1,organik,2,0
C02135,3,49,108300.0,0,organik,5,0
C02136,0,11,32300.0,0,organik,4,0
C02137,2,19,112100.0,0,iklan,5,0
C02138,2,31,58600.0,0,organik,2,1
C02139,4,16,88600.0,0,organik,2,0
C02140,1,45,78400.0,0,iklan,4,0
C02141,4,33,97400.0,0,organik,1,0
C02142,1,43,91100.0,1,organik,2,0
C02143,3,18,72400.0,0,referral,5,0
C02144,6,36,44600.0,0,referral,2,0
C02145,3,44,47800.0,0,organik,2,1
C02146,3,11,106100.0,0,organik,2,0
C02147,5,42,77700.0,1,iklan,3,0
C02148,4,33,119100.0,0,organik,4,0
C02149,4,37,45800.0,1,referral,3,0
C02150,6,14,116500.0,0,organik,1,0
C02151,2,25,100800.0,0,organik,2,1
C02152,5,38,61200.0,1,organik,2,0
C02153,3,24,62700.0,0,iklan,4,0
C02154,4,44,56900.0,1,iklan,4,1
C02155,6,14,90000.0,0,iklan,1,0
C02156,2,36,96600.0,1,organik,2,1
C02157,3,36,82300.0,0,referral,5,0
C02158,1,58,84200.0,0,organik,1,1
C02159,3,8,105300.0,0,iklan,4,0
C02160,3,47,91300.0,0,iklan,1,0
C02161,5,18,130300.0,1,organik,4,0
C02162,4,23,71300.0,1,organik,4,0
C02163,1,41,61800.0,1,iklan,2,1
C02164,3,56,108500.0,0,iklan,2,1
C02165,6,6,90600.0,0,organik,4,0
C02166,5,44,57300.0,0,organik,5,0
C02167,5,33,71200.0,1,organik,3,0
C02168,3,9,94400.0,1,referral,3,0
C02169,5,45,62800.0,1,organik,3,1
C02170,4,13,85900.0,0,organik,1,0
C02171,6,20,75100.0,1,organik,2,0
C02172,7,48,81000.0,0,referral,1,0
C02173,4,3,96600.0,0,referral,4,0
C02174,4,47,77900.0,0,iklan,3,0
C02175,3,36,79000.0,1,organik,1,1
C02176,3,44,74300.0,0,referral,2,1
C02177,3,59,102800.0,1,organik,1,1
C02178,3,47,37800.0,0,iklan,3,1
C02179,6,16,121800.0,0,iklan,2,0
C02180,3,4,55200.0,1,referral,3,0
C02181,8,3,85400.0,1,organik,1,0
C02182,6,24,49600.0,0,iklan,5,0
C02183,1,58,93000.0,0,iklan,5,1
C02184,2,40,33800.0,1,organik,4,0
C02185,3,25,95300.0,1,referral,2,0
C02186,6,24,69800.0,1,organik,5,0
C02187,1,1,77300.0,0,organik,2,0
C02188,2,12,115900.0,0,organik,2,1
C02189,3,55,84300.0,1,organik,2,1
C02190,2,2,93500.0,1,organik,5,0
C02191,5,17,77000.0,1,organik,1,0
C02192,4,24,49900.0,1,referral,1,0
C02193,5,12,55700.0,1,iklan,5,0
C02194,3,14,44900.0,0,organik,1,0
C02195,4,35,107700.0,1,organik,2,1
C02196,2,26,106000.0,1,iklan,5,0
C02197,5,44,27800.0,0,iklan,2,1
C02198,0,46,100300.0,1,referral,2,1
C02199,5,17,37600.0,1,organik,1,0
C02200,0,18,113600.0,1,organik,5,0
C02201,2,38,63300.0,0,organik,2,1
C02202,1,52,80100.0,1,iklan,3,0
C02203,2,3,80400.0,1,organik,4,1
C02204,5,56,61700.0,0,organik,5,0
C02205,0,41,62800.0,0,iklan,3,1
C02206,3,27,24200.0,0,organik,5,0
C02207,4,12,128600.0,0,iklan,5,0
C02208,3,59,76800.0,0,organik,3,1
C02209,3,4,108000.0,1,iklan,4,0
C02210,3,37,68300.0,1,iklan,4,1
C02211,2,34,52100.0,1,iklan,4,1
C02212,2,26,103000.0,0,organik,3,0
C02213,5,32,99300.0,0,iklan,4,0
C02214,2,3,105400.0,0,iklan,2,1
C02215,5,44,53300.0,1,iklan,4,0
C02216,1,16,50300.0,0,iklan,3,1
C02217,3,3,82500.0,1,iklan,3,0
C02218,5,41,68500.0,0,iklan,1,0
C02219,8,40,94800.0,1,organik,1,0
C02220,4,47,71300.0,0,organik,4,0
C02221,3,26,57500.0,0,iklan,5,0
C02222,2,3,72900.0,0,referral,1,0
C02223,3,41,70600.0,0,iklan,1,1
C02224,1,21,42300.0,0,iklan,5,0
C02225,2,12,74500.0,1,organik,1,0
C02226,4,42,81500.0,1,iklan,4,1
C02227,4,35,47400.0,0,organik,2,1
C02228,4,3,75000.0,0,iklan,4,0
C02229,1,21,95800.0,0,iklan,4,0
C02230,6,16,69900.0,1,iklan,5,0
C02231,5,16,59700.0,1,iklan,5,0
C02232,1,28,51000.0,1,organik,3,0
C02233,3,18,80200.0,1,organik,1,0
C02234,3,7,90000.0,0,iklan,5,0
C02235,0,51,110500.0,0,iklan,4,1
C02236,3,47,80600.0,0,referral,3,0
C02237,3,13,62000.0,1,iklan,3,0
C02238,4,18,100100.0,0,iklan,5,1
C02239,3,39,82500.0,1,iklan,2,0
C02240,6,35,93600.0,1,organik,4,0
C02241,3,9,74300.0,0,organik,2,0
C02242,2,13,92000.0,0,iklan,5,0
C02243,5,42,83900.0,0,iklan,4,0
C02244,0,41,64300.0,1,iklan,3,1
C02245,3,5,67500.0,0,organik,3,1
C02246,1,30,36700.0,1,referral,4,0
C02247,3,26,63200.0,0,referral,5,0
C02248,5,33,62100.0,0,iklan,2,0
C02249,5,38,95000.0,0,organik,2,1
C02250,5,39,117200.0,0,organik,3,0
C02251,4,33,100500.0,1,organik,4,0
C02252,1,42,111000.0,1,organik,3,0
C02253,7,20,103200.0,0,organik,2,0
C02254,6,9,57000.0,1,referral,1,0
C02255,2,38,95100.0,1,iklan,3,1
C02256,6,43,107900.0,1,referral,4,0
C02257,0,21,54200.0,1,iklan,4,0
C02258,7,40,70600.0,0,organik,2,0
C02259,0,49,94000.0,0,referral,4,1
C02260,3,16,90300.0,0,iklan,2,0
C02261,1,31,38600.0,0,iklan,3,0
C02262,2,42,117400.0,0,organik,2,1
C02263,5,29,79200.0,0,iklan,5,0
C02264,4,35,88500.0,0,organik,3,0
C02265,4,26,57800.0,0,organik,4,0
C02266,1,54,72800.0,0,iklan,2,1
C02267,1,43,92800.0,0,iklan,3,1
C02268,1,37,43100.0,1,organik,3,1
C02269,3,43,95900.0,1,organik,2,1
C02270,3,29,76600.0,1,iklan,5,0
C02271,2,32,64500.0,0,organik,1,1
C02272,4,10,80300.0,0,organik,3,0
C02273,5,30,123500.0,0,organik,1,0
C02274,3,11,42100.0,0,organik,2,0
C02275,4,11,77700.0,1,referral,5,0
C02276,2,20,25400.0,0,iklan,4,0
C02277,1,37,73300.0,1,iklan,2,1
C02278,5,20,57800.0,0,iklan,2,0
C02279,4,31,76500.0,0,iklan,1,0
C02280,3,13,116600.0,0,referral,1,0
C02281,5,50,76800.0,0,iklan,3,0
C02282,3,41,74500.0,1,iklan,2,1
C02283,4,20,89200.0,0,iklan,5,0
C02284,3,45,59500.0,0,organik,2,1
C02285,2,41,117900.0,1,organik,1,1
C02286,2,50,96000.0,1,iklan,2,1
C02287,2,57,66700.0,0,iklan,1,1
C02288,2,29,85100.0,0,iklan,5,0
C02289,7,52,97800.0,1,organik,3,0
C02290,1,14,74600.0,0,organik,2,1
C02291,3,59,110600.0,0,referral,4,1
C02292,5,3,83100.0,0,organik,2,0
C02293,0,11,69100.0,0,organik,2,0
C02294,3,38,98900.0,0,iklan,3,0
C02295,4,10,71800.0,0,iklan,1,0
C02296,4,26,68300.0,1,organik,5,0
C02297,3,9,89700.0,0,iklan,5,0
C02298,5,30,102900.0,0,iklan,2,0
C02299,5,56,41800.0,0,organik,1,0
C02300,3,19,47300.0,1,organik,4,0
C02301,1,3,73200.0,0,iklan,3,0
C02302,2,4,109200.0,0,referral,4,0
C02303,3,14,47200.0,0,organik,2,0
C02304,2,20,32500.0,0,organik,4,0
C02305,3,50,103100.0,1,iklan,1,1
C02306,1,48,45600.0,1,organik,1,0
C02307,4,36,109500.0,0,iklan,4,0
C02308,3,29,90700.0,0,organik,4,0
C02309,1,37,87700.0,0,organik,4,0
C02310,4,39,63700.0,0,iklan,2,0
C02311,2,49,102300.0,0,iklan,4,1
C02312,5,10,100600.0,0,organik,1,0
C02313,5,28,155000.0,0,iklan,3,0
C02314,6,33,72900.0,1,iklan,4,0
C02315,1,23,43600.0,0,iklan,3,1
C02316,3,23,77300.0,0,iklan,4,0
C02317,3,8,81500.0,0,iklan,1,1
C02318,3,29,52600.0,0,organik,5,1
C02319,4,18,17500.0,0,iklan,4,0
C02320,3,51,53000.0,0,organik,2,1
C02321,3,57,57000.0,0,organik,1,1
C02322,1,10,69400.0,0,organik,3,1
C02323,2,37,92500.0,0,iklan,3,0
C02324,3,1,68400.0,0,organik,4,0
C02325,2,29,80600.0,0,organik,2,1
C02326,1,42,119600.0,0,iklan,4,1
C02327,2,45,39500.0,0,iklan,5,1
C02328,3,16,90300.0,0,referral,4,0
C02329,1,51,71300.0,0,organik,5,0
C02330,4,13,39600.0,0,organik,5,1
C02331,5,22,106600.0,0,iklan,5,0
C02332,2,21,90300.0,0,organik,1,0
C02333,4,25,52700.0,0,iklan,5,0
C02334,4,26,33300.0,1,organik,1,1
C02335,1,36,79200.0,1,iklan,2,1
C02336,1,16,106600.0,1,referral,2,1
C02337,1,22,98300.0,1,iklan,1,1
C02338,3,43,73700.0,0,referral,1,0
C02339,1,5,74700.0,0,iklan,3,1
C02340,4,49,60700.0,1,iklan,5,1
C02341,3,34,106900.0,1,organik,5,0
C02342,3,1,86200.0,1,referral,2,0
C02343,5,53,108000.0,1,referral,3,0
C02344,6,30,101500.0,0,organik,5,0
C02345,0,26,90700.0,0,referral,2,1
C02346,8,9,54300.0,0,iklan,4,0
C02347,4,42,93200.0,0,iklan,5,0
C02348,2,32,69900.0,1,iklan,1,1
C02349,5,2,62100.0,0,iklan,4,0
C02350,2,33,68500.0,1,organik,3,0
C02351,2,8,71900.0,0,organik,5,0
C02352,4,21,42200.0,1,iklan,1,1
C02353,5,23,98400.0,1,organik,3,0
C02354,4,12,86700.0,1,iklan,5,0
C02355,0,1,98000.0,0,organik,2,0
C02356,1,24,87900.0,0,organik,5,0
C02357,4,31,44000.0,0,organik,2,0
C02358,3,53,86300.0,1,iklan,3,1
C02359,1,28,60900.0,1,iklan,2,0
C02360,4,26,71900.0,1,iklan,1,0
C02361,2,51,100600.0,1,iklan,2,1
C02362,7,12,60200.0,0,iklan,2,0
C02363,4,49,77600.0,1,iklan,3,0
C02364,3,29,78000.0,0,iklan,2,1
C02365,3,2,77700.0,0,iklan,3,0
C02366,3,27,41500.0,1,organik,5,0
C02367,1,27,65100.0,1,referral,3,0
C02368,3,35,116900.0,1,organik,3,0
C02369,0,10,106600.0,0,iklan,5,0
C02370,7,42,83300.0,0,organik,5,1
C02371,3,39,84900.0,0,iklan,3,1
C02372,5,19,39200.0,0,organik,2,0
C02373,5,5,60100.0,1,organik,2,0
C02374,4,9,94500.0,0,organik,4,0
C02375,4,14,103100.0,0,organik,3,0
C02376,5,9,113300.0,0,iklan,4,0
C02377,3,30,69000.0,1,referral,1,0
C02378,1,3,99300.0,0,organik,1,0
C02379,7,28,109000.0,1,iklan,5,0
C02380,4,51,36500.0,1,iklan,5,0
C02381,1,41,85900.0,1,organik,4,1
C02382,2,55,74100.0,0,iklan,5,0
C02383,4,57,83900.0,0,organik,2,0
C02384,2,1,63200.0,0,iklan,4,0
C02385,2,30,57100.0,0,organik,1,1
C02386,8,57,40200.0,0,referral,3,1
C02387,3,24,105200.0,1,referral,2,0
C02388,1,2,63000.0,1,organik,1,0
C02389,5,10,65700.0,1,organik,5,0
C02390,1,40,89700.0,0,organik,4,0
C02391,4,23,36500.0,0,referral,1,0
C02392,3,31,83300.0,0,iklan,1,1
C02393,1,39,79700.0,0,organik,3,1
C02394,6,16,91400.0,0,organik,1,0
C02395,3,36,49100.0,1,organik,1,1
C02396,0,55,124200.0,0,iklan,4,1
C02397,2,46,88100.0,1,organik,1,1
C02398,4,41,40300.0,1,iklan,1,1
C02399,7,46,71700.0,0,organik,3,0
C02400,4,2,87400.0,0,referral,1,0
C02401,0,10,77200.0,0,iklan,5,1
C02402,2,49,67800.0,0,iklan,2,1
C02403,0,6,139600.0,0,iklan,3,0
C02404,4,26,61600.0,0,iklan,4,0
C02405,2,30,98900.0,0,referral,5,1
C02406,6,6,67400.0,0,organik,3,0
C02407,1,26,94400.0,0,iklan,3,0
C02408,5,17,65900.0,0,organik,1,0
C02409,5,7,84400.0,0,organik,5,0
C02410,2,46,73500.0,1,referral,4,0
C02411,4,36,77500.0,0,iklan,3,0
C02412,4,11,87100.0,0,organik,2,0
C02413,4,39,65200.0,0,referral,4,1
C02414,3,18,91600.0,1,iklan,1,0
C02415,6,34,76400.0,0,organik,5,0
C02416,3,9,103900.0,1,organik,4,0
C02417,3,5,74600.0,1,referral,5,0
C02418,1,20,46500.0,0,organik,2,1
C02419,8,55,40500.0,0,iklan,3,1
C02420,3,29,57100.0,0,iklan,5,1
C02421,4,55,57200.0,0,organik,1,1
C02422,1,6,106500.0,0,organik,4,0
C02423,1,21,34900.0,1,organik,1,1
C02424,1,49,50800.0,0,organik,3,1
C02425,1,28,62400.0,1,organik,3,1
C02426,5,55,97300.0,0,iklan,2,1
C02427,5,9,106200.0,0,referral,4,0
C02428,2,29,72000.0,1,organik,1,1
C02429,3,27,113600.0,1,iklan,3,0
C02430,3,42,84900.0,0,iklan,4,0
C02431,2,47,33400.0,0,organik,5,0
C02432,3,26,61800.0,0,organik,1,0
C02433,4,26,66300.0,0,referral,1,0
C02434,3,47,74300.0,0,organik,5,1
C02435,3,25,52900.0,1,iklan,2,1
C02436,6,36,77400.0,0,organik,2,0
C02437,1,33,66500.0,0,referral,2,1
C02438,1,8,67900.0,0,organik,4,1
C02439,4,40,37600.0,0,iklan,4,0
C02440,1,25,39600.0,1,organik,5,0
C02441,6,4,60600.0,0,organik,2,0
C02442,5,9,53400.0,1,organik,4,0
C02443,0,22,111100.0,0,organik,5,0
C02444,4,36,80000.0,1,iklan,1,1
C02445,3,38,82000.0,1,iklan,4,1
C02446,0,23,90200.0,1,referral,1,1
C02447,4,11,93700.0,0,organik,4,0
C02448,0,15,71900.0,1,referral,2,0
C02449,2,23,101600.0,1,organik,5,0
C02450,4,38,112300.0,1,iklan,3,0
C02451,1,49,84100.0,0,organik,1,1
C02452,6,15,53600.0,1,organik,5,0
C02453,1,36,76900.0,0,organik,2,0
C02454,3,36,87800.0,1,organik,5,0
C02455,3,17,124900.0,0,organik,3,0
C02456,4,15,41100.0,0,iklan,5,0
C02457,2,14,29300.0,1,referral,2,0
C02458,2,3,106300.0,1,iklan,2,0
C02459,3,48,106800.0,0,organik,2,0
C02460,2,28,54600.0,1,iklan,4,0
C02461,3,15,92700.0,0,organik,3,0
C02462,5,19,58500.0,0,organik,5,0
C02463,7,50,134600.0,1,iklan,2,0
C02464,2,29,67000.0,0,referral,4,0
C02465,3,11,104400.0,1,iklan,3,0
C02466,2,55,97100.0,1,organik,2,1
C02467,3,13,78000.0,1,organik,2,0
C02468,3,39,79200.0,1,organik,5,0
C02469,2,21,98000.0,1,organik,2,0
C02470,4,34,88800.0,1,organik,2,1
C02471,5,53,106700.0,1,organik,3,1
C02472,3,37,33300.0,1,organik,2,0
C02473,4,41,101500.0,1,organik,1,1
C02474,2,6,102400.0,0,organik,3,1
C02475,3,42,101000.0,0,organik,3,0
C02476,4,40,41600.0,0,iklan,3,0
C02477,6,37,60700.0,0,iklan,1,0
C02478,4,36,93500.0,1,iklan,3,0
C02479,5,33,84500.0,1,organik,1,0
C02480,2,33,61400.0,0,iklan,3,1
C02481,2,31,53800.0,1,organik,5,1
C02482,3,11,66900.0,0,organik,3,0
C02483,2,25,82100.0,0,iklan,5,0
C02484,1,9,87800.0,0,iklan,5,1
C02485,6,39,60100.0,0,iklan,2,0
C02486,3,1,65700.0,0,organik,4,0
C02487,4,24,64000.0,1,organik,1,1
C02488,6,56,62200.0,1,organik,1,0
C02489,5,22,70200.0,1,iklan,3,0
C02490,5,1,15100.0,1,iklan,4,0
C02491,5,43,63500.0,0,organik,1,0
C02492,2,29,108700.0,1,referral,2,0
C02493,3,31,70800.0,0,iklan,5,0
C02494,6,5,112300.0,0,iklan,4,1
C02495,5,27,50000.0,0,iklan,1,0
C02496,4,43,85600.0,1,referral,4,0
C02497,1,37,74100.0,0,referral,1,0
C02498,3,19,118900.0,1,organik,4,0
C02499,6,49,63600.0,1,organik,5,1
C02500,4,3,30500.0,1,organik,3,0
C02501,4,38,70800.0,0,organik,5,0
C02502,5,51,81400.0,0,iklan,2,1
C02503,3,28,58700.0,0,organik,2,1
C02504,2,54,42100.0,1,organik,2,1
C02505,2,5,84800.0,1,organik,3,0
C02506,3,29,95400.0,0,referral,1,1
C02507,3,14,75000.0,0,organik,4,0
C02508,3,28,70500.0,0,referral,2,0
C02509,4,55,63500.0,1,organik,1,1
C02510,2,6,70300.0,0,iklan,5,0
C02511,5,26,76600.0,0,iklan,5,0
C02512,2,51,69400.0,0,organik,1,0
C02513,4,10,97900.0,1,iklan,3,0
C02514,5,25,61600.0,1,organik,1,1
C02515,1,8,116400.0,0,iklan,3,1
C02516,5,41,74100.0,0,referral,2,0
C02517,4,28,63500.0,1,iklan,2,0
C02518,5,59,93500.0,0,iklan,1,0
C02519,8,11,85400.0,0,organik,5,0
C02520,4,2,103200.0,0,organik,5,0
C02521,4,6,130300.0,1,referral,5,0
C02522,3,39,124500.0,1,iklan,4,1
C02523,1,28,57400.0,0,iklan,3,0
C02524,5,7,103900.0,0,referral,3,0
C02525,3,7,127200.0,0,organik,5,0
C02526,3,39,96800.0,0,iklan,2,0
C02527,2,49,103000.0,1,organik,1,1
C02528,6,42,83700.0,1,referral,2,0
C02529,3,56,94100.0,0,organik,1,1
C02530,2,12,68400.0,1,iklan,4,0
C02531,2,36,92000.0,0,referral,2,0
C02532,4,16,88500.0,0,iklan,3,0
C02533,2,7,77500.0,1,organik,3,0
C02534,3,48,128100.0,0,iklan,4,0
C02535,3,14,65800.0,1,organik,5,0
C02536,3,10,125200.0,0,organik,1,0
C02537,3,18,57800.0,1,organik,1,1
C02538,0,13,83300.0,1,iklan,2,0
C02539,4,51,43600.0,1,organik,5,1
C02540,1,31,87300.0,0,iklan,2,1
C02541,1,39,102100.0,1,organik,4,0
C02542,6,45,97900.0,1,organik,2,0
C02543,4,53,70900.0,0,organik,4,0
C02544,2,28,87200.0,0,iklan,2,0
C02545,4,42,53700.0,0,referral,5,0
C02546,3,42,94400.0,0,iklan,5,0
C02547,1,19,80100.0,1,iklan,1,1
C02548,4,57,86800.0,0,iklan,2,0
C02549,4,36,89900.0,0,referral,4,0
C02550,3,46,105400.0,0,iklan,5,0
C02551,3,10,85200.0,0,iklan,2,0
C02552,2,37,102300.0,0,organik,3,0
C02553,2,26,31100.0,0,organik,2,0
C02554,3,31,102200.0,0,organik,2,1
C02555,2,29,100900.0,1,organik,2,1
C02556,4,54,74300.0,0,iklan,4,0
C02557,4,1,66000.0,0,organik,3,0
C02558,5,34,95300.0,1,iklan,5,0
C02559,3,3,96700.0,1,iklan,1,1
C02560,6,31,70600.0,0,organik,1,0
C02561,4,30,68700.0,1,organik,5,1
C02562,4,21,105600.0,1,organik,5,0
C02563,6,45,88800.0,0,organik,4,0
C02564,5,45,32600.0,0,iklan,1,0
C02565,1,3,67200.0,1,iklan,2,1
C02566,5,57,62200.0,0,iklan,1,1
C02567,2,40,59700.0,1,referral,5,0
C02568,1,42,58700.0,1,organik,4,1
C02569,6,25,46800.0,0,iklan,4,0
C02570,5,37,55200.0,1,organik,4,0
C02571,5,53,48400.0,0,organik,3,0
C02572,0,36,84200.0,0,organik,2,1
C02573,2,19,39500.0,0,organik,3,0
C02574,3,57,58700.0,1,iklan,2,1
C02575,2,9,92600.0,1,referral,2,0
C02576,1,46,47600.0,1,referral,5,0
C02577,3,8,69500.0,1,referral,2,0
C02578,3,30,113900.0,1,organik,5,0
C02579,5,53,131200.0,1,iklan,3,0
C02580,0,13,50200.0,0,organik,3,1
C02581,5,28,136000.0,1,iklan,5,0
C02582,3,5,71600.0,0,iklan,2,0
C02583,3,43,105800.0,0,organik,3,1
C02584,3,10,71000.0,0,iklan,4,0
C02585,3,55,62200.0,1,organik,1,0
C02586,0,28,121100.0,1,iklan,5,1
C02587,2,34,113500.0,0,referral,4,1
C02588,1,29,105300.0,1,referral,1,0
C02589,5,37,54700.0,0,organik,2,0
C02590,1,47,84300.0,0,iklan,5,1
C02591,5,13,98000.0,0,iklan,4,0
C02592,5,16,84400.0,0,organik,3,0
C02593,1,44,83300.0,1,organik,1,1
C02594,6,14,107200.0,0,iklan,1,0
C02595,6,53,108500.0,1,iklan,5,1
C02596,7,31,106600.0,0,organik,5,0
C02597,0,12,104800.0,0,organik,5,1
C02598,5,11,71000.0,1,iklan,5,0
C02599,3,6,95600.0,0,referral,4,0
C02600,2,14,100000.0,0,iklan,4,0
C02601,0,26,75200.0,0,referral,4,1
C02602,4,43,69400.0,0,iklan,2,1
C02603,6,27,117000.0,1,organik,3,0
C02604,2,10,77000.0,1,iklan,4,0
C02605,3,29,79700.0,1,organik,5,1
C02606,4,58,67600.0,1,iklan,4,1
C02607,4,26,62600.0,1,iklan,4,0
C02608,3,39,77900.0,0,iklan,4,1
C02609,3,23,63200.0,0,organik,5,0
C02610,4,58,94800.0,0,referral,1,1
C02611,5,31,86500.0,0,referral,3,1
C02612,2,37,59700.0,0,organik,2,0
C02613,1,53,80500.0,0,iklan,5,1
C02614,1,35,60400.0,0,iklan,3,1
C02615,0,15,60300.0,0,organik,3,1
C02616,3,40,116700.0,1,iklan,4,0
C02617,5,18,78100.0,0,organik,5,0
C02618,9,3,125800.0,1,organik,2,0
C02619,3,28,132500.0,0,organik,4,0
C02620,0,18,85600.0,1,iklan,5,1
C02621,1,3,76400.0,0,organik,1,0
C02622,7,24,81600.0,1,iklan,1,0
C02623,6,31,42800.0,1,organik,4,0
C02624,2,16,90000.0,0,iklan,3,0
C02625,4,17,29100.0,0,organik,2,0
C02626,4,40,85000.0,1,organik,2,1
C02627,1,3,56400.0,0,organik,4,0
C02628,2,40,105000.0,0,iklan,5,0
C02629,3,6,92300.0,1,organik,2,1
C02630,4,34,90100.0,1,iklan,1,1
C02631,8,13,56400.0,0,organik,3,0
C02632,4,5,77400.0,0,iklan,1,0
C02633,3,26,51100.0,0,referral,3,1
C02634,3,56,81400.0,1,referral,1,1
C02635,5,27,113900.0,0,organik,4,0
C02636,5,26,32700.0,0,organik,5,0
C02637,0,47,83100.0,0,referral,4,1
C02638,2,4,88900.0,0,organik,4,0
C02639,1,15,50700.0,0,organik,5,0
C02640,3,52,56400.0,0,referral,3,0
C02641,3,46,65900.0,1,iklan,3,1
C02642,1,48,76200.0,0,organik,5,0
C02643,4,31,77400.0,0,iklan,1,0
C02644,3,27,72300.0,0,iklan,4,0
C02645,1,29,77100.0,0,organik,1,1
C02646,5,38,89100.0,1,iklan,3,0
C02647,2,30,78100.0,0,referral,1,1
C02648,4,18,82700.0,0,referral,4,0
C02649,2,3,62900.0,0,iklan,3,0
C02650,4,46,75000.0,1,organik,3,1
C02651,4,5,32000.0,1,referral,1,0
C02652,4,13,115300.0,1,organik,2,1
C02653,1,49,35800.0,0,referral,2,1
C02654,4,11,73600.0,0,organik,5,0
C02655,2,24,63300.0,1,organik,3,1
C02656,3,45,33100.0,0,referral,4,0
C02657,2,8,101700.0,0,organik,4,0
C02658,2,16,92500.0,0,organik,4,0
C02659,2,20,60100.0,0,referral,1,0
C02660,3,55,65800.0,1,organik,2,1
C02661,4,47,53400.0,0,iklan,4,1
C02662,3,4,61500.0,0,organik,3,0
C02663,0,25,53400.0,0,iklan,2,0
C02664,8,50,87400.0,1,organik,2,0
C02665,4,16,44400.0,1,iklan,1,0
C02666,6,10,52500.0,0,organik,5,0
C02667,3,6,90800.0,0,iklan,2,1
C02668,1,54,83000.0,0,organik,4,0
C02669,3,43,85200.0,1,iklan,2,0
C02670,4,44,56500.0,0,organik,4,1
C02671,3,9,25600.0,0,iklan,5,0
C02672,3,40,113200.0,0,organik,3,0
C02673,3,14,53800.0,1,organik,3,0
C02674,1,1,58800.0,1,iklan,1,0
C02675,4,39,62700.0,0,referral,3,0
C02676,3,1,106500.0,0,organik,4,0
C02677,5,31,103500.0,0,organik,2,0
C02678,4,25,71500.0,0,organik,1,1
C02679,4,4,67200.0,0,organik,2,0
C02680,3,1,63500.0,0,organik,3,0
C02681,5,50,71100.0,0,organik,4,0
C02682,1,3,74500.0,0,organik,5,0
C02683,1,33,83000.0,0,organik,1,1
C02684,1,49,51100.0,0,organik,4,0
C02685,2,32,108200.0,1,iklan,5,0
C02686,4,13,102700.0,1,iklan,4,1
C02687,2,3,101800.0,0,iklan,3,1
C02688,4,44,98700.0,0,iklan,1,0
C02689,0,48,15000.0,0,organik,1,0
C02690,1,45,64400.0,0,iklan,3,1
C02691,2,30,72200.0,0,organik,1,1
C02692,2,52,109800.0,0,iklan,3,1
C02693,1,2,109600.0,0,organik,4,1
C02694,2,51,78600.0,0,iklan,1,0
C02695,5,48,100600.0,0,organik,5,0
C02696,7,47,96700.0,0,organik,3,0
C02697,3,6,35200.0,0,organik,2,0
C02698,2,40,15000.0,1,organik,2,1
C02699,1,59,80800.0,0,organik,2,1
C02700,2,56,140500.0,0,organik,1,1
C02701,3,34,90700.0,1,referral,3,0
C02702,9,17,47500.0,1,organik,3,0
C02703,1,17,88300.0,0,organik,3,0
C02704,3,7,99100.0,1,organik,3,0
C02705,4,41,82400.0,1,iklan,4,0
C02706,6,21,75900.0,0,iklan,4,0
C02707,3,16,62400.0,1,iklan,5,0
C02708,3,3,84700.0,1,organik,2,0
C02709,0,56,85100.0,1,iklan,5,0
C02710,3,4,78700.0,0,referral,4,0
C02711,1,40,74100.0,0,iklan,2,1
C02712,1,59,119200.0,0,referral,2,1
C02713,2,19,59100.0,0,organik,5,0
C02714,6,33,78500.0,0,organik,3,0
C02715,2,23,58800.0,1,referral,3,0
C02716,7,8,91800.0,0,iklan,5,0
C02717,2,51,87200.0,1,iklan,1,1
C02718,3,51,68900.0,0,organik,1,1
C02719,3,57,56400.0,0,iklan,2,1
C02720,3,45,78400.0,1,organik,3,1
C02721,4,3,67600.0,1,organik,1,0
C02722,3,17,106800.0,0,iklan,4,0
C02723,4,42,57300.0,0,organik,3,0
C02724,3,51,133700.0,0,organik,1,1
C02725,3,42,94000.0,1,iklan,1,1
C02726,3,31,72800.0,0,iklan,5,1
C02727,3,13,61700.0,0,organik,2,0
C02728,3,44,64400.0,1,iklan,5,1
C02729,3,30,89500.0,0,iklan,5,0
C02730,3,37,101100.0,0,organik,2,1
C02731,1,11,87600.0,1,organik,2,0
C02732,5,47,80000.0,1,iklan,1,1
C02733,4,16,123800.0,0,iklan,2,1
C02734,2,9,23900.0,0,referral,4,0
C02735,3,31,89900.0,0,organik,1,0
C02736,4,41,66300.0,0,organik,2,0
C02737,4,23,83000.0,0,organik,4,0
C02738,3,45,64000.0,0,referral,1,0
C02739,1,59,80700.0,0,organik,5,0
C02740,7,52,39100.0,0,iklan,4,0
C02741,4,44,113200.0,0,organik,4,0
C02742,4,40,50600.0,0,iklan,4,1
C02743,2,3,51200.0,0,organik,5,0
C02744,3,44,76000.0,1,organik,4,0
C02745,4,41,63800.0,0,iklan,2,1
C02746,3,46,107000.0,1,iklan,5,1
C02747,5,18,82100.0,0,organik,2,0
C02748,1,11,98400.0,1,organik,2,0
C02749,5,43,116200.0,1,iklan,1,0
C02750,4,35,152800.0,0,iklan,2,0
C02751,2,24,70700.0,0,referral,4,0
C02752,1,30,90800.0,0,iklan,3,0
C02753,4,19,95800.0,0,organik,3,0
C02754,3,51,101300.0,1,organik,5,0
C02755,1,26,78400.0,1,organik,2,0
C02756,1,29,85200.0,1,organik,1,1
C02757,2,34,80300.0,1,organik,3,1
C02758,2,23,29800.0,0,iklan,1,1
C02759,4,57,80700.0,1,organik,1,1
C02760,3,12,92500.0,0,iklan,2,0
C02761,3,15,97200.0,0,iklan,2,1
C02762,3,31,27300.0,0,organik,3,1
C02763,2,19,118100.0,0,iklan,5,0
C02764,3,25,81000.0,1,organik,3,0
C02765,6,31,70100.0,0,organik,5,0
C02766,2,1,79400.0,0,organik,5,0
C02767,5,56,86300.0,1,iklan,4,0
C02768,5,9,65200.0,1,iklan,5,0
C02769,3,58,133100.0,1,iklan,3,0
C02770,2,5,121400.0,0,organik,3,0
C02771,7,55,89500.0,1,organik,4,0
C02772,3,59,91800.0,1,organik,5,1
C02773,2,53,108500.0,1,organik,2,1
C02774,4,24,82800.0,1,organik,5,0
C02775,5,20,73400.0,0,organik,1,0
C02776,0,2,85000.0,0,referral,3,0
C02777,5,44,95700.0,1,organik,5,1
C02778,3,27,84800.0,0,iklan,5,0
C02779,5,36,72300.0,1,organik,1,0
C02780,7,42,48800.0,0,referral,4,0
C02781,4,30,97500.0,1,organik,4,0
C02782,6,40,84400.0,1,referral,5,0
C02783,1,41,108400.0,1,organik,2,1
C02784,3,3,95600.0,0,iklan,3,0
C02785,0,19,111400.0,0,organik,1,0
C02786,7,4,41100.0,1,referral,5,0
C02787,3,7,92700.0,0,organik,5,0
C02788,1,27,132200.0,1,organik,4,0
C02789,6,34,96400.0,0,organik,4,0
C02790,4,38,107800.0,0,referral,3,0
C02791,3,31,85100.0,1,organik,1,0
C02792,6,17,87400.0,1,referral,4,0
C02793,3,20,70400.0,0,iklan,2,1
C02794,6,10,86800.0,0,organik,4,0
C02795,4,27,90000.0,1,iklan,5,0
C02796,4,51,92500.0,1,organik,2,0
C02797,3,20,117200.0,1,iklan,4,0
C02798,5,39,93700.0,0,iklan,4,0
C02799,2,55,99900.0,0,iklan,1,1
C02800,6,8,69100.0,1,iklan,1,0
C02801,1,25,89700.0,0,organik,5,0
C02802,6,15,48600.0,0,organik,5,0
C02803,1,30,99300.0,0,iklan,3,0
C02804,0,15,52800.0,0,organik,3,0
C02805,4,21,59100.0,1,iklan,3,0
C02806,4,4,66900.0,1,iklan,2,0
C02807,4,3,71600.0,1,organik,2,0
C02808,2,49,73800.0,0,iklan,1,1
C02809,4,53,55200.0,0,organik,5,0
C02810,1,54,70900.0,1,iklan,2,1
C02811,2,15,112200.0,0,organik,3,0
C02812,7,19,43800.0,0,iklan,1,0
C02813,6,7,86100.0,0,referral,4,0
C02814,5,50,58200.0,0,organik,2,0
C02815,6,21,21500.0,1,iklan,5,0
C02816,5,7,29700.0,1,referral,3,0
C02817,6,51,130000.0,1,organik,1,1
C02818,3,53,39100.0,1,organik,1,0
C02819,3,50,57500.0,0,organik,1,1
C02820,3,28,107800.0,0,iklan,2,1
C02821,3,5,76300.0,0,organik,3,0
C02822,5,37,89800.0,0,iklan,4,0
C02823,4,22,85400.0,0,iklan,5,0
C02824,4,43,95700.0,1,organik,3,0
C02825,3,30,82600.0,1,organik,4,0
C02826,3,58,89000.0,0,referral,2,1
C02827,0,46,55300.0,1,iklan,5,1
C02828,2,39,94500.0,1,iklan,4,0
C02829,2,40,89800.0,0,iklan,4,1
C02830,2,5,82600.0,0,referral,5,0
C02831,6,37,104900.0,0,organik,5,0
C02832,3,38,95100.0,0,organik,2,0
C02833,8,27,93100.0,0,organik,3,0
C02834,3,40,70600.0,0,referral,4,0
C02835,3,52,59700.0,1,organik,3,0
C02836,4,36,79900.0,0,iklan,4,0
C02837,5,50,83300.0,0,organik,1,0
C02838,4,15,56600.0,0,organik,2,0
C02839,2,14,53600.0,1,referral,5,0
C02840,7,35,71000.0,0,organik,1,0
C02841,4,26,87300.0,1,organik,1,0
C02842,6,51,107700.0,0,organik,1,0
C02843,1,7,70900.0,1,organik,5,0
C02844,5,8,73800.0,0,organik,3,0
C02845,3,57,102200.0,0,iklan,1,1
C02846,2,39,123400.0,0,organik,5,0
C02847,0,50,78200.0,0,iklan,4,1
C02848,2,33,40400.0,0,iklan,2,1
C02849,3,2,88800.0,0,referral,3,0
C02850,1,38,39200.0,1,organik,3,1
C02851,4,43,42000.0,1,organik,4,0
C02852,1,25,128100.0,0,organik,2,1
C02853,5,43,119500.0,0,iklan,5,0
C02854,3,22,75600.0,0,iklan,1,0
C02855,4,14,102500.0,0,iklan,3,0
C02856,2,37,96300.0,0,iklan,1,0
C02857,6,28,82200.0,0,organik,5,0
C02858,2,39,58100.0,0,iklan,3,1
C02859,1,8,60500.0,0,organik,3,0
C02860,2,29,60700.0,1,organik,3,1
C02861,0,17,81400.0,0,iklan,1,0
C02862,1,4,62200.0,1,organik,3,0
C02863,3,21,76200.0,0,organik,5,0
C02864,2,49,28300.0,1,organik,4,1
C02865,1,28,39300.0,1,iklan,4,1
C02866,5,25,75600.0,1,referral,1,0
C02867,4,35,121900.0,1,iklan,3,1
C02868,5,5,72400.0,0,iklan,4,0
C02869,5,3,73300.0,1,organik,1,0
C02870,3,52,93900.0,0,organik,1,1
C02871,2,27,64200.0,1,organik,4,0
C02872,3,32,105300.0,0,iklan,4,1
C02873,4,48,50100.0,0,referral,4,0
C02874,2,16,54500.0,0,iklan,5,0
C02875,2,6,94400.0,1,iklan,4,0
C02876,2,25,69900.0,1,referral,3,0
C02877,2,53,61400.0,1,organik,2,1
C02878,6,58,136100.0,1,organik,3,1
C02879,2,59,78100.0,0,referral,5,0
C02880,1,55,81300.0,1,organik,3,0
C02881,2,11,88200.0,0,organik,5,0
C02882,2,38,113300.0,1,organik,1,0
C02883,0,41,51000.0,1,organik,2,1
C02884,3,54,89700.0,1,iklan,3,1
C02885,5,59,109600.0,0,organik,5,0
C02886,1,43,84200.0,0,iklan,2,0
C02887,5,8,120900.0,1,organik,4,0
C02888,3,22,96000.0,0,organik,1,0
C02889,4,29,75300.0,0,iklan,2,0
C02890,3,12,74800.0,1,iklan,5,1
C02891,4,44,19600.0,1,organik,2,1
C02892,2,1,82300.0,1,referral,1,0
C02893,3,34,69600.0,0,organik,1,0
C02894,3,4,115300.0,0,iklan,3,0
C02895,2,34,72000.0,0,iklan,5,0
C02896,5,53,75700.0,0,organik,5,0
C02897,4,43,49900.0,0,iklan,1,0
C02898,2,51,73200.0,0,referral,5,0
C02899,1,30,85200.0,1,organik,5,0
C02900,6,48,58100.0,0,iklan,4,0
C02901,2,10,37800.0,1,iklan,1,0
C02902,2,30,82100.0,0,referral,5,0
C02903,2,28,99200.0,0,referral,4,0
C02904,3,41,86400.0,0,organik,3,0
C02905,4,52,45300.0,0,organik,1,1
C02906,2,40,94200.0,1,referral,1,0
C02907,1,41,49100.0,0,referral,5,0
C02908,3,6,90100.0,0,organik,2,0
C02909,6,18,46900.0,0,iklan,5,0
C02910,3,26,88200.0,0,iklan,3,0
C02911,3,24,63600.0,0,organik,5,0
C02912,5,46,115400.0,1,organik,2,0
C02913,0,1,43000.0,0,iklan,2,0
C02914,5,55,86600.0,0,organik,5,0
C02915,1,3,61400.0,0,referral,1,0
C02916,3,34,74700.0,0,referral,1,0
C02917,3,7,120500.0,0,organik,3,0
C02918,2,38,83400.0,0,organik,2,1
C02919,9,32,40800.0,0,iklan,1,0
C02920,6,27,21200.0,1,iklan,4,0
C02921,4,38,63600.0,1,iklan,2,0
C02922,2,54,99700.0,1,referral,5,1
C02923,6,3,62000.0,1,iklan,2,0
C02924,6,2,37500.0,1,organik,4,0
C02925,1,15,87300.0,1,iklan,3,0
C02926,3,45,81500.0,0,organik,1,1
C02927,3,26,113100.0,0,organik,2,1
C02928,6,14,44700.0,1,iklan,4,0
C02929,0,27,85400.0,1,organik,2,1
C02930,1,42,38600.0,0,organik,2,1
C02931,5,57,81500.0,0,referral,5,0
C02932,2,40,85000.0,0,organik,2,1
C02933,3,49,121800.0,1,organik,5,0
C02934,4,49,67400.0,0,iklan,2,1
C02935,2,56,69200.0,0,referral,1,1
C02936,5,45,18300.0,1,iklan,3,1
C02937,0,43,70500.0,0,organik,5,0
C02938,2,42,84100.0,1,iklan,4,1
C02939,3,53,102300.0,1,referral,1,1
C02940,2,43,108900.0,1,organik,1,1
C02941,3,34,95600.0,0,iklan,4,0
C02942,4,30,56800.0,1,organik,2,0
C02943,2,1,104700.0,0,iklan,1,0
C02944,1,30,67700.0,0,organik,1,1
C02945,1,44,29000.0,0,iklan,4,1
C02946,8,13,37200.0,0,iklan,2,0
C02947,6,52,87800.0,1,organik,3,1
C02948,0,21,21700.0,0,referral,4,0
C02949,3,51,45700.0,1,iklan,2,1
C02950,5,35,69500.0,1,referral,3,0
C02951,8,53,41000.0,1,iklan,1,1
C02952,3,10,67000.0,0,iklan,1,1
C02953,6,17,110300.0,0,iklan,4,0
C02954,4,7,66200.0,0,iklan,2,0
C02955,2,24,57900.0,0,iklan,4,0
C02956,3,25,97800.0,0,referral,3,0
C02957,4,12,113500.0,1,organik,2,0
C02958,3,38,87000.0,0,iklan,1,1
C02959,2,53,103800.0,1,iklan,3,0
C02960,7,53,108300.0,0,organik,3,0
C02961,3,8,73700.0,0,iklan,5,0
C02962,6,55,48600.0,1,iklan,5,1
C02963,5,21,72700.0,0,organik,4,0
C02964,2,33,42300.0,0,iklan,3,0
C02965,7,6,59600.0,1,organik,2,0
C02966,0,46,56400.0,0,iklan,4,1
C02967,4,58,104100.0,1,iklan,5,0
C02968,4,26,59700.0,1,referral,3,0
C02969,0,4,64100.0,1,organik,3,0
C02970,3,56,56200.0,0,organik,3,1
C02971,2,54,60200.0,0,iklan,5,1
C02972,2,43,71100.0,0,referral,5,0
C02973,2,48,80700.0,1,iklan,5,1
C02974,4,48,69900.0,0,organik,4,0
C02975,5,5,77300.0,1,organik,2,0
C02976,3,24,121300.0,1,organik,4,0
C02977,4,45,85200.0,1,organik,2,0
C02978,6,19,75300.0,0,referral,3,0
C02979,3,51,87200.0,0,iklan,2,1
C02980,0,30,71600.0,1,organik,4,1
C02981,3,36,121200.0,0,organik,2,1
C02982,0,3,88600.0,0,referral,1,0
C02983,4,48,99200.0,0,referral,5,0
C02984,6,27,116600.0,1,organik,3,0
C02985,2,24,83200.0,0,iklan,3,0
C02986,5,2,75700.0,1,iklan,2,0
C02987,5,48,114300.0,1,iklan,2,0
C02988,5,47,69800.0,1,iklan,3,0
C02989,3,29,97800.0,0,organik,3,0
C02990,8,49,86100.0,0,iklan,2,0
C02991,1,54,106200.0,0,iklan,5,1
C02992,2,20,57200.0,0,iklan,3,0
C02993,3,10,121000.0,0,iklan,2,0
C02994,6,21,112400.0,1,organik,4,0
C02995,3,1,53900.0,0,organik,2,0
C02996,5,54,63500.0,1,iklan,1,1
C02997,5,57,98300.0,0,iklan,4,1
C02998,4,1,85500.0,0,iklan,3,0
C02999,7,37,46300.0,1,referral,5,0
C03000,4,49,82500.0,0,organik,4,0
C03001,2,40,59900.0,0,iklan,1,0
C03002,3,10,98200.0,1,iklan,3,0
C03003,3,11,133200.0,1,referral,2,0
C03004,6,48,62600.0,0,iklan,1,0
C03005,5,26,71600.0,0,iklan,5,1
C03006,3,28,100100.0,0,referral,1,0
C03007,2,44,39900.0,0,iklan,5,1
C03008,2,59,77000.0,0,referral,1,1
C03009,4,6,69700.0,1,organik,5,0
C03010,8,39,51600.0,1,iklan,1,0
C03011,3,35,120000.0,0,organik,1,1
C03012,7,52,73700.0,1,iklan,3,0
C03013,2,55,51200.0,1,organik,3,1
C03014,1,59,134100.0,0,organik,3,1
C03015,2,15,33000.0,1,organik,3,1
C03016,5,20,61600.0,1,organik,2,0
C03017,2,1,82000.0,0,iklan,3,0
C03018,5,29,40500.0,0,iklan,1,0
C03019,4,1,152500.0,0,organik,1,0
C03020,4,27,84600.0,1,iklan,5,0
C03021,4,3,50700.0,1,referral,5,0
C03022,2,23,120100.0,0,referral,5,0
C03023,3,10,122100.0,0,organik,2,0
C03024,2,3,99300.0,0,referral,2,0
C03025,1,45,85500.0,0,organik,3,1
C03026,8,35,78700.0,1,referral,4,0
C03027,6,45,47300.0,1,organik,2,0
C03028,10,35,90300.0,1,organik,1,0
C03029,3,43,80700.0,1,organik,3,0
C03030,3,45,30000.0,0,referral,1,1
C03031,5,6,79000.0,0,referral,3,0
C03032,6,4,86800.0,0,organik,1,0
C03033,4,27,104300.0,1,iklan,1,0
C03034,3,15,63600.0,0,organik,4,0
C03035,5,13,112800.0,0,iklan,3,0
C03036,1,7,86300.0,0,organik,3,0
C03037,5,55,79300.0,1,iklan,4,1
C03038,2,17,73600.0,1,organik,4,0
C03039,8,10,95600.0,1,organik,4,0
C03040,5,7,108400.0,0,iklan,5,0
C03041,2,54,80000.0,1,iklan,1,0
C03042,3,10,68400.0,0,iklan,4,0
C03043,1,26,97800.0,0,organik,3,0
C03044,6,59,102800.0,1,organik,4,0
C03045,3,19,97700.0,1,iklan,1,0
C03046,4,59,61000.0,1,organik,4,1
C03047,4,25,71500.0,0,iklan,4,0
C03048,4,18,104200.0,1,iklan,1,0
C03049,7,54,58500.0,0,iklan,1,0
C03050,6,53,41100.0,1,referral,5,1
C03051,4,57,62700.0,1,iklan,4,1
C03052,3,30,57700.0,0,iklan,4,1
C03053,4,57,110800.0,0,iklan,4,0
C03054,2,36,79500.0,0,referral,4,1
C03055,3,49,71900.0,1,organik,1,0
C03056,0,55,115200.0,1,organik,3,1
C03057,2,58,94000.0,0,iklan,3,0
C03058,6,45,117100.0,1,referral,4,0
C03059,1,36,46000.0,1,iklan,3,1
C03060,5,53,56900.0,0,organik,4,1
C03061,2,44,55700.0,0,iklan,2,0
C03062,4,42,17700.0,0,organik,5,0
C03063,0,51,124500.0,0,organik,1,1
C03064,1,12,62900.0,0,referral,2,0
C03065,6,26,87200.0,0,iklan,4,1
C03066,7,38,110800.0,0,organik,5,0
C03067,1,55,101000.0,0,iklan,3,1
C03068,4,6,88000.0,1,organik,3,0
C03069,6,33,59400.0,0,iklan,3,0
C03070,2,39,58200.0,0,organik,5,0
C03071,2,48,88900.0,1,referral,2,0
C03072,5,29,55500.0,1,iklan,2,0
C03073,3,37,70100.0,0,iklan,1,1
C03074,2,12,50900.0,0,iklan,4,1
C03075,2,47,89600.0,0,organik,3,1
C03076,1,8,85000.0,1,referral,5,0
C03077,3,19,76600.0,1,referral,2,0
C03078,4,36,86600.0,1,organik,3,1
C03079,4,45,67800.0,1,organik,2,0
C03080,2,36,88100.0,1,referral,1,1
C03081,1,40,92500.0,1,iklan,3,1
C03082,4,11,87300.0,0,iklan,1,0
C03083,2,6,88600.0,0,referral,5,0
C03084,2,12,81600.0,0,organik,4,0
C03085,1,35,56800.0,0,iklan,3,0
C03086,2,41,73800.0,1,organik,5,1
C03087,2,33,81700.0,0,organik,5,0
C03088,4,30,68600.0,1,organik,1,1
C03089,2,32,72100.0,0,iklan,1,0
C03090,0,25,70500.0,0,organik,2,1
C03091,0,18,75400.0,0,organik,1,1
C03092,6,49,78900.0,1,referral,2,1
C03093,3,27,27300.0,0,organik,5,0
C03094,2,42,87300.0,0,organik,1,1
C03095,3,1,91500.0,1,organik,2,0
C03096,3,54,103500.0,0,iklan,1,1
C03097,4,6,71300.0,1,iklan,2,0
C03098,1,23,100400.0,1,referral,4,0
C03099,2,59,36000.0,1,iklan,4,1
C03100,2,54,135000.0,0,organik,3,0
C03101,1,33,67800.0,1,organik,2,1
C03102,0,33,102000.0,1,iklan,2,1
C03103,2,14,78500.0,0,organik,2,0
C03104,3,54,57700.0,1,organik,2,0
C03105,4,10,105100.0,0,referral,4,0
C03106,1,42,111000.0,0,iklan,1,1
C03107,6,27,79400.0,1,iklan,4,0
C03108,6,58,78600.0,1,iklan,5,0
C03109,2,15,129400.0,0,iklan,2,0
C03110,5,37,117700.0,0,organik,3,0
C03111,3,11,115200.0,0,referral,4,0
C03112,4,34,92100.0,1,iklan,2,1
C03113,1,59,82600.0,0,organik,4,1
C03114,4,9,92100.0,0,iklan,1,0
C03115,2,31,86100.0,1,referral,1,1
C03116,2,11,89900.0,0,organik,2,0
C03117,1,6,102200.0,1,iklan,1,0
C03118,3,1,82400.0,0,referral,5,0
C03119,4,21,108400.0,1,iklan,4,1
C03120,5,7,53800.0,0,iklan,4,0
C03121,4,54,70600.0,0,iklan,5,1
C03122,6,26,52000.0,0,organik,4,0
C03123,4,8,54000.0,0,iklan,4,0
C03124,2,53,29500.0,1,organik,4,1
C03125,4,46,70400.0,1,iklan,2,1
C03126,2,4,36300.0,1,organik,2,0
C03127,6,51,60200.0,0,iklan,4,0
C03128,2,56,99900.0,0,organik,3,0
C03129,2,4,63500.0,0,referral,4,0
C03130,4,29,70400.0,0,iklan,5,0
C03131,6,40,56200.0,0,organik,2,0
C03132,4,50,69200.0,1,referral,5,0
C03133,3,23,96200.0,0,iklan,1,0
C03134,4,55,81000.0,0,organik,5,0
C03135,4,20,83200.0,0,organik,1,0
C03136,3,21,125800.0,1,iklan,2,0
C03137,2,22,40800.0,1,iklan,2,1
C03138,3,51,102300.0,0,organik,4,1
C03139,2,47,54500.0,0,iklan,4,1
C03140,1,8,44300.0,0,organik,1,0
C03141,4,29,76200.0,0,iklan,4,0
C03142,2,14,89800.0,0,referral,1,1
C03143,7,58,97200.0,0,iklan,5,0
C03144,3,56,87800.0,1,organik,3,1
C03145,3,32,65800.0,1,iklan,4,0
C03146,3,57,47600.0,1,organik,4,1
C03147,1,34,45600.0,0,iklan,4,1
C03148,4,38,83700.0,1,referral,2,1
C03149,1,34,108500.0,0,organik,1,1
C03150,2,5,92600.0,0,organik,3,0
C03151,5,25,111400.0,1,organik,4,0
C03152,6,3,53200.0,1,organik,1,0
C03153,6,2,68100.0,0,organik,4,0
C03154,4,39,70300.0,0,iklan,1,1
C03155,7,36,64900.0,0,iklan,5,0
C03156,5,23,76800.0,0,iklan,1,0
C03157,1,18,118900.0,0,organik,1,1
C03158,8,13,48400.0,1,iklan,3,0
C03159,5,43,109200.0,0,organik,5,0
C03160,3,8,63200.0,1,organik,1,1
C03161,5,52,60100.0,1,iklan,3,1
C03162,3,24,66000.0,0,iklan,5,0
C03163,8,37,72200.0,1,organik,1,1
C03164,4,45,62500.0,1,organik,2,1
C03165,3,24,73300.0,1,iklan,1,1
C03166,3,55,76700.0,0,iklan,2,1
C03167,1,39,104400.0,1,organik,4,0
C03168,2,34,61500.0,0,iklan,3,1
C03169,4,17,47400.0,0,organik,4,0
C03170,4,20,53700.0,1,organik,5,0
C03171,5,58,57900.0,1,organik,2,1
C03172,5,50,54200.0,1,organik,1,1
C03173,3,17,63600.0,0,iklan,1,0
C03174,1,16,41400.0,0,organik,3,1
C03175,2,54,71000.0,0,referral,2,0
C03176,3,56,114900.0,1,referral,5,1
C03177,5,23,86600.0,1,iklan,4,0
C03178,3,32,41300.0,0,organik,3,0
C03179,1,48,86900.0,1,organik,4,1
C03180,2,29,99800.0,0,organik,3,0
C03181,0,18,88800.0,0,iklan,2,1
C03182,2,17,48200.0,1,iklan,4,0
C03183,4,33,127400.0,0,iklan,4,0
C03184,7,16,77300.0,1,organik,4,0
C03185,4,28,49800.0,1,iklan,5,0
C03186,1,10,89200.0,0,organik,5,0
C03187,1,21,71400.0,0,organik,1,1
C03188,2,49,75700.0,0,organik,4,1
C03189,2,58,105200.0,0,organik,1,1
C03190,6,48,98800.0,0,iklan,3,1
C03191,4,45,117300.0,0,referral,2,0
C03192,3,33,56000.0,0,organik,2,0
C03193,2,57,52400.0,0,iklan,1,1
C03194,3,51,59200.0,1,iklan,4,0
C03195,2,49,104100.0,1,iklan,1,1
C03196,4,16,69200.0,0,organik,3,1
C03197,2,49,64400.0,0,organik,5,0
C03198,3,42,53900.0,0,iklan,2,0
C03199,3,24,107600.0,0,iklan,5,1
C03200,4,11,97400.0,0,referral,2,0
C03201,3,16,117800.0,0,iklan,1,1
C03202,5,57,43200.0,0,organik,5,0
C03203,5,16,61100.0,0,organik,4,0
C03204,6,44,67100.0,1,iklan,1,0
C03205,3,47,83200.0,1,iklan,1,1
C03206,6,55,81800.0,0,iklan,5,0
C03207,3,41,91700.0,0,organik,1,0
C03208,5,2,76400.0,0,organik,1,0
C03209,4,2,90400.0,1,iklan,5,0
C03210,6,12,139800.0,0,referral,5,0
C03211,1,17,112900.0,0,organik,1,0
C03212,5,24,43500.0,0,iklan,1,0
C03213,2,29,55400.0,0,iklan,2,1
C03214,6,29,59900.0,0,referral,1,0
C03215,10,44,34900.0,0,organik,2,0
C03216,5,6,79900.0,1,organik,1,0
C03217,2,5,84900.0,1,organik,3,1
C03218,2,1,43700.0,1,organik,4,0
C03219,1,46,60300.0,0,iklan,5,1
C03220,2,50,77900.0,0,organik,5,0
C03221,4,43,113400.0,1,iklan,3,0
C03222,4,40,47900.0,0,organik,2,1
C03223,3,51,90100.0,0,organik,4,1
C03224,2,1,92600.0,0,organik,3,0
C03225,1,44,34200.0,0,iklan,1,1
C03226,2,41,128000.0,0,organik,3,0
C03227,5,25,65800.0,1,organik,4,0
C03228,1,2,102700.0,0,referral,3,0
C03229,1,4,104500.0,1,organik,1,0
C03230,4,53,106800.0,0,referral,2,1
C03231,1,42,62100.0,1,organik,2,1
C03232,1,22,93200.0,1,iklan,4,0
C03233,3,44,83100.0,0,referral,5,1
C03234,5,27,57400.0,0,organik,4,0
C03235,4,12,82100.0,0,iklan,1,0
C03236,4,58,91800.0,0,organik,4,1
C03237,2,52,72600.0,1,iklan,4,1
C03238,3,10,137700.0,0,organik,1,1
C03239,3,46,78400.0,1,organik,4,1
C03240,5,32,122800.0,1,organik,5,0
C03241,4,3,102100.0,1,referral,1,0
C03242,0,39,65800.0,1,iklan,5,1
C03243,2,48,15000.0,0,iklan,5,1
C03244,2,51,82600.0,0,referral,1,0
C03245,1,10,119200.0,1,organik,1,0
C03246,4,27,78200.0,0,iklan,5,0
C03247,2,29,50100.0,0,organik,2,0
C03248,2,5,70400.0,0,organik,5,0
C03249,5,11,125400.0,0,organik,5,0
C03250,2,17,95000.0,1,organik,4,1
C03251,2,27,70800.0,0,organik,5,0
C03252,4,34,36300.0,1,organik,1,0
C03253,3,54,45700.0,0,referral,1,1
C03254,1,1,108000.0,0,organik,2,0
C03255,4,42,99600.0,0,organik,1,0
C03256,1,22,74400.0,1,iklan,4,0
C03257,3,16,64000.0,0,organik,5,0
C03258,3,41,65200.0,1,organik,4,0
C03259,3,53,46800.0,0,organik,1,0
C03260,4,49,60900.0,0,iklan,1,0
C03261,3,57,30400.0,0,iklan,1,1
C03262,0,10,104100.0,1,referral,2,0
C03263,3,57,30800.0,0,organik,3,0
C03264,2,19,54200.0,0,iklan,5,1
C03265,3,1,61700.0,1,iklan,5,0
C03266,4,11,120100.0,0,referral,5,0
C03267,6,43,96700.0,1,organik,1,0
C03268,1,27,150800.0,1,organik,4,1
C03269,5,43,94500.0,0,iklan,3,1
C03270,0,26,76800.0,0,organik,3,1
C03271,3,5,44700.0,1,organik,1,0
C03272,3,13,119900.0,1,iklan,1,1
C03273,4,38,69500.0,1,organik,4,1
C03274,3,35,100200.0,1,organik,1,1
C03275,4,55,67300.0,0,referral,4,1
C03276,3,39,100900.0,1,organik,4,0
C03277,3,49,46600.0,0,organik,3,1
C03278,2,46,77100.0,1,referral,4,0
C03279,3,55,86900.0,1,organik,3,0
C03280,4,13,70200.0,0,referral,4,0
C03281,4,20,52000.0,0,iklan,4,0
C03282,1,20,78600.0,0,organik,2,1
C03283,2,48,15000.0,1,organik,1,1
C03284,5,43,43200.0,0,iklan,5,0
C03285,4,11,91500.0,0,iklan,2,0
C03286,1,40,77800.0,1,iklan,3,1
C03287,4,9,124000.0,1,organik,3,0
C03288,3,27,85200.0,1,iklan,5,0
C03289,3,23,133200.0,0,iklan,1,0
C03290,1,5,99900.0,1,iklan,3,0
C03291,3,53,40100.0,0,organik,1,1
C03292,9,46,112700.0,1,iklan,2,1
C03293,4,34,105400.0,0,organik,3,0
C03294,8,34,85900.0,0,organik,4,0
C03295,2,30,105100.0,1,iklan,5,0
C03296,4,44,128200.0,0,organik,2,0
C03297,4,38,121500.0,1,organik,4,1
C03298,4,8,56800.0,0,iklan,2,0
C03299,6,31,105700.0,1,organik,1,0
C03300,4,42,44500.0,1,iklan,1,1
C03301,5,49,54800.0,0,iklan,4,0
C03302,8,57,88500.0,1,organik,3,0
C03303,2,23,66600.0,1,iklan,4,1
C03304,2,13,99500.0,0,organik,3,0
C03305,2,31,81400.0,0,organik,1,1
C03306,5,23,102700.0,1,organik,3,0
C03307,2,8,91000.0,1,organik,2,0
C03308,2,5,91500.0,0,organik,5,0
C03309,2,50,55400.0,0,iklan,3,1
C03310,4,16,117400.0,0,organik,3,0
C03311,2,42,95200.0,1,iklan,5,1
C03312,3,4,61200.0,0,organik,2,0
C03313,1,54,69800.0,0,referral,1,1
C03314,4,44,82700.0,1,iklan,4,0
C03315,3,28,121200.0,1,iklan,1,1
C03316,6,46,96300.0,1,organik,5,1
C03317,4,17,91600.0,0,organik,2,0
C03318,1,36,94900.0,0,iklan,2,1
C03319,7,4,130400.0,0,organik,2,0
C03320,6,15,37200.0,0,organik,1,0
C03321,4,23,103000.0,1,iklan,4,1
C03322,2,20,33000.0,1,organik,5,0
C03323,3,9,66600.0,1,iklan,2,1
C03324,3,31,69700.0,0,organik,1,1
C03325,4,21,63900.0,1,iklan,1,0
C03326,3,29,119100.0,0,iklan,4,0
C03327,2,39,48600.0,1,organik,2,0
C03328,3,56,32400.0,0,organik,3,0
C03329,2,35,44300.0,0,organik,2,1
C03330,3,19,71600.0,0,organik,1,1
C03331,5,4,50000.0,1,organik,1,0
C03332,1,5,96200.0,0,iklan,1,0
C03333,5,5,98900.0,1,organik,1,0
C03334,2,12,84500.0,0,iklan,3,1
C03335,1,53,61500.0,0,organik,1,1
C03336,4,26,125400.0,0,iklan,1,1
C03337,2,30,101300.0,0,referral,4,0
C03338,4,3,22300.0,1,organik,3,0
C03339,2,25,94200.0,0,organik,2,0
C03340,3,18,94300.0,0,iklan,3,0
C03341,4,38,88200.0,0,referral,1,0
C03342,1,50,116900.0,1,organik,2,0
C03343,4,17,105900.0,1,iklan,1,0
C03344,4,8,94700.0,1,organik,4,0
C03345,5,6,66400.0,0,iklan,2,0
C03346,4,10,95700.0,0,organik,2,0
C03347,4,36,55600.0,0,iklan,2,0
C03348,3,27,106400.0,0,organik,5,1
C03349,6,13,97300.0,1,organik,1,0
C03350,2,4,42100.0,1,organik,3,0
C03351,6,1,68600.0,0,organik,3,0
C03352,6,35,87600.0,0,organik,2,0
C03353,3,48,102600.0,0,organik,4,1
C03354,2,45,99400.0,1,iklan,2,1
C03355,2,52,112700.0,1,organik,3,0
C03356,5,2,86000.0,0,organik,4,0
C03357,3,44,93000.0,1,iklan,1,1
C03358,4,10,66600.0,0,organik,1,0
C03359,2,39,51200.0,0,iklan,2,1
C03360,3,56,46200.0,1,organik,3,1
C03361,3,43,81400.0,0,organik,5,0
C03362,5,26,122000.0,0,organik,1,1
C03363,3,8,52100.0,1,organik,2,0
C03364,6,1,53000.0,0,organik,4,0
C03365,2,39,96300.0,0,organik,2,1
C03366,4,42,116400.0,0,iklan,2,0
C03367,2,58,61800.0,0,referral,4,0
C03368,2,3,114300.0,0,iklan,4,0
C03369,4,59,54700.0,1,iklan,1,1
C03370,4,31,88200.0,0,organik,3,0
C03371,3,54,76300.0,0,organik,4,1
C03372,3,55,50000.0,1,iklan,2,1
C03373,2,44,107200.0,1,iklan,1,1
C03374,4,20,115200.0,1,iklan,3,0
C03375,2,35,47100.0,1,organik,4,0
C03376,5,25,59100.0,0,iklan,2,1
C03377,4,23,46100.0,0,iklan,5,0
C03378,2,36,92300.0,1,iklan,2,0
C03379,4,56,87100.0,0,organik,4,1
C03380,2,34,92000.0,1,iklan,1,1
C03381,1,57,104600.0,1,organik,4,0
C03382,3,8,97700.0,0,organik,2,0
C03383,1,29,102400.0,1,organik,4,0
C03384,4,48,73200.0,1,organik,4,0
C03385,3,55,121400.0,0,organik,3,1
C03386,2,56,75700.0,0,organik,2,0
C03387,2,35,70200.0,0,iklan,1,1
C03388,2,40,71600.0,0,referral,2,1
C03389,1,26,104700.0,0,iklan,5,0
C03390,4,6,64700.0,0,organik,3,0
C03391,3,7,95000.0,1,referral,4,0
C03392,5,42,82100.0,0,referral,3,0
C03393,6,6,37800.0,1,organik,4,0
C03394,3,14,109900.0,0,organik,4,0
C03395,3,26,75500.0,0,organik,4,0
C03396,4,26,44200.0,0,iklan,2,0
C03397,4,49,72900.0,0,organik,2,0
C03398,6,33,114400.0,0,organik,2,0
C03399,4,25,96300.0,0,referral,4,0
C03400,1,10,73600.0,1,organik,5,0
C03401,1,32,80500.0,1,organik,4,1
C03402,3,50,38800.0,0,iklan,3,1
C03403,2,35,57100.0,0,organik,1,1
C03404,6,19,59400.0,1,iklan,1,1
C03405,4,3,33700.0,1,iklan,4,0
C03406,2,28,82800.0,1,iklan,4,0
C03407,4,43,69200.0,0,referral,4,0
C03408,2,27,82500.0,0,iklan,3,0
C03409,1,34,66000.0,0,organik,3,0
C03410,3,35,109400.0,0,iklan,2,1
C03411,3,28,65500.0,1,iklan,4,0
C03412,5,57,105700.0,1,organik,2,1
C03413,6,44,56600.0,1,iklan,2,1
C03414,1,41,83100.0,0,organik,1,1
C03415,0,58,83200.0,0,iklan,3,1
C03416,6,2,52900.0,0,organik,1,1
C03417,5,45,65900.0,0,iklan,4,0
C03418,6,32,77500.0,1,iklan,3,0
C03419,3,20,92100.0,1,iklan,4,0
C03420,1,28,69300.0,0,organik,3,0
C03421,3,44,87900.0,0,iklan,4,0
C03422,2,16,61000.0,0,organik,2,0
C03423,3,25,87600.0,0,iklan,1,0
C03424,4,8,89400.0,0,referral,5,0
C03425,4,2,74400.0,0,referral,2,0
C03426,3,9,73900.0,1,organik,3,0
C03427,5,42,112300.0,0,organik,1,0
C03428,2,24,79100.0,0,iklan,2,0
C03429,2,9,19800.0,1,iklan,2,0
C03430,6,56,81500.0,0,organik,3,0
C03431,1,36,94600.0,0,organik,1,0
C03432,4,16,82500.0,1,organik,2,0
C03433,1,50,67500.0,1,organik,4,1
C03434,1,18,62900.0,1,organik,2,0
C03435,3,12,106900.0,1,organik,4,1
C03436,0,12,85100.0,0,organik,3,1
C03437,3,18,29800.0,0,iklan,4,0
C03438,0,40,95400.0,0,organik,5,0
C03439,3,54,135900.0,0,referral,1,1
C03440,3,54,97400.0,0,iklan,3,0
C03441,2,5,45200.0,0,iklan,2,0
C03442,2,37,70900.0,0,organik,3,0
C03443,3,45,82900.0,0,organik,4,0
C03444,2,4,49000.0,1,organik,2,0
C03445,3,40,54900.0,0,iklan,3,1
C03446,4,29,70200.0,1,organik,5,0
C03447,1,6,34000.0,0,iklan,4,1
C03448,2,47,82900.0,0,iklan,2,1
C03449,3,21,82800.0,1,iklan,3,0
C03450,6,44,74400.0,1,iklan,3,0
C03451,1,27,95300.0,0,iklan,4,1
C03452,0,25,67600.0,1,iklan,3,0
C03453,5,34,91900.0,1,organik,5,0
C03454,1,31,93800.0,0,organik,4,1
C03455,1,13,84200.0,1,referral,5,0
C03456,2,48,66400.0,1,iklan,3,0
C03457,4,47,110100.0,1,organik,2,1
C03458,3,12,103500.0,0,iklan,4,0
C03459,5,25,57100.0,1,organik,1,0
C03460,2,56,111100.0,1,organik,4,0
C03461,4,57,76600.0,0,organik,3,0
C03462,1,37,124600.0,1,referral,3,0
C03463,6,13,94100.0,1,iklan,4,0
C03464,0,28,48500.0,0,organik,4,1
C03465,2,30,95800.0,0,organik,1,1
C03466,4,45,81400.0,0,organik,3,0
C03467,3,5,63600.0,0,iklan,5,0
C03468,3,39,28000.0,1,iklan,2,1
C03469,2,14,96500.0,1,referral,5,0
C03470,1,54,87900.0,1,organik,1,0
C03471,4,41,85700.0,0,iklan,2,0
C03472,4,7,61000.0,0,organik,4,1
C03473,4,11,100900.0,0,iklan,2,0
C03474,4,26,83400.0,1,organik,3,0
C03475,5,30,99600.0,0,iklan,4,0
C03476,7,45,88700.0,0,iklan,3,0
C03477,4,21,104200.0,1,referral,2,0
C03478,1,27,68400.0,1,organik,5,0
C03479,6,42,93700.0,0,iklan,1,0
C03480,1,42,86800.0,1,organik,5,0
C03481,2,56,63500.0,1,organik,5,1
C03482,2,50,144900.0,0,iklan,3,0
C03483,2,2,64500.0,0,organik,4,0
C03484,2,11,54000.0,1,iklan,5,0
C03485,3,34,68100.0,0,referral,2,0
C03486,3,4,100000.0,1,organik,4,0
C03487,2,20,89800.0,1,referral,5,0
C03488,2,37,66700.0,0,organik,2,0
C03489,1,58,90100.0,1,iklan,5,1
C03490,2,8,104000.0,0,iklan,4,0
C03491,2,17,62400.0,1,iklan,2,0
C03492,5,43,92900.0,0,referral,1,0
C03493,3,1,113700.0,0,organik,5,0
C03494,3,57,122700.0,1,iklan,4,1
C03495,4,27,38400.0,0,iklan,5,1
C03496,5,31,134100.0,0,organik,1,0
C03497,2,50,48500.0,1,iklan,1,1
C03498,4,33,107300.0,0,iklan,5,0
C03499,1,54,50200.0,0,organik,2,1
C03500,10,54,79100.0,0,organik,3,0
C03501,3,55,124200.0,0,organik,5,1
C03502,3,34,67000.0,1,organik,4,1
C03503,4,17,79700.0,0,organik,1,1
C03504,5,28,115200.0,0,iklan,5,0
C03505,3,50,90000.0,0,organik,2,1
C03506,2,2,107100.0,1,iklan,4,0
C03507,1,47,23300.0,1,organik,3,1
C03508,5,28,104300.0,0,referral,3,0
C03509,5,33,98100.0,1,organik,3,0
C03510,3,2,115200.0,0,organik,2,0
C03511,2,44,92600.0,0,iklan,4,0
C03512,4,47,67500.0,1,iklan,3,1
C03513,4,45,82000.0,1,iklan,1,1
C03514,3,55,90100.0,1,iklan,1,1
C03515,6,20,60100.0,0,iklan,3,0
C03516,1,48,85000.0,0,organik,5,1
C03517,1,35,49100.0,1,organik,5,1
C03518,3,41,118000.0,1,iklan,1,0
C03519,1,48,90400.0,1,organik,5,0
C03520,0,29,84800.0,0,iklan,3,0
C03521,4,33,112400.0,0,organik,4,0
C03522,3,58,89600.0,0,iklan,1,1
C03523,4,28,83500.0,1,iklan,3,0
C03524,4,37,111600.0,0,organik,2,0
C03525,5,59,65500.0,0,iklan,3,0
C03526,4,3,76100.0,0,organik,5,0
C03527,3,16,65800.0,0,iklan,3,0
C03528,2,43,77700.0,0,iklan,3,0
C03529,3,58,64600.0,1,iklan,5,0
C03530,1,33,82700.0,0,iklan,2,1
C03531,1,22,100900.0,0,referral,4,1
C03532,2,54,55000.0,1,iklan,2,1
C03533,4,58,100400.0,1,iklan,2,1
C03534,1,22,91200.0,1,iklan,1,1
C03535,4,51,62500.0,1,organik,4,0
C03536,5,48,84300.0,1,organik,2,0
C03537,4,45,97700.0,1,organik,5,1
C03538,5,37,87000.0,1,organik,5,0
C03539,3,47,19200.0,0,organik,2,1
C03540,4,5,80600.0,0,iklan,2,1
C03541,2,14,85100.0,1,iklan,2,0
C03542,5,48,66800.0,0,referral,2,0
C03543,2,50,93900.0,1,iklan,3,1
C03544,4,23,83200.0,1,iklan,1,0
C03545,5,51,74900.0,0,iklan,5,1
C03546,3,55,57600.0,1,organik,5,0
C03547,2,37,92200.0,0,referral,4,0
C03548,5,54,54500.0,0,organik,3,0
C03549,2,47,80500.0,0,organik,1,1
C03550,3,4,51600.0,0,organik,4,0
C03551,3,42,95300.0,0,iklan,3,0
C03552,4,24,71100.0,1,referral,4,0
C03553,3,7,78900.0,0,iklan,2,0
C03554,2,2,95400.0,0,iklan,4,0
C03555,5,38,63600.0,0,referral,1,0
C03556,4,45,128600.0,0,iklan,3,1
C03557,3,50,113400.0,0,iklan,2,1
C03558,4,59,125200.0,0,organik,3,0
C03559,0,44,131700.0,1,referral,4,1
C03560,5,18,76700.0,0,iklan,4,0
C03561,2,36,51600.0,0,iklan,5,0
C03562,5,57,71000.0,1,referral,5,0
C03563,3,43,99400.0,1,organik,4,0
C03564,3,42,118500.0,0,iklan,3,1
C03565,2,4,57000.0,0,organik,1,0
C03566,6,26,77100.0,1,organik,1,0
C03567,3,23,107400.0,1,organik,1,0
C03568,2,52,106400.0,1,iklan,1,1
C03569,3,23,66200.0,0,organik,1,0
C03570,3,12,77400.0,1,organik,1,0
C03571,2,22,65200.0,1,iklan,3,0
C03572,3,27,67500.0,1,iklan,5,1
C03573,1,5,78300.0,1,organik,2,0
C03574,2,2,75400.0,0,organik,5,0
C03575,3,7,64200.0,1,iklan,2,0
C03576,0,27,77600.0,0,iklan,3,1
C03577,2,14,86400.0,0,organik,1,1
C03578,1,46,66000.0,0,iklan,3,1
C03579,2,59,98500.0,0,organik,4,1
C03580,2,11,68500.0,1,iklan,2,1
C03581,3,11,79200.0,0,iklan,3,0
C03582,2,57,88500.0,0,iklan,1,1
C03583,5,1,56900.0,0,referral,3,0
C03584,2,43,67400.0,1,organik,1,1
C03585,3,4,110300.0,1,organik,4,0
C03586,5,20,58700.0,1,iklan,5,0
C03587,6,34,65400.0,0,organik,2,0
C03588,2,41,25100.0,0,organik,4,1
C03589,4,49,75500.0,0,organik,2,1
C03590,1,3,81800.0,0,organik,4,0
C03591,2,23,66300.0,0,iklan,1,1
C03592,3,33,81300.0,1,iklan,1,1
C03593,5,40,35900.0,1,organik,2,1
C03594,3,19,79300.0,0,organik,5,0
C03595,1,41,81900.0,1,organik,4,1
C03596,4,5,68200.0,1,organik,3,1
C03597,6,10,73500.0,0,referral,1,0
C03598,5,58,43200.0,1,organik,4,0
C03599,3,49,62300.0,1,iklan,1,1
C03600,6,8,76500.0,1,organik,4,0
C03601,2,10,43400.0,0,referral,1,0
C03602,1,29,88000.0,0,iklan,3,0
C03603,5,14,47900.0,0,organik,4,0
C03604,2,51,48300.0,0,iklan,4,1
C03605,3,25,109800.0,0,iklan,1,0
C03606,2,40,92200.0,1,organik,5,0
C03607,2,48,36500.0,1,organik,5,1
C03608,2,31,81500.0,0,organik,1,1
C03609,2,59,88200.0,0,iklan,5,0
C03610,3,30,60500.0,0,organik,1,1
C03611,5,4,73500.0,1,organik,1,0
C03612,9,24,82200.0,0,organik,3,0
C03613,9,14,72500.0,0,organik,5,0
C03614,5,44,37200.0,0,iklan,3,0
C03615,5,40,57300.0,0,organik,1,0
C03616,2,28,55000.0,1,iklan,3,1
C03617,0,2,120000.0,1,iklan,1,0
C03618,5,15,69900.0,0,iklan,3,0
C03619,1,33,67100.0,0,organik,5,0
C03620,5,24,86400.0,0,organik,4,0
C03621,2,40,41900.0,1,organik,4,0
C03622,1,13,103500.0,0,iklan,3,0
C03623,4,55,86500.0,1,referral,4,0
C03624,3,38,75300.0,0,organik,3,0
C03625,1,53,63700.0,0,referral,2,0
C03626,2,55,72300.0,1,referral,5,0
C03627,5,58,30300.0,0,organik,5,0
C03628,2,54,68200.0,0,organik,5,0
C03629,2,18,56900.0,1,organik,4,0
C03630,1,30,137000.0,1,organik,3,0
C03631,6,50,81200.0,0,iklan,5,0
C03632,1,19,102600.0,0,organik,4,0
C03633,4,3,58600.0,0,iklan,1,1
C03634,3,6,50000.0,0,organik,2,1
C03635,1,7,95200.0,0,referral,5,0
C03636,4,46,46400.0,0,organik,2,0
C03637,5,24,64500.0,1,referral,3,0
C03638,4,41,53600.0,0,iklan,2,1
C03639,4,42,85700.0,1,iklan,5,0
C03640,5,16,115500.0,1,iklan,3,0
C03641,1,39,110300.0,1,referral,5,1
C03642,2,22,66400.0,0,organik,4,0
C03643,4,41,120700.0,1,iklan,1,0
C03644,0,30,79700.0,0,iklan,3,1
C03645,4,31,76800.0,1,organik,5,0
C03646,0,20,98100.0,0,organik,3,1
C03647,3,43,94600.0,1,iklan,2,1
C03648,4,4,83500.0,0,organik,3,0
C03649,2,21,99000.0,0,organik,4,0
C03650,1,12,59400.0,0,iklan,5,1
C03651,3,44,75200.0,0,organik,1,1
C03652,0,18,109600.0,1,iklan,4,1
C03653,4,41,71800.0,0,organik,1,0
C03654,2,34,65300.0,0,referral,3,0
C03655,2,50,39800.0,0,organik,1,1
C03656,4,45,63600.0,1,iklan,3,1
C03657,2,51,101200.0,0,organik,4,1
C03658,3,32,39000.0,0,organik,5,1
C03659,7,12,116100.0,0,iklan,3,0
C03660,5,2,84300.0,0,referral,1,0
C03661,5,3,103200.0,0,organik,1,0
C03662,4,29,47500.0,0,organik,4,0
C03663,2,31,83800.0,1,organik,5,1
C03664,2,9,118800.0,0,organik,2,0
C03665,3,18,42300.0,0,referral,5,0
C03666,1,28,50500.0,0,organik,4,0
C03667,0,20,85500.0,1,organik,4,0
C03668,1,25,102600.0,0,organik,2,1
C03669,0,41,47700.0,0,organik,2,1
C03670,0,29,80700.0,0,organik,1,0
C03671,6,46,81700.0,0,organik,5,0
C03672,4,55,96500.0,0,iklan,5,0
C03673,2,45,86800.0,0,iklan,1,1
C03674,4,11,60300.0,1,iklan,3,0
C03675,3,51,103000.0,0,iklan,3,1
C03676,2,2,47200.0,0,organik,2,1
C03677,3,49,92500.0,1,organik,1,0
C03678,3,38,59800.0,1,referral,2,0
C03679,3,50,84000.0,0,organik,5,0
C03680,5,19,125100.0,0,organik,2,0
C03681,4,48,59700.0,0,organik,5,0
C03682,6,57,77500.0,0,iklan,1,1
C03683,5,32,72100.0,0,organik,3,0
C03684,2,12,44900.0,0,organik,4,0
C03685,2,1,110400.0,0,iklan,1,0
C03686,2,42,94600.0,0,iklan,3,0
C03687,3,13,68100.0,0,referral,1,0
C03688,3,50,80200.0,1,organik,2,1
C03689,7,14,56500.0,1,referral,3,0
C03690,5,1,67500.0,1,organik,5,0
C03691,0,20,41700.0,0,iklan,1,0
C03692,0,58,89700.0,0,iklan,4,1
C03693,6,15,77900.0,0,organik,2,0
C03694,6,56,53000.0,0,organik,2,1
C03695,4,7,102200.0,0,iklan,2,0
C03696,3,23,15000.0,0,iklan,5,0
C03697,6,22,61800.0,0,iklan,1,0
C03698,1,7,46600.0,0,referral,1,1
C03699,2,33,75700.0,0,referral,3,0
C03700,2,13,54600.0,1,organik,4,0
C03701,2,18,108900.0,0,referral,3,1
C03702,5,20,72100.0,1,iklan,2,1
C03703,4,59,15000.0,1,organik,2,1
C03704,2,47,87900.0,1,iklan,1,1
C03705,6,54,72800.0,0,referral,5,0
C03706,6,46,48200.0,0,organik,3,0
C03707,5,43,94900.0,1,organik,3,0
C03708,3,40,113400.0,1,organik,4,1
C03709,2,18,78900.0,1,iklan,1,1
C03710,2,32,113000.0,0,organik,2,1
C03711,7,32,82200.0,0,organik,5,1
C03712,3,26,80400.0,0,organik,2,1
C03713,4,44,87200.0,1,iklan,5,0
C03714,3,14,70000.0,1,referral,5,0
C03715,3,19,87800.0,1,referral,4,1
C03716,0,33,62000.0,0,referral,5,0
C03717,4,39,66800.0,0,organik,2,0
C03718,3,45,84800.0,1,iklan,5,0
C03719,3,3,75000.0,0,iklan,2,0
C03720,2,6,113300.0,1,iklan,4,0
C03721,2,58,66300.0,0,iklan,2,1
C03722,4,40,77700.0,0,organik,4,0
C03723,2,42,100600.0,1,referral,4,0
C03724,1,38,91000.0,1,organik,2,1
C03725,3,18,54900.0,0,organik,5,0
C03726,3,26,70600.0,0,iklan,5,0
C03727,4,7,29700.0,0,referral,3,0
C03728,3,52,100400.0,0,referral,4,0
C03729,6,57,76500.0,0,iklan,5,0
C03730,4,10,64500.0,1,iklan,5,0
C03731,4,14,60400.0,1,iklan,4,0
C03732,3,4,46800.0,1,iklan,3,0
C03733,7,32,86300.0,0,iklan,5,0
C03734,4,7,70500.0,0,organik,1,0
C03735,0,59,69400.0,0,organik,1,1
C03736,3,5,57400.0,0,referral,4,0
C03737,4,5,53800.0,0,organik,3,0
C03738,3,37,72700.0,1,iklan,3,1
C03739,5,48,71100.0,0,iklan,4,0
C03740,0,22,59900.0,1,organik,3,0
C03741,5,28,16300.0,0,organik,1,0
C03742,4,22,45100.0,1,organik,3,0
C03743,6,46,59700.0,0,iklan,2,0
C03744,4,44,52600.0,0,iklan,3,1
C03745,3,51,95900.0,0,iklan,5,0
C03746,5,20,67400.0,0,organik,3,0
C03747,4,14,69600.0,0,iklan,2,0
C03748,5,11,97300.0,0,organik,5,0
C03749,4,53,80100.0,0,organik,1,0
C03750,3,39,56300.0,0,organik,4,1
C03751,5,14,93900.0,0,organik,5,0
C03752,1,30,90600.0,0,iklan,1,1
C03753,0,20,39700.0,1,organik,2,1
C03754,3,45,46400.0,0,organik,1,1
C03755,5,23,63800.0,1,iklan,5,0
C03756,2,44,78600.0,1,organik,5,1
C03757,5,59,100100.0,1,organik,3,1
C03758,5,9,112000.0,1,iklan,3,0
C03759,4,4,57800.0,1,organik,1,0
C03760,5,39,58100.0,0,organik,5,0
C03761,3,49,72300.0,0,referral,4,0
C03762,2,16,84200.0,0,organik,5,0
C03763,4,56,65700.0,1,iklan,1,1
C03764,3,5,90100.0,1,referral,1,0
C03765,1,45,83400.0,0,iklan,2,1
C03766,1,38,71300.0,1,iklan,4,0
C03767,0,15,64500.0,1,iklan,2,1
C03768,3,4,90400.0,1,iklan,4,0
C03769,1,42,97900.0,1,organik,2,0
C03770,4,32,63600.0,0,referral,1,0
C03771,3,48,65200.0,1,iklan,3,1
C03772,5,33,60300.0,0,organik,5,0
C03773,2,45,81800.0,1,referral,3,1
C03774,5,33,118400.0,1,iklan,1,1
C03775,1,12,97100.0,0,iklan,3,0
C03776,5,42,58100.0,0,iklan,1,1
C03777,3,41,82400.0,0,organik,3,0
C03778,3,15,96800.0,0,organik,3,0
C03779,3,15,82100.0,0,organik,5,0
C03780,4,19,52600.0,0,iklan,3,0
C03781,5,47,127900.0,1,organik,2,0
C03782,4,59,89600.0,0,iklan,4,0
C03783,2,18,61900.0,0,iklan,5,0
C03784,6,42,57300.0,1,organik,2,1
C03785,6,30,54600.0,1,organik,3,0
C03786,1,17,110600.0,0,iklan,4,0
C03787,4,46,66200.0,1,iklan,1,0
C03788,7,26,123300.0,0,iklan,3,0
C03789,2,15,89000.0,0,organik,2,1
C03790,5,48,86000.0,0,iklan,4,0
C03791,4,20,87000.0,0,referral,1,0
C03792,8,11,112100.0,1,organik,4,0
C03793,2,17,93300.0,1,iklan,5,0
C03794,11,44,50500.0,0,iklan,4,0
C03795,4,5,95000.0,1,referral,4,0
C03796,5,33,52900.0,0,iklan,3,0
C03797,8,48,66200.0,0,iklan,1,0
C03798,0,49,79200.0,0,referral,2,1
C03799,1,55,121900.0,0,iklan,2,1
C03800,0,50,50000.0,0,referral,1,1
C03801,5,33,124500.0,0,iklan,3,1
C03802,6,21,83100.0,1,organik,4,0
C03803,3,58,55700.0,1,iklan,1,1
C03804,1,33,93500.0,1,iklan,4,0
C03805,3,4,88000.0,0,iklan,5,0
C03806,3,58,72200.0,0,organik,1,0
C03807,3,19,43000.0,0,iklan,3,0
C03808,5,33,94000.0,0,iklan,1,0
C03809,1,57,97100.0,1,organik,3,1
C03810,5,41,60700.0,1,organik,1,0
C03811,2,35,34500.0,0,organik,5,1
C03812,1,3,138700.0,1,referral,5,0
C03813,2,27,122700.0,1,organik,2,1
C03814,4,41,25800.0,0,organik,2,1
C03815,3,36,91400.0,1,referral,1,0
C03816,1,21,36600.0,0,iklan,4,1
C03817,2,24,48200.0,0,referral,5,0
C03818,2,56,90400.0,0,organik,2,1
C03819,6,23,126700.0,0,organik,2,0
C03820,2,56,37700.0,1,iklan,3,1
C03821,2,20,83000.0,0,organik,3,0
C03822,1,1,85800.0,1,referral,2,0
C03823,2,56,97900.0,1,iklan,2,1
C03824,3,25,35600.0,1,referral,5,0
C03825,4,31,92500.0,1,iklan,2,1
C03826,5,38,71900.0,0,organik,2,0
C03827,4,29,51300.0,0,iklan,3,0
C03828,3,31,79200.0,1,iklan,2,1
C03829,3,58,68500.0,0,organik,4,1
C03830,1,8,49600.0,1,iklan,1,0
C03831,2,54,51300.0,0,organik,4,0
C03832,5,45,83300.0,1,iklan,4,0
C03833,2,20,83500.0,1,organik,4,0
C03834,5,27,108200.0,0,referral,1,0
C03835,4,23,57100.0,1,referral,3,0
C03836,5,35,47100.0,1,referral,5,0
C03837,4,31,43600.0,0,organik,5,0
C03838,3,14,81600.0,0,iklan,1,1
C03839,5,48,73400.0,0,iklan,2,1
C03840,3,32,79500.0,0,referral,3,0
C03841,2,5,67800.0,1,iklan,1,0
C03842,2,1,105600.0,0,iklan,2,0
C03843,4,32,68600.0,0,organik,4,0
C03844,5,11,70400.0,0,iklan,1,0
C03845,2,38,59500.0,1,organik,4,1
C03846,2,57,44900.0,1,iklan,5,1
C03847,1,14,73700.0,0,iklan,4,1
C03848,6,40,69700.0,0,organik,2,1
C03849,3,41,40400.0,1,organik,3,0
C03850,3,26,72600.0,1,organik,5,0
C03851,6,31,79700.0,0,iklan,2,0
C03852,3,51,127800.0,0,iklan,3,1
C03853,6,23,92900.0,1,organik,3,0
C03854,6,56,104500.0,0,referral,2,0
C03855,4,17,97100.0,0,iklan,2,0
C03856,2,59,68200.0,0,iklan,3,0
C03857,6,4,136400.0,1,iklan,1,0
C03858,5,2,25900.0,1,iklan,2,0
C03859,1,16,69200.0,1,referral,1,1
C03860,5,4,68300.0,0,iklan,5,0
C03861,2,46,63000.0,1,organik,1,0
C03862,3,13,102800.0,0,iklan,3,1
C03863,2,11,98200.0,0,organik,5,0
C03864,3,59,91100.0,0,iklan,4,1
C03865,1,36,77800.0,0,iklan,3,0
C03866,3,7,115200.0,0,iklan,4,0
C03867,7,8,106400.0,0,iklan,3,0
C03868,3,51,49500.0,1,organik,2,1
C03869,4,5,54700.0,0,iklan,1,0
C03870,6,8,66300.0,1,iklan,5,0
C03871,4,47,93300.0,0,iklan,3,0
C03872,2,10,57200.0,0,organik,3,0
C03873,2,11,67800.0,1,iklan,5,1
C03874,3,59,59200.0,0,iklan,4,1
C03875,3,8,132900.0,1,iklan,1,0
C03876,4,31,66800.0,1,organik,4,1
C03877,1,55,107500.0,0,organik,1,1
C03878,8,13,101400.0,1,iklan,4,0
C03879,8,57,43200.0,0,organik,4,0
C03880,2,33,72400.0,0,organik,5,0
C03881,2,29,96600.0,0,organik,2,1
C03882,3,53,86800.0,1,organik,2,1
C03883,0,59,63600.0,1,organik,2,1
C03884,3,27,79100.0,0,organik,2,0
C03885,5,37,69700.0,1,organik,5,0
C03886,7,59,40800.0,1,referral,3,0
C03887,4,7,115100.0,0,referral,3,0
C03888,0,5,113000.0,0,referral,1,0
C03889,5,4,73300.0,1,iklan,4,0
C03890,4,49,106700.0,0,organik,5,0
C03891,2,52,89100.0,0,iklan,2,1
C03892,3,42,104500.0,0,organik,4,0
C03893,5,30,120600.0,0,iklan,1,1
C03894,4,42,94100.0,0,referral,1,0
C03895,1,12,93600.0,0,iklan,4,0
C03896,2,3,114900.0,0,organik,5,0
C03897,4,27,96500.0,0,referral,4,0
C03898,1,38,66000.0,1,iklan,1,1
C03899,2,49,62000.0,0,iklan,3,1
C03900,4,7,81600.0,0,iklan,5,0
C03901,2,55,78900.0,0,iklan,3,1
C03902,2,37,71900.0,0,iklan,4,1
C03903,2,20,81100.0,1,organik,2,1
C03904,0,2,78400.0,1,organik,4,0
C03905,6,32,124300.0,0,organik,3,0
C03906,2,15,67900.0,0,organik,3,0
C03907,3,3,110100.0,0,organik,5,0
C03908,3,26,77200.0,0,organik,5,0
C03909,2,41,126500.0,0,organik,4,0
C03910,7,44,93300.0,1,organik,1,0
C03911,1,24,104800.0,1,organik,2,1
C03912,5,19,58700.0,0,iklan,1,0
C03913,7,32,85700.0,1,organik,2,0
C03914,2,35,75800.0,0,organik,1,1
C03915,3,53,94100.0,1,iklan,5,0
C03916,3,12,107300.0,0,organik,4,0
C03917,3,26,101600.0,1,organik,3,1
C03918,5,5,79900.0,1,iklan,2,0
C03919,1,31,118400.0,1,iklan,4,0
C03920,2,37,68100.0,0,iklan,2,0
C03921,2,16,89300.0,1,organik,2,0
C03922,4,8,122400.0,0,organik,1,1
C03923,2,55,82800.0,0,referral,4,1
C03924,6,51,123100.0,0,organik,4,0
C03925,4,21,35700.0,0,iklan,5,0
C03926,4,52,66700.0,1,iklan,1,1
C03927,2,54,101100.0,0,organik,2,1
C03928,6,29,66000.0,1,iklan,4,1
C03929,4,2,84700.0,1,iklan,5,0
C03930,5,40,76000.0,0,iklan,1,0
C03931,1,51,46300.0,0,organik,4,1
C03932,6,3,51900.0,0,iklan,1,1
C03933,2,55,61600.0,0,iklan,1,1
C03934,6,25,76800.0,0,iklan,1,0
C03935,2,45,136400.0,0,organik,4,0
C03936,4,8,59400.0,1,organik,2,0
C03937,5,31,78300.0,0,referral,5,0
C03938,3,1,80100.0,1,iklan,3,0
C03939,1,47,98500.0,1,organik,2,1
C03940,4,17,77100.0,1,organik,4,0
C03941,3,32,83600.0,1,organik,1,0
C03942,2,6,120300.0,1,referral,3,0
C03943,4,19,69200.0,1,organik,2,0
C03944,4,1,57500.0,0,organik,2,0
C03945,3,34,70000.0,0,organik,2,0
C03946,3,58,125600.0,0,organik,5,0
C03947,4,5,70900.0,0,iklan,5,0
C03948,5,24,89000.0,1,organik,1,0
C03949,2,54,65700.0,0,iklan,4,0
C03950,4,17,82700.0,0,referral,2,0
C03951,4,54,67600.0,1,iklan,5,0
C03952,5,14,55500.0,0,iklan,5,0
C03953,5,25,52000.0,0,organik,5,0
C03954,7,42,65200.0,0,iklan,3,0
C03955,1,11,80800.0,0,iklan,5,1
C03956,7,45,87400.0,0,organik,5,0
C03957,4,18,85700.0,0,iklan,5,0
C03958,1,38,98800.0,1,iklan,1,1
C03959,3,42,52300.0,0,organik,4,0
C03960,2,37,38300.0,1,organik,5,0
C03961,5,42,102400.0,0,organik,5,0
C03962,0,42,78800.0,0,iklan,1,1
C03963,4,37,55400.0,0,iklan,2,0
C03964,6,37,104700.0,1,organik,1,0
C03965,6,31,94100.0,1,referral,4,0
C03966,4,55,80700.0,0,referral,1,1
C03967,1,59,43700.0,0,referral,1,1
C03968,3,55,72600.0,0,referral,4,0
C03969,1,59,53400.0,0,organik,2,1
C03970,4,43,70500.0,0,organik,3,0
C03971,2,57,50800.0,1,organik,2,1
C03972,3,28,64400.0,0,iklan,2,1
C03973,1,50,31900.0,1,organik,2,0
C03974,2,52,101400.0,1,organik,5,0
C03975,4,24,71600.0,1,organik,1,0
C03976,2,53,107600.0,0,organik,2,1
C03977,4,12,116100.0,0,iklan,2,0
C03978,1,30,66000.0,0,iklan,1,0
C03979,1,50,85600.0,0,organik,3,0
C03980,2,15,45400.0,1,organik,5,0
C03981,2,28,90900.0,0,referral,4,1
C03982,4,8,104600.0,0,organik,5,0
C03983,4,40,124100.0,0,organik,5,0
C03984,5,19,57700.0,0,organik,2,0
C03985,1,12,57500.0,1,organik,4,0
C03986,3,15,81500.0,1,organik,4,0
C03987,4,13,110700.0,1,referral,2,0
C03988,3,14,86600.0,1,organik,3,0
C03989,4,44,128300.0,0,organik,3,0
C03990,2,15,76000.0,1,organik,1,0
C03991,1,37,64300.0,0,organik,1,1
C03992,4,34,114100.0,0,organik,3,0
C03993,6,45,62700.0,0,organik,5,0
C03994,2,48,45900.0,1,organik,3,0
C03995,6,54,93700.0,0,organik,2,0
C03996,2,44,98800.0,0,iklan,4,1
C03997,8,47,52400.0,1,organik,3,0
C03998,3,29,94000.0,0,organik,3,0
C03999,3,56,112300.0,0,iklan,1,1
C04000,2,15,56700.0,1,iklan,3,1
C04001,4,51,93500.0,1,organik,1,0
C04002,3,21,88600.0,1,iklan,5,0
C04003,4,29,46500.0,1,organik,1,0
C04004,5,11,46900.0,0,organik,1,1
C04005,4,24,131100.0,0,organik,4,0
C04006,4,51,73500.0,0,organik,4,0
C04007,7,19,73800.0,0,iklan,1,0
C04008,2,24,75500.0,0,referral,3,1
C04009,3,26,74600.0,1,organik,5,0
C04010,2,50,52700.0,1,organik,2,1
C04011,2,48,81400.0,1,organik,1,1
C04012,3,3,55700.0,1,iklan,3,0
C04013,6,49,80500.0,0,organik,3,0
C04014,4,3,88200.0,1,organik,4,1
C04015,1,4,88700.0,0,organik,3,0
C04016,2,8,76500.0,0,iklan,3,0
C04017,2,15,63400.0,0,organik,5,0
C04018,1,49,33800.0,0,iklan,5,1
C04019,2,17,103100.0,0,iklan,1,0
C04020,0,15,42100.0,0,organik,3,0
C04021,2,47,48600.0,0,organik,1,1
C04022,1,8,88200.0,0,iklan,3,1
C04023,4,22,60900.0,0,organik,2,0
C04024,3,43,59900.0,0,organik,2,0
C04025,6,36,35000.0,0,iklan,4,1
C04026,1,3,118300.0,1,iklan,1,0
C04027,3,7,75600.0,0,organik,4,0
C04028,4,48,85900.0,1,organik,2,1
C04029,1,12,57900.0,0,organik,4,0
C04030,2,27,76100.0,0,organik,4,0
C04031,3,57,130300.0,1,iklan,3,0
C04032,4,6,53000.0,1,iklan,1,0
C04033,3,19,53300.0,1,iklan,2,1
C04034,1,13,67500.0,0,iklan,2,1
C04035,2,40,82900.0,0,organik,3,0
C04036,5,30,83200.0,1,organik,5,1
C04037,7,47,15000.0,1,organik,3,1
C04038,3,1,42400.0,1,iklan,5,0
C04039,1,50,73000.0,0,organik,5,0
C04040,0,41,74900.0,0,organik,5,1
C04041,5,2,62500.0,1,referral,5,0
C04042,5,18,79000.0,1,iklan,4,0
C04043,3,31,90500.0,0,iklan,4,1
C04044,0,56,65800.0,0,organik,5,1
C04045,5,1,77800.0,0,organik,5,0
C04046,4,16,53200.0,1,iklan,4,0
C04047,8,41,107100.0,0,organik,5,0
C04048,3,55,55100.0,0,organik,5,0
C04049,8,13,94600.0,1,iklan,5,0
C04050,5,49,126000.0,1,referral,3,0
C04051,3,6,82600.0,1,iklan,2,0
C04052,3,37,74900.0,0,iklan,1,1
C04053,1,27,92300.0,1,iklan,2,1
C04054,2,4,89600.0,0,iklan,3,0
C04055,6,22,69000.0,0,organik,3,0
C04056,2,41,77000.0,0,referral,1,1
C04057,3,52,85800.0,0,iklan,1,1
C04058,5,43,51800.0,0,referral,1,1
C04059,2,6,42900.0,1,organik,3,0
C04060,2,4,79200.0,1,iklan,3,0
C04061,1,41,67900.0,0,iklan,3,1
C04062,2,6,61900.0,1,iklan,5,0
C04063,7,50,52500.0,0,organik,4,0
C04064,3,46,58200.0,0,referral,5,0
C04065,1,50,55500.0,0,iklan,4,1
C04066,7,45,87600.0,0,iklan,1,0
C04067,5,28,64700.0,0,iklan,4,0
C04068,3,54,84700.0,1,iklan,4,1
C04069,2,37,53300.0,1,iklan,5,0
C04070,1,4,65500.0,0,referral,5,0
C04071,3,17,106900.0,1,iklan,4,1
C04072,4,6,39800.0,0,organik,5,0
C04073,3,35,90400.0,1,iklan,1,0
C04074,2,28,125200.0,1,organik,5,0
C04075,1,42,72000.0,0,referral,3,1
C04076,1,52,73500.0,0,referral,1,1
C04077,3,11,96700.0,0,organik,4,0
C04078,4,25,78500.0,0,organik,4,0
C04079,5,10,107300.0,1,referral,1,0
C04080,2,37,64500.0,1,iklan,2,1
C04081,6,5,114000.0,1,organik,3,0
C04082,2,23,84200.0,0,organik,5,0
C04083,4,36,77600.0,1,organik,1,1
C04084,3,20,58100.0,1,organik,4,0
C04085,2,26,88400.0,0,organik,3,0
C04086,6,41,70800.0,0,iklan,3,0
C04087,2,34,94600.0,0,organik,5,0
C04088,5,21,149800.0,0,organik,2,0
C04089,2,39,97900.0,0,iklan,4,0
C04090,4,50,64400.0,1,iklan,1,0
C04091,0,2,78900.0,0,organik,3,0
C04092,1,16,54200.0,0,iklan,5,0
C04093,3,26,66900.0,0,organik,2,0
C04094,6,35,85500.0,0,organik,4,0
C04095,3,47,79500.0,0,iklan,5,1
C04096,4,2,78400.0,1,iklan,1,0
C04097,0,3,71700.0,1,referral,5,0
C04098,3,43,81200.0,0,iklan,2,0
C04099,6,16,79700.0,0,iklan,4,0
C04100,1,9,49000.0,0,organik,3,0
C04101,3,46,67900.0,0,referral,3,1
C04102,4,22,125700.0,0,organik,3,0
C04103,3,31,79400.0,1,referral,4,0
C04104,0,43,78900.0,1,iklan,4,1
C04105,2,33,83800.0,1,iklan,4,1
C04106,2,57,72600.0,0,organik,5,0
C04107,3,1,84800.0,1,iklan,3,1
C04108,1,36,68000.0,0,iklan,2,1
C04109,6,33,52500.0,0,organik,3,0
C04110,1,57,121400.0,1,iklan,3,1
C04111,6,8,51300.0,0,organik,4,0
C04112,3,57,114600.0,1,organik,4,1
C04113,3,19,73000.0,0,iklan,2,0
C04114,3,45,105700.0,1,iklan,1,1
C04115,3,41,27700.0,1,referral,1,0
C04116,5,6,51800.0,0,iklan,2,0
C04117,3,8,64600.0,1,organik,5,0
C04118,6,7,70500.0,0,organik,2,0
C04119,6,8,131400.0,0,organik,5,0
C04120,4,16,98100.0,0,organik,2,0
C04121,3,45,50200.0,0,organik,5,0
C04122,1,29,89500.0,0,iklan,2,1
C04123,3,27,84500.0,0,iklan,1,0
C04124,2,55,95300.0,0,referral,2,0
C04125,4,26,70300.0,1,iklan,1,0
C04126,4,12,53600.0,0,organik,5,0
C04127,2,4,106500.0,0,iklan,3,0
C04128,4,32,80700.0,1,organik,5,1
C04129,5,39,89600.0,0,organik,1,1
C04130,2,23,69600.0,1,organik,4,0
C04131,2,47,86400.0,0,iklan,5,0
C04132,3,32,96500.0,0,organik,1,0
C04133,2,6,67100.0,0,iklan,1,1
C04134,1,41,109900.0,0,iklan,5,0
C04135,1,7,62400.0,0,organik,1,1
C04136,3,18,68400.0,0,iklan,5,0
C04137,3,59,89000.0,1,iklan,5,1
C04138,2,19,78200.0,1,organik,5,0
C04139,2,52,70500.0,1,organik,5,1
C04140,5,38,40200.0,0,organik,5,0
C04141,5,23,82500.0,0,iklan,1,1
C04142,6,55,81600.0,0,referral,3,1
C04143,8,23,83200.0,0,organik,3,0
C04144,3,9,63500.0,1,organik,3,0
C04145,0,33,91000.0,1,iklan,3,1
C04146,6,47,61600.0,1,iklan,4,0
C04147,6,32,76800.0,0,organik,3,0
C04148,2,21,43400.0,0,organik,1,0
C04149,6,19,15000.0,0,iklan,5,0
C04150,4,44,64400.0,1,organik,2,0
C04151,0,47,41500.0,1,iklan,2,1
C04152,3,48,77400.0,1,organik,2,1
C04153,5,40,69700.0,1,organik,1,1
C04154,6,8,89800.0,1,organik,3,0
C04155,6,48,109300.0,0,iklan,4,0
C04156,5,59,41300.0,0,iklan,2,1
C04157,4,48,96000.0,1,iklan,4,0
C04158,4,37,39500.0,1,iklan,2,1
C04159,4,41,75000.0,0,iklan,4,0
C04160,5,33,111700.0,1,organik,2,0
C04161,4,44,110100.0,0,referral,5,0
C04162,4,35,74600.0,0,iklan,4,0
C04163,4,3,70300.0,0,organik,2,0
C04164,0,22,37400.0,1,iklan,3,1
C04165,2,21,113900.0,1,organik,1,1
C04166,1,5,56200.0,0,iklan,4,0
C04167,4,30,48400.0,0,organik,4,0
C04168,5,50,91400.0,0,iklan,3,0
C04169,3,1,56800.0,1,organik,5,0
C04170,1,57,70400.0,1,organik,5,1
C04171,3,59,94300.0,0,iklan,4,1
C04172,1,9,70500.0,0,organik,5,0
C04173,4,53,86500.0,1,organik,2,0
C04174,3,1,92800.0,0,organik,2,0
C04175,3,41,80200.0,1,iklan,3,1
C04176,7,26,66700.0,0,iklan,3,1
C04177,7,31,63800.0,1,referral,2,0
C04178,3,10,101900.0,0,iklan,1,0
C04179,2,39,29200.0,0,organik,3,0
C04180,2,44,54300.0,0,referral,4,0
C04181,4,52,49800.0,1,iklan,2,1
C04182,2,23,71400.0,0,iklan,1,0
C04183,5,57,105100.0,0,referral,2,1
C04184,7,1,99300.0,0,iklan,1,0
C04185,3,13,89400.0,0,iklan,2,0
C04186,3,27,79600.0,1,referral,1,0
C04187,4,29,81300.0,1,referral,5,0
C04188,1,41,84100.0,1,organik,4,1
C04189,5,4,79900.0,0,organik,1,0
C04190,4,57,105700.0,0,iklan,1,1
C04191,2,56,125400.0,0,organik,5,0
C04192,3,2,75700.0,0,iklan,5,0
C04193,1,7,85900.0,1,organik,4,0
C04194,4,15,86100.0,1,referral,5,0
C04195,0,45,102400.0,0,iklan,2,1
C04196,3,27,52500.0,1,iklan,3,0
C04197,3,9,42300.0,1,iklan,4,1
C04198,3,15,65900.0,0,organik,3,0
C04199,1,28,122900.0,0,organik,1,0
C04200,3,5,74300.0,0,iklan,2,0
C04201,4,35,80100.0,0,referral,1,0
C04202,4,6,46100.0,1,organik,5,0
C04203,4,22,37500.0,0,iklan,5,1
C04204,1,29,89700.0,1,organik,2,1
C04205,3,25,110200.0,0,referral,3,0
C04206,2,33,125700.0,0,iklan,5,0
C04207,1,28,114800.0,1,organik,1,1
C04208,1,54,57500.0,0,referral,2,1
C04209,6,37,99600.0,0,organik,5,0
C04210,5,8,137300.0,1,iklan,3,0
C04211,6,12,116200.0,0,organik,2,0
C04212,5,46,111600.0,0,iklan,5,0
C04213,4,2,72800.0,0,iklan,3,0
C04214,4,18,65800.0,0,iklan,2,0
C04215,2,8,100300.0,1,referral,5,0
C04216,6,31,82100.0,1,iklan,1,0
C04217,4,45,43900.0,0,organik,1,1
C04218,4,58,73500.0,0,referral,2,0
C04219,2,20,88400.0,0,iklan,1,1
C04220,5,44,44000.0,0,organik,2,0
C04221,3,17,39100.0,0,iklan,5,1
C04222,1,54,58400.0,0,referral,5,1
C04223,2,1,72700.0,0,organik,3,0
C04224,4,36,70500.0,1,iklan,1,1
C04225,8,48,71300.0,0,organik,4,0
C04226,3,10,72400.0,0,organik,1,0
C04227,5,6,41400.0,1,referral,3,0
C04228,3,15,95500.0,0,iklan,3,1
C04229,3,28,91300.0,0,organik,3,0
C04230,7,51,71100.0,0,iklan,5,0
C04231,2,17,88800.0,0,referral,5,0
C04232,2,11,78300.0,0,iklan,5,0
C04233,2,35,111200.0,0,referral,4,1
C04234,6,35,50200.0,1,iklan,2,0
C04235,4,30,129700.0,0,organik,3,0
C04236,1,40,72000.0,0,organik,1,1
C04237,2,41,47900.0,0,organik,5,0
C04238,2,39,94200.0,0,organik,3,1
C04239,5,34,99100.0,1,organik,4,0
C04240,2,53,82700.0,1,organik,3,1
C04241,2,34,88700.0,0,iklan,3,0
C04242,3,49,112800.0,1,iklan,2,0
C04243,4,17,117300.0,0,iklan,2,0
C04244,2,58,84500.0,1,referral,2,1
C04245,5,54,73500.0,0,organik,2,0
C04246,2,58,62900.0,1,organik,4,1
C04247,6,10,62400.0,0,organik,5,0
C04248,1,58,110800.0,0,organik,5,1
C04249,1,34,72000.0,1,referral,1,0
C04250,2,54,79600.0,0,iklan,2,1
C04251,7,40,80200.0,0,iklan,3,0
C04252,1,21,43100.0,0,organik,1,0
C04253,2,26,81500.0,1,iklan,4,0
C04254,2,38,82000.0,0,iklan,5,1
C04255,1,38,59900.0,1,organik,1,1
C04256,3,34,103000.0,0,referral,4,1
C04257,2,28,79900.0,0,iklan,3,1
C04258,8,48,52400.0,0,iklan,5,0
C04259,1,53,83100.0,0,iklan,5,1
C04260,4,48,59900.0,1,organik,3,0
C04261,4,19,107900.0,0,iklan,2,0
C04262,3,53,63100.0,0,iklan,4,1
C04263,1,36,77200.0,0,organik,4,1
C04264,1,15,68200.0,1,organik,1,0
C04265,3,7,88800.0,0,iklan,5,0
C04266,2,18,35300.0,0,iklan,5,0
C04267,1,46,91500.0,0,organik,1,0
C04268,6,18,112400.0,1,organik,2,0
C04269,6,19,62300.0,1,iklan,3,0
C04270,6,58,110100.0,0,iklan,3,1
C04271,3,45,128100.0,0,organik,1,0
C04272,3,8,52800.0,0,organik,2,0
C04273,3,35,58300.0,1,organik,5,0
C04274,1,28,76400.0,0,iklan,5,0
C04275,5,17,21900.0,1,organik,5,0
C04276,4,37,81400.0,1,referral,5,0
C04277,4,48,89100.0,1,iklan,5,1
C04278,5,52,102000.0,1,organik,2,1
C04279,5,14,44600.0,0,organik,3,0
C04280,2,36,88400.0,0,iklan,5,0
C04281,5,7,70200.0,0,referral,5,0
C04282,6,27,65300.0,1,organik,2,0
C04283,0,27,41200.0,0,organik,5,0
C04284,2,16,70300.0,1,organik,1,1
C04285,2,14,81000.0,1,organik,2,1
C04286,2,59,82500.0,1,iklan,2,1
C04287,4,35,93900.0,1,organik,1,0
C04288,2,44,100700.0,0,organik,3,0
C04289,7,31,104400.0,0,iklan,1,0
C04290,4,8,92000.0,0,referral,2,0
C04291,4,4,58600.0,0,referral,1,0
C04292,1,30,80400.0,0,organik,4,0
C04293,4,39,88100.0,0,organik,2,0
C04294,5,2,124900.0,1,iklan,1,0
C04295,2,29,98300.0,0,iklan,2,1
C04296,3,51,93600.0,0,referral,3,1
C04297,2,49,70900.0,0,iklan,4,1
C04298,1,29,96600.0,0,organik,5,0
C04299,6,32,68300.0,1,organik,2,0
C04300,4,12,121700.0,1,referral,4,0
C04301,1,28,44000.0,0,iklan,5,0
C04302,3,51,59700.0,0,organik,1,1
C04303,4,25,73200.0,1,organik,2,0
C04304,3,23,45900.0,0,iklan,3,1
C04305,2,1,96100.0,0,organik,1,0
C04306,6,32,62700.0,0,organik,2,0
C04307,3,8,58000.0,0,organik,5,0
C04308,3,38,80200.0,1,organik,1,0
C04309,5,37,53800.0,1,organik,4,0
C04310,3,29,113700.0,0,iklan,4,0
C04311,5,58,61100.0,0,iklan,1,0
C04312,4,42,30700.0,0,organik,3,0
C04313,4,28,80000.0,0,organik,5,0
C04314,4,39,69000.0,0,referral,1,0
C04315,7,33,52900.0,1,organik,4,0
C04316,4,39,84900.0,1,iklan,1,0
C04317,6,7,107000.0,0,iklan,2,0
C04318,6,53,74400.0,0,referral,5,0
C04319,0,36,107400.0,1,iklan,4,1
C04320,2,30,51000.0,0,organik,2,0
C04321,6,19,43500.0,1,organik,1,0
C04322,2,20,96000.0,1,iklan,2,0
C04323,3,20,36300.0,0,iklan,4,1
C04324,5,56,82800.0,1,organik,2,0
C04325,6,25,119600.0,1,organik,5,0
C04326,6,3,95500.0,1,organik,4,0
C04327,2,21,58700.0,1,organik,4,1
C04328,4,48,86900.0,0,organik,2,1
C04329,2,3,91400.0,0,organik,2,0
C04330,5,37,120900.0,0,iklan,1,0
C04331,3,33,92400.0,0,organik,1,0
C04332,0,1,131100.0,0,iklan,3,0
C04333,3,15,67500.0,1,iklan,2,0
C04334,1,43,51300.0,0,referral,1,0
C04335,4,3,34900.0,1,iklan,1,0
C04336,2,18,79400.0,0,organik,5,1
C04337,3,55,41900.0,0,iklan,3,1
C04338,4,53,100800.0,0,referral,5,0
C04339,6,27,75800.0,0,referral,1,0
C04340,6,29,88200.0,0,referral,5,0
C04341,5,29,47000.0,1,organik,1,0
C04342,4,55,50100.0,1,iklan,5,1
C04343,4,40,70400.0,1,iklan,3,1
C04344,9,48,78100.0,0,referral,1,0
C04345,3,54,54700.0,0,organik,1,1
C04346,3,2,81800.0,1,organik,5,0
C04347,1,45,90500.0,0,organik,5,1
C04348,5,28,83000.0,0,organik,2,0
C04349,0,54,117600.0,0,organik,2,1
C04350,6,54,114400.0,1,iklan,3,0
C04351,3,23,67700.0,0,organik,1,0
C04352,3,25,76700.0,0,organik,3,0
C04353,3,46,73700.0,0,referral,2,0
C04354,3,1,87900.0,1,organik,5,0
C04355,2,51,45500.0,0,organik,5,1
C04356,2,26,122000.0,0,organik,3,0
C04357,3,23,91300.0,0,iklan,4,0
C04358,3,24,64100.0,1,organik,4,0
C04359,0,18,90100.0,0,referral,4,0
C04360,2,22,73400.0,0,iklan,1,0
C04361,4,56,87200.0,0,organik,1,1
C04362,4,8,34700.0,0,iklan,3,0
C04363,2,40,71000.0,1,organik,5,1
C04364,3,57,81500.0,1,organik,1,1
C04365,3,17,134900.0,0,iklan,1,0
C04366,3,12,76400.0,1,iklan,4,0
C04367,4,8,57700.0,0,referral,2,0
C04368,5,4,96400.0,1,organik,5,0
C04369,5,22,103900.0,1,iklan,4,0
C04370,3,23,79600.0,0,iklan,3,1
C04371,6,13,90500.0,0,iklan,1,0
C04372,2,15,84300.0,0,iklan,5,0
C04373,3,19,94700.0,1,iklan,3,1
C04374,0,50,76700.0,0,organik,4,1
C04375,6,9,44700.0,0,iklan,4,0
C04376,3,52,118600.0,0,organik,2,1
C04377,2,30,22700.0,0,organik,1,0
C04378,3,4,29100.0,0,organik,5,0
C04379,3,16,62600.0,0,organik,2,0
C04380,2,7,76300.0,1,referral,1,0
C04381,1,38,66400.0,0,iklan,5,1
C04382,8,6,43800.0,1,organik,1,0
C04383,2,16,96200.0,0,iklan,3,1
C04384,3,22,85600.0,1,organik,1,0
C04385,3,37,94200.0,0,organik,5,0
C04386,3,23,84500.0,1,referral,2,0
C04387,2,52,63200.0,0,organik,1,1
C04388,3,12,66900.0,0,referral,4,0
C04389,2,46,61200.0,0,organik,5,1
C04390,8,25,83200.0,0,organik,4,0
C04391,3,28,37600.0,0,organik,2,0
C04392,2,21,53200.0,1,organik,2,0
C04393,3,27,67800.0,0,organik,4,0
C04394,3,25,89500.0,1,iklan,2,1
C04395,4,14,128300.0,1,iklan,1,0
C04396,2,5,90000.0,0,iklan,3,1
C04397,5,35,105500.0,1,iklan,5,0
C04398,5,47,60100.0,1,iklan,2,1
C04399,4,6,80800.0,0,iklan,4,0
C04400,1,3,51000.0,0,iklan,2,0
C04401,4,10,93900.0,0,organik,2,0
C04402,6,44,71900.0,0,organik,3,1
C04403,1,25,88500.0,0,referral,2,1
C04404,4,21,88000.0,0,iklan,3,0
C04405,2,23,66000.0,1,organik,5,0
C04406,6,39,105100.0,0,referral,5,0
C04407,4,10,108200.0,0,organik,2,0
C04408,1,31,35400.0,1,referral,1,1
C04409,4,17,73900.0,1,referral,1,0
C04410,3,24,59500.0,0,referral,3,0
C04411,2,29,34200.0,0,iklan,1,0
C04412,2,4,110200.0,0,iklan,3,0
C04413,1,21,83200.0,0,organik,2,0
C04414,7,42,101100.0,0,iklan,1,0
C04415,3,5,48200.0,0,referral,4,0
C04416,3,35,70000.0,0,iklan,1,0
C04417,5,39,101200.0,0,iklan,2,0
C04418,5,16,59400.0,0,organik,2,0
C04419,2,33,56600.0,0,organik,1,1
C04420,2,16,47400.0,0,organik,4,0
C04421,4,48,107500.0,1,organik,3,1
C04422,3,29,99100.0,0,iklan,5,0
C04423,3,53,74500.0,1,organik,5,0
C04424,1,53,43600.0,0,iklan,2,1
C04425,1,5,95000.0,0,organik,3,0
C04426,2,21,65800.0,0,organik,2,1
C04427,6,49,86300.0,1,referral,2,1
C04428,3,38,83200.0,1,iklan,1,1
C04429,2,17,101700.0,1,organik,5,0
C04430,4,35,46700.0,0,iklan,4,1
C04431,2,51,70700.0,0,iklan,2,1
C04432,4,29,76800.0,1,iklan,5,0
C04433,6,38,51300.0,0,referral,2,0
C04434,2,19,83200.0,0,organik,2,0
C04435,8,18,84200.0,0,iklan,5,0
C04436,5,13,47300.0,0,organik,1,0
C04437,3,25,63500.0,0,referral,3,1
C04438,0,35,86300.0,1,referral,1,0
C04439,5,27,111800.0,1,iklan,3,0
C04440,3,33,73900.0,1,organik,4,0
C04441,1,17,85900.0,1,organik,5,0
C04442,6,26,85200.0,0,referral,4,0
C04443,6,44,78400.0,1,referral,1,0
C04444,3,15,25900.0,0,organik,2,0
C04445,3,56,95500.0,0,organik,3,0
C04446,3,22,71300.0,0,iklan,5,0
C04447,3,8,104200.0,1,organik,2,1
C04448,2,53,56100.0,1,organik,2,1
C04449,5,12,91600.0,0,organik,5,0
C04450,5,54,51500.0,0,iklan,1,1
C04451,3,46,60100.0,0,organik,3,0
C04452,4,41,114200.0,0,referral,4,0
C04453,0,57,74500.0,0,organik,1,0
C04454,3,27,74100.0,0,iklan,1,0
C04455,2,34,77000.0,0,organik,5,1
C04456,4,15,118100.0,1,organik,5,0
C04457,2,17,83300.0,1,iklan,4,0
C04458,1,12,56000.0,0,organik,5,0
C04459,2,52,71600.0,0,organik,5,0
C04460,1,5,66700.0,0,organik,3,0
C04461,4,49,85300.0,0,iklan,5,0
C04462,3,16,98600.0,0,referral,2,0
C04463,3,59,80000.0,0,organik,3,1
C04464,5,33,39100.0,0,referral,4,0
C04465,3,40,99200.0,0,organik,1,1
C04466,1,19,86800.0,1,iklan,5,0
C04467,1,50,50400.0,0,iklan,5,0
C04468,4,39,104000.0,1,organik,3,0
C04469,4,7,98100.0,0,iklan,4,0
C04470,1,3,64600.0,0,iklan,2,0
C04471,7,49,93300.0,0,organik,2,0
C04472,3,41,85000.0,0,iklan,4,0
C04473,3,2,85300.0,0,organik,4,0
C04474,5,18,67300.0,0,referral,3,0
C04475,4,38,97800.0,0,iklan,1,0
C04476,5,5,104800.0,0,iklan,1,0
C04477,4,29,120600.0,0,organik,5,0
C04478,3,36,109600.0,1,organik,3,0
C04479,2,37,94200.0,1,organik,3,0
C04480,8,21,57800.0,1,iklan,1,0
C04481,2,51,62100.0,0,referral,5,0
C04482,5,50,30700.0,0,iklan,1,0
C04483,4,26,86700.0,0,iklan,4,0
C04484,2,35,28200.0,1,organik,4,0
C04485,1,33,88900.0,0,referral,3,0
C04486,5,54,72300.0,0,iklan,5,0
C04487,2,25,104700.0,0,referral,2,1
C04488,5,3,103000.0,0,iklan,5,0
C04489,1,53,107000.0,0,iklan,3,1
C04490,3,6,104000.0,1,referral,1,0
C04491,4,18,92300.0,1,organik,4,0
C04492,5,15,90800.0,0,iklan,4,0
C04493,2,36,87800.0,0,organik,3,1
C04494,4,47,57600.0,0,iklan,5,1
C04495,5,32,51700.0,1,organik,5,0
C04496,4,3,69800.0,1,organik,5,0
C04497,3,46,94600.0,0,iklan,5,1
C04498,5,6,66500.0,0,iklan,3,0
C04499,3,40,126200.0,0,iklan,2,1
C04500,2,34,110100.0,1,organik,2,1
C04501,3,24,76900.0,0,iklan,5,0
C04502,3,55,69200.0,1,organik,1,1
C04503,2,45,54800.0,1,referral,3,0
C04504,3,26,57900.0,0,iklan,3,1
C04505,3,15,85300.0,1,iklan,5,1
C04506,3,39,130900.0,0,iklan,1,1
C04507,3,44,58100.0,1,iklan,2,1
C04508,7,42,60300.0,0,iklan,2,0
C04509,4,36,55200.0,0,referral,5,0
C04510,4,3,86700.0,0,organik,5,0
C04511,4,6,81900.0,0,iklan,4,0
C04512,3,16,77700.0,0,organik,5,0
C04513,2,52,58500.0,1,iklan,2,1
C04514,1,51,119200.0,1,organik,5,0
C04515,4,57,56300.0,0,referral,2,1
C04516,4,54,56100.0,1,organik,3,0
C04517,4,15,51200.0,0,organik,5,1
C04518,3,27,43300.0,0,iklan,5,0
C04519,3,26,82200.0,0,iklan,2,0
C04520,4,50,88500.0,1,organik,1,0
C04521,3,53,86800.0,0,organik,3,1
C04522,3,42,23000.0,1,iklan,2,1
C04523,4,1,72800.0,0,referral,5,0
C04524,2,5,103200.0,0,referral,3,0
C04525,8,38,122900.0,1,iklan,2,0
C04526,4,4,72100.0,0,iklan,1,0
C04527,2,27,77700.0,1,organik,4,1
C04528,2,10,85200.0,1,iklan,2,0
C04529,3,22,76100.0,1,referral,2,1
C04530,4,52,82100.0,0,iklan,5,1
C04531,2,59,35800.0,0,referral,2,1
C04532,4,37,89600.0,1,organik,2,1
C04533,4,24,107600.0,0,iklan,1,0
C04534,3,45,54400.0,1,organik,1,0
C04535,1,5,75100.0,0,organik,1,1
C04536,3,57,72900.0,1,organik,3,1
C04537,3,2,77900.0,0,organik,3,1
C04538,3,15,82200.0,1,iklan,3,1
C04539,1,6,26500.0,0,organik,4,0
C04540,3,41,70700.0,1,organik,4,0
C04541,6,2,41500.0,1,iklan,1,0
C04542,1,5,69800.0,0,iklan,5,0
C04543,4,25,100400.0,0,iklan,3,0
C04544,0,17,71700.0,1,organik,4,0
C04545,1,20,42200.0,0,organik,1,0
C04546,2,54,56200.0,1,iklan,2,0
C04547,1,54,81200.0,1,iklan,4,1
C04548,3,57,62000.0,1,referral,2,0
C04549,2,21,75700.0,0,organik,1,0
C04550,3,40,65500.0,0,organik,4,0
C04551,3,48,77300.0,1,organik,1,1
C04552,7,16,112500.0,1,organik,3,0
C04553,3,34,116600.0,0,organik,2,1
C04554,1,35,85200.0,1,organik,1,1
C04555,2,40,121400.0,0,referral,2,0
C04556,4,23,93900.0,1,organik,3,0
C04557,1,27,48100.0,0,organik,1,1
C04558,3,18,75200.0,1,iklan,2,0
C04559,2,4,57300.0,1,iklan,5,0
C04560,2,32,87300.0,0,iklan,2,0
C04561,1,5,86300.0,1,iklan,5,0
C04562,3,11,78200.0,1,organik,1,1
C04563,1,43,66900.0,0,iklan,3,1
C04564,2,59,91200.0,1,iklan,1,0
C04565,5,50,71600.0,0,iklan,1,0
C04566,8,2,99600.0,0,organik,1,0
C04567,3,44,64800.0,1,iklan,2,0
C04568,3,54,32000.0,0,organik,3,0
C04569,3,35,102100.0,1,iklan,1,1
C04570,3,31,89000.0,1,iklan,4,0
C04571,2,20,68000.0,1,organik,5,1
C04572,2,27,89100.0,0,iklan,1,0
C04573,4,13,104700.0,0,iklan,3,0
C04574,2,10,91600.0,1,organik,2,0
C04575,2,6,79700.0,0,organik,1,0
C04576,4,7,62800.0,1,organik,3,0
C04577,4,14,26700.0,1,iklan,2,0
C04578,3,46,80600.0,0,iklan,4,0
C04579,8,49,78400.0,1,organik,3,0
C04580,2,38,73300.0,1,referral,3,0
C04581,5,20,81500.0,0,organik,5,0
C04582,3,48,96000.0,0,organik,2,1
C04583,3,10,119700.0,0,iklan,5,1
C04584,4,9,77900.0,1,referral,5,0
C04585,3,2,82200.0,1,iklan,3,0
C04586,3,12,128400.0,0,organik,5,0
C04587,4,19,98200.0,1,iklan,5,0
C04588,3,23,60300.0,1,organik,1,0
C04589,2,3,104900.0,0,iklan,1,0
C04590,5,20,64800.0,1,organik,1,0
C04591,8,11,108300.0,0,iklan,5,0
C04592,2,43,64900.0,1,referral,2,0
C04593,5,24,98800.0,1,iklan,3,0
C04594,6,28,100100.0,1,iklan,5,0
C04595,2,43,78500.0,0,organik,1,0
C04596,3,37,75600.0,1,iklan,1,1
C04597,2,41,93300.0,1,iklan,5,1
C04598,0,12,109900.0,1,organik,3,0
C04599,3,10,77500.0,1,organik,5,0
C04600,1,12,94800.0,0,organik,2,0
C04601,5,18,99300.0,0,organik,3,0
C04602,2,50,29300.0,0,iklan,3,0
C04603,6,19,28800.0,0,iklan,1,0
C04604,4,34,68500.0,1,referral,5,0
C04605,2,53,68000.0,0,iklan,3,0
C04606,4,56,17300.0,0,iklan,2,0
C04607,3,9,97200.0,0,organik,2,0
C04608,0,28,63900.0,1,iklan,2,1
C04609,4,46,51800.0,0,referral,2,0
C04610,3,54,109800.0,1,iklan,2,0
C04611,2,30,42300.0,0,iklan,5,0
C04612,1,39,83800.0,0,organik,1,0
C04613,3,55,47900.0,0,iklan,1,0
C04614,7,31,130900.0,0,iklan,2,0
C04615,5,18,47000.0,1,iklan,5,0
C04616,4,2,58900.0,1,organik,5,0
C04617,0,44,97500.0,1,organik,5,1
C04618,1,59,71700.0,0,iklan,1,1
C04619,1,46,111800.0,1,organik,4,0
C04620,1,5,60200.0,0,referral,3,0
C04621,0,36,83900.0,0,organik,3,1
C04622,1,33,106300.0,1,iklan,1,1
C04623,1,50,103500.0,1,organik,3,1
C04624,1,32,84500.0,0,referral,2,0
C04625,3,15,46100.0,1,iklan,3,0
C04626,3,1,80200.0,0,organik,5,0
C04627,2,59,35500.0,1,organik,4,1
C04628,2,22,66200.0,0,referral,3,0
C04629,6,2,117600.0,0,organik,5,0
C04630,0,53,64300.0,0,iklan,4,1
C04631,8,31,61500.0,0,iklan,5,0
C04632,4,13,75200.0,1,organik,3,0
C04633,4,49,104800.0,1,iklan,2,0
C04634,3,23,48500.0,0,iklan,5,0
C04635,3,37,65200.0,0,organik,3,0
C04636,2,47,49000.0,0,organik,2,0
C04637,3,34,63700.0,0,referral,2,1
C04638,1,2,51000.0,0,organik,3,0
C04639,5,28,46600.0,0,organik,4,0
C04640,5,48,83900.0,0,organik,4,0
C04641,1,16,95200.0,0,iklan,3,0
C04642,5,36,80000.0,0,organik,5,0
C04643,5,34,113800.0,0,referral,2,0
C04644,4,9,84900.0,0,iklan,4,0
C04645,3,45,85100.0,0,referral,3,0
C04646,3,58,97300.0,0,referral,3,0
C04647,2,44,112900.0,0,organik,2,0
C04648,3,12,88100.0,0,iklan,5,0
C04649,4,16,72300.0,0,organik,1,0
C04650,2,16,145300.0,0,organik,5,0
C04651,6,23,50900.0,0,organik,5,0
C04652,6,36,84900.0,0,iklan,5,0
C04653,4,48,110400.0,1,iklan,1,1
C04654,0,10,90600.0,0,organik,3,1
C04655,6,50,62900.0,0,iklan,5,0
C04656,1,36,100400.0,0,iklan,5,0
C04657,10,51,103200.0,0,referral,3,0
C04658,2,20,60200.0,0,iklan,1,1
C04659,3,7,59200.0,0,iklan,1,0
C04660,4,59,80600.0,1,organik,3,1
C04661,2,52,88300.0,1,iklan,5,1
C04662,3,30,61800.0,0,referral,1,1
C04663,5,42,89700.0,1,organik,3,0
C04664,5,20,118000.0,0,iklan,1,0
C04665,0,19,81400.0,1,iklan,1,1
C04666,2,39,68800.0,0,organik,2,1
C04667,2,16,24700.0,0,iklan,2,1
C04668,3,31,103500.0,0,iklan,3,0
C04669,5,5,114900.0,0,organik,4,0
C04670,2,52,39100.0,1,iklan,3,1
C04671,1,1,29300.0,0,organik,1,0
C04672,6,8,101200.0,0,referral,3,0
C04673,1,56,72900.0,0,iklan,2,0
C04674,3,4,15900.0,0,iklan,3,0
C04675,2,49,111400.0,0,organik,3,1
C04676,2,51,81700.0,0,referral,3,1
C04677,2,37,104200.0,1,organik,4,0
C04678,4,33,84900.0,1,referral,1,1
C04679,4,7,93400.0,0,referral,1,0
C04680,1,52,68700.0,0,iklan,3,1
C04681,2,39,69100.0,0,iklan,5,1
C04682,5,2,89000.0,1,iklan,2,0
C04683,3,50,113000.0,0,iklan,5,0
C04684,4,13,58100.0,1,iklan,2,0
C04685,0,7,29200.0,1,iklan,2,0
C04686,3,55,55200.0,0,iklan,2,1
C04687,3,2,88600.0,0,organik,2,0
C04688,6,45,67000.0,0,referral,4,1
C04689,6,43,58000.0,0,organik,4,1
C04690,7,49,54200.0,0,referral,3,0
C04691,6,43,49700.0,1,iklan,5,0
C04692,1,16,73000.0,0,iklan,1,1
C04693,0,24,39600.0,0,iklan,2,1
C04694,5,39,136900.0,0,organik,5,0
C04695,5,40,70000.0,1,iklan,2,0
C04696,4,55,63500.0,1,iklan,1,1
C04697,5,37,80400.0,0,referral,3,0
C04698,2,43,85300.0,0,iklan,2,1
C04699,0,32,89900.0,0,organik,2,1
C04700,2,51,65300.0,0,referral,3,1
C04701,2,7,102100.0,0,iklan,2,0
C04702,4,19,69800.0,0,iklan,4,0
C04703,2,52,103600.0,1,iklan,2,1
C04704,4,31,72200.0,1,organik,4,0
C04705,1,12,83000.0,0,iklan,3,1
C04706,4,38,21600.0,0,organik,2,0
C04707,3,52,73700.0,0,iklan,1,0
C04708,3,2,84800.0,0,iklan,4,0
C04709,2,12,27600.0,0,organik,1,0
C04710,3,50,118900.0,1,organik,3,1
C04711,2,40,61000.0,1,iklan,4,1
C04712,4,45,47100.0,0,organik,2,1
C04713,2,13,67700.0,0,iklan,2,0
C04714,4,55,63700.0,0,organik,3,0
C04715,1,37,77800.0,0,referral,4,0
C04716,2,39,39500.0,1,organik,3,1
C04717,1,35,104600.0,0,organik,3,0
C04718,0,26,65400.0,1,iklan,3,1
C04719,4,25,58300.0,0,iklan,4,0
C04720,3,21,103500.0,0,organik,5,0
C04721,2,54,73300.0,0,iklan,1,0
C04722,5,45,60400.0,1,iklan,5,0
C04723,2,18,73200.0,0,organik,4,0
C04724,5,51,73800.0,0,organik,5,0
C04725,1,18,113000.0,0,iklan,2,1
C04726,3,53,95200.0,1,organik,4,0
C04727,4,43,64000.0,0,organik,4,0
C04728,3,23,56900.0,0,organik,1,0
C04729,4,32,48900.0,0,iklan,3,1
C04730,2,57,92500.0,0,organik,5,0
C04731,2,45,74700.0,1,iklan,2,0
C04732,2,19,92600.0,0,organik,1,0
C04733,7,33,24900.0,0,referral,1,0
C04734,4,20,84600.0,0,referral,4,0
C04735,1,45,52500.0,0,iklan,1,1
C04736,3,24,89400.0,1,organik,3,0
C04737,0,51,70700.0,0,organik,5,0
C04738,4,4,33700.0,1,organik,5,0
C04739,3,11,82200.0,1,referral,3,0
C04740,1,18,97800.0,0,organik,2,1
C04741,3,54,77200.0,0,iklan,4,0
C04742,2,22,73400.0,0,organik,5,1
C04743,1,11,63000.0,0,organik,1,0
C04744,4,26,66000.0,1,iklan,4,0
C04745,5,3,75400.0,1,organik,1,0
C04746,3,6,91400.0,1,iklan,3,0
C04747,4,49,70200.0,0,iklan,2,0
C04748,2,26,82500.0,0,organik,3,1
C04749,4,24,66700.0,1,iklan,2,0
C04750,6,4,73300.0,0,organik,1,0
C04751,3,28,58300.0,1,organik,1,1
C04752,7,13,52100.0,0,organik,2,0
C04753,4,20,52100.0,0,iklan,5,1
C04754,8,1,100500.0,0,organik,5,0
C04755,1,44,94100.0,0,referral,5,0
C04756,8,10,65300.0,1,organik,5,0
C04757,1,20,75800.0,0,iklan,5,0
C04758,3,21,87500.0,1,organik,4,0
C04759,3,46,15000.0,0,organik,5,0
C04760,3,55,65500.0,0,iklan,5,0
C04761,5,20,68200.0,0,organik,3,0
C04762,1,14,69800.0,0,iklan,1,0
C04763,3,8,69300.0,1,referral,1,0
C04764,2,50,81700.0,0,iklan,4,0
C04765,3,39,40100.0,0,iklan,1,0
C04766,3,47,85000.0,1,iklan,4,1
C04767,0,53,70500.0,0,organik,5,1
C04768,5,20,83200.0,0,referral,5,0
C04769,3,16,87900.0,1,organik,3,0
C04770,5,2,66300.0,0,organik,2,0
C04771,4,26,66000.0,0,iklan,1,1
C04772,2,2,40600.0,0,organik,5,0
C04773,5,31,90400.0,0,organik,3,0
C04774,3,21,110100.0,0,referral,2,0
C04775,8,18,37700.0,0,iklan,5,0
C04776,3,14,72500.0,0,iklan,1,1
C04777,3,26,68900.0,0,iklan,4,0
C04778,4,14,87800.0,0,organik,3,0
C04779,3,55,29100.0,1,organik,2,1
C04780,4,29,83400.0,1,referral,2,0
C04781,3,35,98000.0,0,organik,3,0
C04782,2,48,113700.0,0,referral,5,0
C04783,5,42,66500.0,0,iklan,2,1
C04784,1,19,49600.0,0,organik,1,0
C04785,1,23,68200.0,0,organik,3,0
C04786,7,57,110600.0,0,iklan,1,1
C04787,7,42,108600.0,1,iklan,2,0
C04788,2,3,71400.0,0,iklan,5,0
C04789,5,44,57800.0,1,iklan,3,1
C04790,2,8,103300.0,0,iklan,1,0
C04791,4,26,59900.0,0,organik,5,0
C04792,2,44,62600.0,1,iklan,2,1
C04793,6,18,64000.0,0,organik,5,0
C04794,6,30,94900.0,0,iklan,3,0
C04795,3,14,80700.0,0,organik,5,1
C04796,0,52,101800.0,0,organik,3,1
C04797,4,58,27400.0,0,organik,4,0
C04798,4,52,45400.0,0,iklan,2,0
C04799,8,35,45000.0,0,organik,5,0
C04800,1,11,118800.0,0,iklan,4,0
C04801,3,47,80300.0,1,organik,5,1
C04802,3,40,78300.0,0,referral,1,1
C04803,6,21,41700.0,1,iklan,1,0
C04804,4,58,70600.0,0,organik,5,1
C04805,4,4,67700.0,0,referral,3,0
C04806,4,45,80900.0,0,referral,2,0
C04807,1,36,84200.0,1,referral,2,1
C04808,6,30,24000.0,1,referral,5,0
C04809,3,19,78300.0,0,iklan,3,0
C04810,4,28,80100.0,0,organik,3,0
C04811,5,2,83000.0,1,organik,2,0
C04812,2,9,59500.0,1,iklan,1,1
C04813,4,43,68400.0,1,organik,5,1
C04814,2,3,88600.0,1,iklan,1,1
C04815,1,23,75800.0,0,iklan,1,1
C04816,2,31,57800.0,0,organik,1,0
C04817,5,24,58600.0,0,iklan,1,0
C04818,3,18,109900.0,1,organik,2,0
C04819,3,5,83800.0,0,iklan,5,0
C04820,0,26,37300.0,0,organik,1,1
C04821,5,2,49600.0,0,organik,5,0
C04822,3,40,56300.0,1,referral,1,0
C04823,7,51,76600.0,0,organik,4,0
C04824,4,15,93900.0,0,organik,2,1
C04825,4,31,99800.0,1,iklan,4,0
C04826,1,32,61300.0,1,referral,2,1
C04827,2,23,110600.0,0,iklan,5,0
C04828,1,43,65500.0,1,organik,2,1
C04829,6,23,40600.0,0,organik,2,0
C04830,2,15,85000.0,1,organik,5,0
C04831,0,3,43800.0,1,iklan,5,0
C04832,3,11,80500.0,1,iklan,1,0
C04833,2,12,84100.0,0,iklan,2,0
C04834,1,40,77700.0,0,referral,3,0
C04835,2,41,118200.0,1,iklan,1,1
C04836,7,25,107500.0,0,referral,2,0
C04837,3,20,53000.0,0,organik,3,0
C04838,2,1,45800.0,0,iklan,4,0
C04839,2,6,85400.0,0,organik,2,0
C04840,5,53,67500.0,0,iklan,2,0
C04841,4,29,51900.0,1,iklan,2,0
C04842,2,3,100300.0,0,iklan,5,0
C04843,5,28,82300.0,0,iklan,1,1
C04844,4,3,94400.0,0,referral,2,0
C04845,6,49,48100.0,0,iklan,4,1
C04846,5,44,76200.0,0,organik,1,1
C04847,3,5,96600.0,0,organik,4,0
C04848,6,27,75300.0,0,iklan,3,0
C04849,3,13,62800.0,0,iklan,5,0
C04850,3,57,65800.0,0,organik,1,1
C04851,1,7,76700.0,1,organik,5,0
C04852,2,34,129800.0,0,referral,4,0
C04853,3,6,77000.0,0,iklan,5,0
C04854,3,35,60600.0,0,iklan,4,0
C04855,1,12,84800.0,1,organik,3,0
C04856,3,33,44500.0,1,iklan,2,1
C04857,5,43,49600.0,0,iklan,5,0
C04858,1,57,90200.0,1,iklan,3,1
C04859,4,24,171600.0,0,organik,1,0
C04860,2,47,74000.0,0,iklan,1,1
C04861,4,14,48100.0,0,organik,2,0
C04862,3,21,103700.0,0,organik,4,0
C04863,3,28,70000.0,0,organik,2,0
C04864,3,12,55100.0,0,organik,3,0
C04865,3,37,100600.0,1,organik,2,0
C04866,0,8,85000.0,0,iklan,4,0
C04867,4,1,97800.0,1,iklan,4,0
C04868,3,53,47700.0,0,organik,4,1
C04869,4,49,88500.0,1,iklan,1,1
C04870,5,20,69700.0,0,referral,2,0
C04871,3,35,125100.0,0,referral,1,0
C04872,3,39,80900.0,0,iklan,5,0
C04873,5,20,100800.0,1,organik,4,0
C04874,3,25,72300.0,0,organik,2,0
C04875,5,29,28900.0,0,organik,2,0
C04876,4,56,88200.0,1,organik,4,0
C04877,5,44,58900.0,0,organik,5,0
C04878,5,38,51200.0,0,iklan,4,0
C04879,2,5,77500.0,1,iklan,2,0
C04880,2,9,51300.0,0,iklan,2,0
C04881,4,16,80900.0,0,organik,3,0
C04882,1,6,102500.0,0,referral,4,0
C04883,1,6,55900.0,1,organik,3,1
C04884,3,40,119100.0,1,organik,1,0
C04885,8,7,30500.0,0,iklan,1,0
C04886,2,10,63700.0,0,organik,3,0
C04887,2,57,53500.0,0,organik,1,0
C04888,5,2,46000.0,1,iklan,2,0
C04889,3,37,112200.0,1,referral,3,1
C04890,1,34,15000.0,0,organik,5,1
C04891,1,31,45600.0,0,organik,3,1
C04892,5,25,70600.0,1,organik,5,0
C04893,7,56,46700.0,0,iklan,1,1
C04894,5,30,48800.0,0,iklan,3,0
C04895,3,17,94100.0,1,referral,2,0
C04896,6,53,103500.0,0,organik,1,0
C04897,3,28,97500.0,1,organik,2,0
C04898,2,47,89300.0,1,iklan,4,0
C04899,4,5,64500.0,1,organik,3,0
C04900,3,6,85100.0,0,referral,2,0
C04901,4,47,107400.0,1,iklan,3,1
C04902,3,52,66800.0,0,organik,1,0
C04903,2,38,75900.0,0,organik,5,1
C04904,4,17,122300.0,0,iklan,5,0
C04905,1,23,83900.0,0,iklan,1,0
C04906,4,11,98300.0,0,organik,1,0
C04907,1,53,65200.0,0,organik,5,0
C04908,4,35,87500.0,0,iklan,4,1
C04909,3,28,73000.0,0,organik,2,0
C04910,7,17,16400.0,0,iklan,1,0
C04911,3,52,38800.0,1,organik,4,1
C04912,3,15,42200.0,1,referral,1,0
C04913,0,21,70300.0,0,iklan,3,1
C04914,4,38,73300.0,0,iklan,5,1
C04915,1,46,88000.0,0,organik,5,1
C04916,3,45,71800.0,0,iklan,1,1
C04917,6,16,48400.0,0,organik,3,0
C04918,5,35,47500.0,0,iklan,5,1
C04919,2,7,91500.0,0,organik,5,0
C04920,1,3,30800.0,0,organik,4,0
C04921,0,11,111300.0,0,iklan,1,1
C04922,4,52,62100.0,1,referral,4,0
C04923,2,27,105000.0,0,iklan,1,0
C04924,1,26,28700.0,0,iklan,5,1
C04925,1,41,111900.0,1,referral,5,0
C04926,3,36,130700.0,0,organik,4,0
C04927,0,43,101500.0,0,organik,5,1
C04928,4,19,92500.0,0,organik,5,0
C04929,2,11,72300.0,0,organik,5,0
C04930,1,40,68600.0,1,organik,1,1
C04931,3,7,63100.0,0,organik,1,0
C04932,4,9,60200.0,0,iklan,4,0
C04933,4,51,94000.0,0,organik,2,0
C04934,4,1,84300.0,1,organik,3,0
C04935,3,25,96700.0,0,referral,5,0
C04936,5,49,81800.0,1,referral,4,0
C04937,3,17,34600.0,1,iklan,2,1
C04938,5,28,63300.0,1,iklan,2,1
C04939,4,14,93600.0,1,referral,1,0
C04940,1,9,73100.0,0,organik,3,0
C04941,3,34,30700.0,0,referral,5,0
C04942,4,30,48000.0,1,referral,4,0
C04943,5,23,118600.0,0,organik,4,0
C04944,2,56,58700.0,0,iklan,5,1
C04945,5,24,92900.0,0,referral,2,0
C04946,5,16,106100.0,1,iklan,4,0
C04947,3,55,61500.0,0,iklan,3,0
C04948,7,35,118200.0,0,iklan,5,0
C04949,2,2,69200.0,0,organik,2,0
C04950,2,21,71600.0,1,organik,4,1
C04951,3,31,30600.0,0,organik,3,0
C04952,1,49,78000.0,1,iklan,5,0
C04953,4,21,86500.0,0,iklan,5,0
C04954,2,1,87900.0,1,iklan,1,1
C04955,7,31,87000.0,1,organik,1,0
C04956,0,36,56200.0,0,organik,2,1
C04957,2,55,53000.0,0,organik,4,1
C04958,4,11,63600.0,0,organik,1,0
C04959,4,40,57400.0,1,iklan,3,1
C04960,1,49,71300.0,0,iklan,4,1
C04961,4,20,66400.0,0,organik,4,0
C04962,6,18,34200.0,0,organik,1,0
C04963,6,39,91900.0,0,iklan,4,0
C04964,2,5,61500.0,0,iklan,5,0
C04965,5,18,69200.0,1,organik,3,0
C04966,4,5,61600.0,0,iklan,4,0
C04967,2,23,92700.0,0,organik,3,0
C04968,4,17,43900.0,1,organik,1,0
C04969,1,51,39700.0,0,iklan,4,1
C04970,3,24,82900.0,0,iklan,1,1
C04971,3,24,72600.0,1,iklan,4,1
C04972,1,12,67500.0,0,organik,2,1
C04973,6,40,120600.0,1,iklan,1,0
C04974,2,23,56400.0,0,iklan,4,1
C04975,5,50,72300.0,0,organik,1,1
C04976,4,18,93300.0,0,iklan,4,0
C04977,2,24,122600.0,0,iklan,3,0
C04978,1,18,38800.0,1,iklan,3,0
C04979,4,56,27400.0,0,organik,4,0
C04980,5,44,77000.0,0,organik,4,0
C04981,2,33,69500.0,1,organik,1,0
C04982,5,9,48900.0,1,organik,1,0
C04983,6,1,91500.0,0,organik,5,0
C04984,4,54,78200.0,1,organik,5,0
C04985,3,47,104400.0,0,organik,2,1
C04986,3,54,55700.0,0,iklan,1,0
C04987,2,11,91800.0,0,organik,5,0
C04988,4,44,78600.0,0,referral,5,0
C04989,3,34,58200.0,0,organik,3,0
C04990,3,2,88600.0,0,organik,2,0
C04991,6,40,80800.0,0,referral,2,0
C04992,4,1,87700.0,1,iklan,1,0
C04993,6,43,102200.0,1,organik,2,0
C04994,3,52,79800.0,1,organik,4,1
C04995,5,49,67300.0,0,iklan,1,1
C04996,5,45,98500.0,1,referral,2,0
C04997,4,42,74000.0,1,iklan,3,0
C04998,5,43,74200.0,0,referral,2,1
C04999,5,41,101100.0,0,iklan,1,1
