pelanggan_id,bulan_daftar,bulan_ke,transaksi,nilai
U00001,2026-04,0,2,148000
U00002,2025-04,0,8,432100
U00002,2025-04,1,6,245000
U00002,2025-04,2,3,139000
U00003,2025-01,1,5,238850
U00003,2025-01,2,7,377500
U00003,2025-01,3,4,150500
U00005,2025-07,0,6,327600
U00008,2025-07,0,5,315000
U00010,2025-07,0,8,385800
U00010,2025-07,1,4,254000
U00010,2025-07,2,7,425000
U00010,2025-07,3,4,178000
U00013,2026-01,0,2,50000
U00015,2026-01,0,6,526800
U00015,2026-01,1,6,483600
U00016,2025-04,0,8,393300
U00018,2025-12,0,5,349750
U00018,2025-12,1,3,208000
U00019,2025-02,0,5,301000
U00019,2025-02,1,9,476350
U00019,2025-02,2,4,284700
U00019,2025-02,3,6,273700
U00019,2025-02,4,2,80000
U00019,2025-02,5,2,129000
U00019,2025-02,6,1,18000
U00019,2025-02,7,8,320800
U00019,2025-02,8,8,395200
U00019,2025-02,9,1,146000
U00019,2025-02,10,8,459800
U00019,2025-02,11,9,625100
U00019,2025-02,12,6,462000
U00019,2025-02,13,5,245750
U00019,2025-02,14,6,472950
U00019,2025-02,15,3,98000
U00019,2025-02,16,3,146000
U00020,2025-06,0,4,272100
U00021,2025-03,0,10,522600
U00023,2026-01,0,4,141000
U00024,2026-05,0,4,463200
U00025,2025-06,0,7,276700
U00026,2025-12,0,7,365500
U00027,2025-11,0,5,362100
U00027,2025-11,1,2,62700
U00028,2026-02,0,3,313000
U00030,2025-10,0,2,132000
U00031,2025-12,0,4,205200
U00032,2026-03,0,9,363000
U00033,2025-12,0,4,171000
U00034,2025-08,0,3,157500
U00034,2025-08,1,2,146000
U00034,2025-08,2,5,353500
U00034,2025-08,3,8,610000
U00034,2025-08,4,10,638800
U00034,2025-08,5,10,438800
U00034,2025-08,6,5,582500
U00034,2025-08,7,5,352000
U00034,2025-08,8,5,691700
U00034,2025-08,9,7,473000
U00037,2025-03,0,8,391750
U00041,2026-04,0,5,282000
U00041,2026-04,1,5,370000
U00043,2025-02,0,10,543600
U00043,2025-02,1,4,192000
U00044,2025-08,0,5,154700
U00046,2025-12,0,7,553000
U00046,2025-12,1,7,334200
U00046,2025-12,2,8,497900
U00047,2026-03,0,2,73000
U00048,2025-01,0,16,846100
U00049,2025-09,0,4,168000
U00049,2025-09,1,2,117050
U00051,2026-06,0,8,320000
U00052,2025-07,0,5,352000
U00053,2025-03,0,8,581100
U00053,2025-03,1,10,552000
U00053,2025-03,2,4,265800
U00053,2025-03,3,10,512800
U00053,2025-03,4,7,532050
U00053,2025-03,5,8,433000
U00053,2025-03,6,5,249500
U00053,2025-03,7,6,360900
U00053,2025-03,8,6,345400
U00055,2025-09,0,3,121800
U00055,2025-09,1,3,223200
U00055,2025-09,2,7,635000
U00055,2025-09,3,6,180500
U00055,2025-09,4,8,343000
U00055,2025-09,5,2,189250
U00055,2025-09,8,3,67000
U00055,2025-09,9,1,35000
U00057,2025-06,0,6,353000
U00057,2025-06,1,4,195100
U00057,2025-06,2,8,570600
U00057,2025-06,3,6,232600
U00057,2025-06,4,4,128750
U00060,2025-06,0,3,138000
U00060,2025-06,1,3,129000
U00060,2025-06,2,3,158000
U00060,2025-06,3,4,278000
U00060,2025-06,4,2,275000
U00060,2025-06,5,3,142000
U00060,2025-06,6,6,301500
U00060,2025-06,7,3,188000
U00060,2025-06,8,8,554000
U00061,2026-06,0,2,155000
U00062,2025-04,0,8,317600
U00064,2026-04,0,5,563300
U00064,2026-04,1,3,118000
U00064,2026-04,2,6,294400
U00066,2026-03,0,3,190200
U00066,2026-03,1,3,195000
U00066,2026-03,2,4,251000
U00067,2025-10,0,11,554200
U00067,2025-10,1,6,570400
U00067,2025-10,2,4,311000
U00067,2025-10,3,4,317000
U00067,2025-10,4,10,461000
U00067,2025-10,5,8,492700
U00067,2025-10,6,9,496000
U00068,2025-11,0,3,550000
U00068,2025-11,1,4,166000
U00069,2025-04,0,7,345300
U00072,2026-05,0,7,459000
U00072,2026-05,1,6,278500
U00073,2026-03,0,6,380600
U00074,2025-11,0,4,209000
U00074,2025-11,1,1,80000
U00074,2025-11,2,2,64000
U00074,2025-11,3,4,229700
U00074,2025-11,4,5,315200
U00074,2025-11,5,7,327000
U00074,2025-11,6,9,445000
U00074,2025-11,7,9,322900
U00075,2025-11,0,3,169000
U00075,2025-11,1,6,233000
U00075,2025-11,2,2,132500
U00075,2025-11,3,3,224000
U00075,2025-11,4,7,363500
U00076,2025-08,0,2,134000
U00077,2025-08,0,5,275750
U00077,2025-08,1,5,348000
U00079,2025-01,0,11,504000
U00079,2025-01,1,10,580000
U00079,2025-01,2,7,342750
U00080,2025-06,0,3,229000
U00080,2025-06,1,5,151000
U00080,2025-06,2,8,624450
U00080,2025-06,3,2,33000
U00082,2026-01,0,8,629000
U00083,2025-08,0,14,606750
U00086,2025-05,0,3,129000
U00087,2025-02,0,6,206700
U00088,2026-01,0,7,323000
U00088,2026-01,1,5,574050
U00088,2026-01,2,6,481950
U00089,2025-08,0,4,252000
U00089,2025-08,1,3,117000
U00091,2025-10,0,2,186000
U00091,2025-10,1,2,68000
U00092,2025-09,0,4,205000
U00092,2025-09,1,9,634350
U00092,2025-09,2,5,653500
U00094,2025-11,0,4,253000
U00094,2025-11,1,5,292500
U00094,2025-11,2,5,187000
U00094,2025-11,3,7,425500
U00094,2025-11,4,3,252000
U00094,2025-11,5,3,170000
U00095,2025-12,0,5,325100
U00096,2025-04,0,5,258200
U00100,2025-10,0,5,343000
U00103,2025-01,1,5,317100
U00103,2025-01,2,11,466000
U00104,2025-07,0,6,421600
U00107,2026-02,0,12,791000
U00107,2026-02,1,5,315000
U00107,2026-02,2,7,462250
U00107,2026-02,3,5,243000
U00109,2026-04,0,5,306700
U00109,2026-04,1,8,474000
U00109,2026-04,2,10,755550
U00110,2025-09,0,8,453800
U00113,2026-03,0,6,391500
U00115,2026-05,0,5,248900
U00116,2025-08,0,4,170650
U00116,2025-08,1,3,141000
U00117,2026-03,0,5,359550
U00119,2025-01,1,7,276300
U00119,2025-01,2,8,474600
U00119,2025-01,3,4,278000
U00119,2025-01,4,4,285800
U00119,2025-01,5,2,139000
U00120,2026-03,0,6,574000
U00120,2026-03,1,6,372500
U00121,2026-04,0,3,201000
U00122,2025-10,0,3,176900
U00123,2026-02,0,3,129800
U00124,2025-06,0,5,254700
U00127,2025-06,0,6,516000
U00127,2025-06,1,6,343900
U00127,2025-06,2,5,249300
U00127,2025-06,3,5,103750
U00128,2025-02,0,5,312250
U00128,2025-02,1,11,685500
U00128,2025-02,2,5,208750
U00128,2025-02,3,8,382000
U00128,2025-02,4,4,622000
U00128,2025-02,6,6,414000
U00128,2025-02,7,4,233000
U00128,2025-02,8,5,380000
U00128,2025-02,9,2,59000
U00128,2025-02,10,5,309000
U00128,2025-02,11,3,215000
U00128,2025-02,12,5,457800
U00128,2025-02,13,4,186950
U00129,2025-04,0,5,312000
U00130,2026-05,0,12,668400
U00130,2026-05,1,6,139750
U00131,2025-08,0,10,642200
U00131,2025-08,1,6,336650
U00131,2025-08,2,5,484500
U00132,2026-06,0,4,302000
U00133,2025-07,0,3,162000
U00134,2025-02,0,8,374900
U00134,2025-02,1,6,402000
U00137,2026-01,0,2,67000
U00137,2026-01,1,4,381000
U00141,2025-07,0,4,305000
U00141,2025-07,1,4,155000
U00141,2025-07,2,1,50000
U00141,2025-07,3,6,287600
U00142,2025-11,0,3,101000
U00143,2025-11,0,3,135400
U00143,2025-11,1,6,380100
U00145,2025-04,0,6,282000
U00146,2026-02,0,3,132000
U00146,2026-02,1,3,388850
U00149,2026-05,0,6,270500
U00151,2026-06,0,8,220250
U00152,2025-12,0,3,79900
U00152,2025-12,1,9,840500
U00152,2025-12,2,5,264200
U00153,2025-06,0,5,329500
U00154,2025-03,0,11,582200
U00155,2025-02,0,5,262200
U00156,2026-05,0,3,194000
U00160,2025-06,0,4,100000
U00163,2025-02,0,7,530000
U00164,2025-12,0,4,146000
U00165,2025-02,0,6,186300
U00166,2025-09,0,1,47500
U00166,2025-09,1,2,120000
U00166,2025-09,2,8,554300
U00166,2025-09,3,6,270000
U00166,2025-09,4,8,552100
U00167,2025-02,6,7,318000
U00167,2025-02,7,9,601400
U00167,2025-02,8,6,225100
U00167,2025-02,9,8,276950
U00167,2025-02,10,9,533700
U00167,2025-02,11,4,166100
U00167,2025-02,12,8,381000
U00167,2025-02,13,7,430000
U00167,2025-02,14,6,282200
U00167,2025-02,15,6,690000
U00167,2025-02,16,10,446750
U00168,2025-02,0,6,305000
U00169,2025-07,0,9,574950
U00173,2026-05,0,9,597900
U00173,2026-05,1,9,532650
U00174,2025-09,0,3,141050
U00175,2025-10,0,8,421250
U00175,2025-10,1,2,60000
U00175,2025-10,2,5,279000
U00175,2025-10,3,3,374350
U00175,2025-10,4,4,147600
U00175,2025-10,5,4,420500
U00175,2025-10,6,5,475400
U00175,2025-10,7,4,242200
U00177,2025-09,0,2,101000
U00177,2025-09,1,6,656000
U00177,2025-09,2,3,135100
U00177,2025-09,3,4,146200
U00177,2025-09,4,7,453000
U00177,2025-09,5,6,381550
U00177,2025-09,6,5,299000
U00177,2025-09,7,4,224000
U00177,2025-09,8,3,111000
U00177,2025-09,9,5,253750
U00179,2025-11,0,6,281100
U00180,2026-04,0,8,509200
U00180,2026-04,1,12,597600
U00181,2025-06,0,7,341000
U00183,2025-04,0,2,166900
U00183,2025-04,1,10,298800
U00183,2025-04,2,6,204000
U00183,2025-04,3,2,72000
U00183,2025-04,4,3,411100
U00183,2025-04,5,5,503000
U00183,2025-04,6,3,158000
U00186,2026-05,0,8,686750
U00186,2026-05,1,8,505750
U00188,2026-03,0,4,198400
U00188,2026-03,1,3,399250
U00188,2026-03,2,12,765000
U00190,2025-12,0,3,183000
U00191,2025-02,0,4,96000
U00191,2025-02,1,11,654600
U00192,2025-12,0,9,373800
U00193,2025-02,0,10,551200
U00193,2025-02,1,5,302000
U00193,2025-02,2,5,395000
U00193,2025-02,3,12,849150
U00193,2025-02,4,6,223000
U00193,2025-02,5,3,230000
U00193,2025-02,6,5,211250
U00193,2025-02,7,9,586000
U00196,2026-05,0,9,471000
U00196,2026-05,1,6,195100
U00198,2025-05,0,4,316000
U00200,2025-11,0,2,52000
U00200,2025-11,1,3,191000
U00201,2026-02,0,6,535000
U00201,2026-02,1,10,443550
U00201,2026-02,2,11,730100
U00201,2026-02,3,6,399500
U00201,2026-02,4,8,611550
U00202,2026-03,0,5,217000
U00202,2026-03,1,8,381000
U00202,2026-03,2,9,526250
U00203,2025-09,0,6,409600
U00203,2025-09,1,4,98100
U00203,2025-09,2,7,527450
U00203,2025-09,3,6,237500
U00203,2025-09,4,3,124000
U00203,2025-09,5,5,292000
U00203,2025-09,6,7,473100
U00203,2025-09,7,4,97200
U00203,2025-09,8,5,205000
U00203,2025-09,9,5,442400
U00204,2025-03,0,4,114800
U00205,2026-03,0,5,236000
U00206,2025-11,3,6,419600
U00206,2025-11,4,6,392000
U00207,2025-03,0,5,186000
U00208,2025-08,0,6,391600
U00208,2025-08,1,5,159500
U00209,2025-03,0,10,325000
U00211,2025-06,0,5,280000
U00212,2025-02,0,4,200500
U00213,2025-06,0,4,216200
U00213,2025-06,1,3,140400
U00213,2025-06,2,6,241600
U00213,2025-06,3,3,128500
U00213,2025-06,4,8,312100
U00213,2025-06,5,9,473200
U00213,2025-06,6,5,451000
U00213,2025-06,7,5,416750
U00213,2025-06,8,7,391000
U00214,2025-11,0,6,559000
U00215,2025-11,0,5,230000
U00216,2026-04,0,11,973050
U00217,2025-07,0,6,295900
U00217,2025-07,1,3,226000
U00217,2025-07,2,2,38000
U00218,2025-12,0,3,196000
U00218,2025-12,1,2,62800
U00218,2025-12,2,2,47000
U00218,2025-12,3,5,379450
U00218,2025-12,4,5,250000
U00218,2025-12,5,4,148900
U00218,2025-12,6,12,1014200
U00219,2026-05,0,5,114800
U00222,2025-12,0,6,348100
U00227,2026-03,0,3,75000
U00228,2025-03,0,7,508800
U00228,2025-03,1,6,232000
U00229,2025-09,0,5,330000
U00229,2025-09,1,6,449350
U00230,2025-06,0,6,355850
U00230,2025-06,1,7,674650
U00230,2025-06,2,10,740500
U00233,2025-08,0,1,55000
U00233,2025-08,1,4,304000
U00234,2025-02,0,12,453000
U00234,2025-02,1,7,476300
U00234,2025-02,2,6,328000
U00234,2025-02,3,4,196000
U00235,2026-05,0,1,67450
U00236,2025-10,0,4,180000
U00236,2025-10,1,4,203250
U00236,2025-10,2,6,340100
U00241,2026-06,0,7,350450
U00242,2025-12,0,8,439000
U00244,2026-04,0,3,339300
U00244,2026-04,1,4,180000
U00244,2026-04,2,7,319750
U00245,2026-02,0,3,135000
U00245,2026-02,1,7,449000
U00245,2026-02,2,5,289000
U00247,2026-02,0,5,306200
U00247,2026-02,1,6,304000
U00247,2026-02,2,5,324750
U00247,2026-02,3,6,304600
U00248,2025-06,2,4,108000
U00248,2025-06,3,6,280000
U00251,2025-02,0,8,496700
U00251,2025-02,1,7,321950
U00251,2025-02,2,6,200750
U00251,2025-02,3,3,200000
U00251,2025-02,4,2,271000
U00251,2025-02,5,6,356200
U00251,2025-02,6,4,255000
U00251,2025-02,7,4,126150
U00251,2025-02,8,3,194150
U00251,2025-02,9,2,75000
U00251,2025-02,10,4,373000
U00251,2025-02,11,6,292600
U00252,2025-03,0,5,184600
U00253,2025-09,0,2,38750
U00253,2025-09,1,5,181550
U00255,2025-06,0,4,253000
U00255,2025-06,1,5,260700
U00256,2026-03,0,10,417800
U00258,2025-09,0,6,380000
U00258,2025-09,1,10,499800
U00260,2025-10,3,3,135000
U00260,2025-10,4,12,594700
U00260,2025-10,5,9,753500
U00260,2025-10,6,11,540250
U00260,2025-10,7,8,387300
U00260,2025-10,8,10,616550
U00261,2025-04,0,8,238500
U00262,2026-06,0,7,328850
U00263,2026-05,0,3,97850
U00263,2026-05,1,2,114250
U00264,2026-01,0,3,97500
U00265,2025-10,0,5,311000
U00268,2026-04,0,2,362000
U00268,2026-04,1,7,641600
U00268,2026-04,2,8,447900
U00270,2025-04,0,3,185000
U00271,2025-09,0,5,240600
U00272,2025-12,0,5,372000
U00272,2025-12,1,5,204750
U00272,2025-12,2,3,353000
U00275,2026-05,0,13,628600
U00276,2026-03,0,8,405500
U00276,2026-03,1,6,360400
U00276,2026-03,3,2,139000
U00277,2026-05,0,2,143350
U00277,2026-05,1,7,425300
U00278,2025-07,0,7,411150
U00278,2025-07,1,1,102000
U00278,2025-07,2,5,165000
U00278,2025-07,3,2,133000
U00278,2025-07,4,2,48000
U00278,2025-07,5,4,247700
U00278,2025-07,6,4,172000
U00279,2026-01,0,5,262000
U00279,2026-01,1,7,268450
U00279,2026-01,2,3,216600
U00280,2026-01,0,4,434350
U00281,2025-11,0,3,328000
U00285,2025-03,0,4,328000
U00285,2025-03,1,9,451250
U00285,2025-03,2,6,286300
U00285,2025-03,3,3,193000
U00285,2025-03,4,4,132000
U00285,2025-03,5,6,379000
U00285,2025-03,6,6,434000
U00285,2025-03,7,6,363000
U00285,2025-03,8,7,555500
U00285,2025-03,9,9,765750
U00285,2025-03,10,6,525100
U00285,2025-03,11,3,357000
U00285,2025-03,12,5,319450
U00285,2025-03,13,3,112200
U00285,2025-03,14,5,306800
U00285,2025-03,15,3,190800
U00287,2025-01,0,10,359700
U00288,2025-07,0,2,109000
U00288,2025-07,1,5,320000
U00288,2025-07,2,5,267000
U00288,2025-07,4,5,437600
U00288,2025-07,5,6,273000
U00288,2025-07,6,8,679400
U00288,2025-07,7,5,315500
U00290,2026-06,0,4,312000
U00292,2025-04,0,9,462900
U00292,2025-04,1,6,327000
U00292,2025-04,2,3,188000
U00292,2025-04,3,5,274000
U00292,2025-04,4,5,224700
U00292,2025-04,5,5,274000
U00293,2025-01,0,5,232000
U00293,2025-01,1,7,412200
U00293,2025-01,2,6,425000
U00293,2025-01,3,6,408600
U00293,2025-01,4,4,201000
U00293,2025-01,5,1,56000
U00293,2025-01,6,3,143400
U00293,2025-01,7,5,161000
U00293,2025-01,8,3,389600
U00293,2025-01,9,4,293000
U00295,2025-12,0,2,122000
U00296,2025-07,0,7,390900
U00301,2025-02,0,12,585950
U00301,2025-02,1,13,666100
U00301,2025-02,2,3,173600
U00301,2025-02,3,7,444000
U00301,2025-02,4,4,206000
U00301,2025-02,5,5,364700
U00301,2025-02,6,5,263800
U00301,2025-02,7,4,330000
U00301,2025-02,8,14,1331650
U00301,2025-02,9,9,394300
U00302,2026-05,0,9,413500
U00302,2026-05,1,8,636000
U00303,2025-07,0,6,331900
U00303,2025-07,1,5,316000
U00303,2025-07,2,5,359000
U00305,2025-01,0,14,602000
U00306,2025-11,0,5,245200
U00306,2025-11,1,2,61000
U00306,2025-11,2,10,716500
U00306,2025-11,3,1,63000
U00306,2025-11,4,8,286850
U00306,2025-11,5,5,177800
U00306,2025-11,6,11,659650
U00307,2025-05,0,6,327100
U00311,2025-03,0,5,226000
U00312,2025-03,0,7,280700
U00312,2025-03,1,7,354200
U00313,2025-05,0,4,186300
U00313,2025-05,1,3,250700
U00313,2025-05,2,8,498500
U00313,2025-05,3,2,73000
U00314,2026-03,0,6,319000
U00314,2026-03,1,5,239000
U00314,2026-03,2,2,91000
U00315,2025-05,0,11,480950
U00315,2025-05,1,3,44000
U00318,2025-04,0,7,435000
U00319,2025-12,0,3,71600
U00319,2025-12,1,5,325000
U00320,2026-02,0,8,290900
U00320,2026-02,1,9,607150
U00321,2026-04,0,7,450000
U00321,2026-04,1,6,202100
U00323,2025-05,0,10,552000
U00324,2025-08,0,4,250250
U00324,2025-08,1,6,366000
U00325,2025-03,0,10,461400
U00325,2025-03,1,3,195600
U00327,2025-09,0,7,318500
U00327,2025-09,1,8,353300
U00328,2026-02,0,3,83200
U00329,2025-05,0,3,200500
U00330,2025-07,0,5,307000
U00330,2025-07,1,3,312800
U00331,2025-01,0,12,473450
U00332,2025-01,0,7,448200
U00333,2025-10,0,7,374500
U00333,2025-10,1,5,394000
U00335,2025-11,0,5,148200
U00335,2025-11,1,3,217000
U00335,2025-11,2,8,451000
U00335,2025-11,3,4,301750
U00336,2025-01,1,5,267200
U00336,2025-01,2,3,135000
U00337,2025-11,0,4,257000
U00337,2025-11,1,2,268000
U00337,2025-11,2,5,334000
U00337,2025-11,3,1,49500
U00337,2025-11,4,3,115000
U00337,2025-11,5,3,257000
U00337,2025-11,6,6,310000
U00337,2025-11,7,4,148000
U00340,2025-09,0,7,358500
U00340,2025-09,1,4,336000
U00340,2025-09,2,4,162000
U00342,2025-04,0,1,25000
U00342,2025-04,1,7,501000
U00342,2025-04,2,5,482000
U00345,2025-09,0,5,310000
U00345,2025-09,1,4,281500
U00345,2025-09,3,4,277000
U00345,2025-09,4,5,408000
U00345,2025-09,5,6,409100
U00345,2025-09,6,3,144600
U00345,2025-09,7,5,230000
U00345,2025-09,8,5,286000
U00345,2025-09,9,5,294300
U00346,2025-11,0,7,333350
U00346,2025-11,1,3,161000
U00346,2025-11,2,4,183000
U00346,2025-11,3,3,75000
U00346,2025-11,4,3,155000
U00346,2025-11,5,4,348300
U00346,2025-11,6,1,110000
U00346,2025-11,7,5,124000
U00347,2026-01,0,5,328800
U00347,2026-01,1,9,584550
U00347,2026-01,2,10,733300
U00347,2026-01,3,5,424000
U00347,2026-01,4,9,655000
U00347,2026-01,5,7,267250
U00348,2026-06,0,4,299000
U00349,2025-01,0,12,567900
U00350,2026-05,0,7,447000
U00352,2025-02,0,9,260550
U00352,2025-02,1,5,359750
U00354,2026-04,0,6,369000
U00355,2025-06,0,5,211900
U00355,2025-06,1,10,315150
U00355,2025-06,2,7,333500
U00355,2025-06,3,13,684000
U00355,2025-06,4,5,257000
U00355,2025-06,5,8,383000
U00355,2025-06,6,4,259000
U00355,2025-06,7,3,167000
U00355,2025-06,8,5,283250
U00355,2025-06,9,8,489000
U00361,2025-09,0,9,624400
U00361,2025-09,1,4,221000
U00362,2026-01,0,3,59200
U00362,2026-01,1,7,677650
U00362,2026-01,2,7,687000
U00362,2026-01,3,6,225000
U00362,2026-01,4,12,565650
U00362,2026-01,5,10,566250
U00364,2026-01,0,6,437650
U00364,2026-01,1,10,873600
U00366,2026-04,0,5,204000
U00366,2026-04,1,2,48000
U00368,2026-06,0,3,223000
U00369,2026-01,0,4,308000
U00369,2026-01,1,4,204350
U00369,2026-01,2,7,334000
U00369,2026-01,3,6,371000
U00369,2026-01,4,4,390000
U00369,2026-01,5,9,587000
U00371,2026-03,0,4,104100
U00372,2025-12,0,2,156000
U00372,2025-12,1,7,329550
U00374,2026-02,0,5,208600
U00374,2026-02,1,8,371850
U00375,2026-01,0,6,502800
U00378,2025-12,0,5,155400
U00379,2025-08,0,6,169000
U00379,2025-08,1,5,273000
U00380,2025-06,0,1,39600
U00382,2025-03,0,5,268200
U00383,2026-06,0,4,341000
U00384,2025-10,0,7,362000
U00386,2025-09,0,2,106000
U00386,2025-09,1,3,206000
U00386,2025-09,2,9,512000
U00386,2025-09,3,4,249000
U00386,2025-09,4,6,721000
U00386,2025-09,5,4,372000
U00386,2025-09,6,8,375300
U00387,2026-02,0,7,428200
U00388,2025-11,0,7,389000
U00389,2025-10,0,6,462150
U00389,2025-10,1,5,146500
U00390,2025-12,0,3,76600
U00390,2025-12,1,6,397200
U00391,2025-01,0,13,747850
U00391,2025-01,1,7,328000
U00391,2025-01,2,4,175700
U00391,2025-01,3,5,393000
U00391,2025-01,4,2,137800
U00391,2025-01,5,2,215000
U00391,2025-01,6,6,719000
U00391,2025-01,7,7,373500
U00392,2025-09,0,4,242500
U00393,2025-08,0,5,359000
U00395,2025-11,0,9,618750
U00395,2025-11,1,4,111000
U00395,2025-11,2,6,443000
U00396,2025-04,0,4,114500
U00397,2026-04,0,5,222150
U00397,2026-04,1,6,370200
U00397,2026-04,2,6,370850
U00399,2026-06,0,4,215000
U00400,2025-07,0,6,337000
U00400,2025-07,1,7,684400
U00400,2025-07,2,5,491300
U00400,2025-07,3,9,417000
U00400,2025-07,4,6,261000
U00402,2026-02,0,7,530000
U00402,2026-02,1,8,413300
U00402,2026-02,2,6,431000
U00403,2026-01,0,6,323500
U00404,2025-12,0,3,382200
U00405,2025-01,0,9,521500
U00406,2025-04,0,5,318300
U00407,2026-04,0,3,487000
U00407,2026-04,1,2,180000
U00408,2026-02,0,2,165000
U00410,2026-02,0,5,364000
U00410,2026-02,1,4,333000
U00410,2026-02,2,5,394500
U00410,2026-02,3,6,396000
U00410,2026-02,4,11,637000
U00412,2026-02,0,6,275000
U00415,2025-08,0,4,275000
U00418,2026-04,0,6,565050
U00418,2026-04,1,6,635500
U00418,2026-04,2,9,432600
U00421,2025-06,0,5,337000
U00423,2025-05,0,7,349850
U00423,2025-05,1,8,419200
U00423,2025-05,2,5,287000
U00423,2025-05,3,7,428450
U00423,2025-05,4,8,473800
U00423,2025-05,5,4,422800
U00423,2025-05,6,6,426300
U00423,2025-05,7,11,383550
U00423,2025-05,8,4,135000
U00423,2025-05,9,7,480000
U00423,2025-05,10,7,545000
U00423,2025-05,11,9,613650
U00424,2025-10,0,5,467200
U00424,2025-10,1,11,875750
U00424,2025-10,2,6,275000
U00426,2025-05,0,7,412200
U00426,2025-05,1,4,403000
U00426,2025-05,2,7,423150
U00426,2025-05,3,3,221150
U00426,2025-05,4,4,194500
U00426,2025-05,5,4,149750
U00427,2026-01,0,2,101000
U00428,2025-08,0,5,279750
U00428,2025-08,1,3,80000
U00431,2025-02,0,7,372300
U00433,2025-07,0,6,212500
U00433,2025-07,1,4,244100
U00433,2025-07,2,6,217100
U00433,2025-07,3,8,531000
U00433,2025-07,4,2,207000
U00433,2025-07,5,5,355000
U00435,2025-08,0,2,153000
U00436,2026-05,0,4,239000
U00437,2025-09,0,4,257500
U00439,2026-03,0,6,556600
U00439,2026-03,1,6,273700
U00440,2025-04,0,10,441700
U00441,2025-03,0,8,398000
U00442,2025-08,0,6,288000
U00442,2025-08,1,4,103750
U00443,2025-12,0,4,235000
U00445,2025-03,0,6,320100
U00446,2025-12,0,8,769850
U00447,2026-05,0,9,575900
U00449,2026-05,0,4,197250
U00449,2026-05,1,10,732500
U00450,2025-08,0,1,25000
U00452,2025-06,0,4,337500
U00453,2025-10,0,4,335000
U00456,2026-06,0,11,558900
U00457,2025-03,0,7,574950
U00458,2025-10,0,7,391300
U00461,2025-12,0,8,353400
U00461,2025-12,1,8,484000
U00461,2025-12,2,3,270000
U00461,2025-12,3,8,644000
U00461,2025-12,4,2,208000
U00461,2025-12,5,7,553500
U00461,2025-12,6,9,443000
U00463,2025-01,0,16,829400
U00464,2025-04,0,5,456300
U00465,2026-03,0,5,363750
U00465,2026-03,1,4,572000
U00465,2026-03,2,9,377800
U00466,2026-04,0,10,648200
U00466,2026-04,1,4,162750
U00466,2026-04,2,5,253000
U00468,2025-11,0,2,175100
U00468,2025-11,1,7,309000
U00468,2025-11,2,6,291250
U00468,2025-11,3,4,152000
U00468,2025-11,4,5,178000
U00469,2025-12,0,2,56000
U00470,2025-09,0,6,289100
U00475,2026-02,0,5,213000
U00476,2026-01,0,5,332250
U00477,2026-01,0,3,186700
U00479,2025-08,0,3,161000
U00479,2025-08,1,6,374000
U00479,2025-08,2,7,479000
U00480,2025-08,0,2,56000
U00482,2026-02,0,9,348100
U00482,2026-02,1,6,403000
U00482,2026-02,2,4,302600
U00482,2026-02,3,4,232100
U00482,2026-02,4,9,456000
U00483,2025-01,0,14,665200
U00484,2026-05,0,2,151450
U00484,2026-05,1,7,327400
U00485,2026-04,0,8,842000
U00485,2026-04,1,11,599750
U00486,2026-06,0,4,430000
U00487,2025-05,0,6,353000
U00487,2025-05,1,2,83600
U00487,2025-05,2,4,181900
U00487,2025-05,3,5,185600
U00487,2025-05,4,1,54000
U00487,2025-05,5,2,188000
U00487,2025-05,6,3,147500
U00487,2025-05,7,3,84100
U00487,2025-05,8,1,15000
U00488,2025-09,0,3,193000
U00490,2025-03,0,3,210300
U00491,2025-07,0,6,316450
U00491,2025-07,1,7,563700
U00492,2025-01,0,7,305800
U00492,2025-01,1,9,444700
U00492,2025-01,2,5,238400
U00492,2025-01,3,6,406300
U00492,2025-01,4,2,107600
U00492,2025-01,5,7,461350
U00492,2025-01,6,2,143000
U00493,2025-03,0,8,427400
U00493,2025-03,1,8,431000
U00493,2025-03,2,8,319000
U00493,2025-03,3,4,207700
U00493,2025-03,4,6,225000
U00493,2025-03,5,7,226200
U00494,2025-09,0,5,488650
U00494,2025-09,1,3,149000
U00495,2025-06,0,8,405500
U00497,2026-03,0,4,318000
U00498,2025-03,0,5,241400
U00498,2025-03,1,5,201700
U00498,2025-03,2,3,173700
U00498,2025-03,3,2,102000
U00498,2025-03,4,7,421900
U00498,2025-03,5,7,361200
U00498,2025-03,6,2,67000
U00498,2025-03,7,7,595050
U00498,2025-03,8,8,540000
U00498,2025-03,10,4,180000
U00498,2025-03,11,7,461250
U00498,2025-03,12,10,506700
U00498,2025-03,13,6,300200
U00498,2025-03,14,13,852600
U00498,2025-03,15,10,687000
U00500,2025-05,0,11,605550
U00500,2025-05,1,7,360100
U00501,2025-10,0,3,278000
U00501,2025-10,1,2,386000
U00504,2025-03,0,3,130000
U00505,2025-06,0,6,529500
U00505,2025-06,1,6,282000
U00506,2025-03,0,11,564000
U00507,2025-01,0,15,761650
U00507,2025-01,1,5,279200
U00510,2025-12,0,9,466000
U00510,2025-12,1,3,88000
U00514,2025-07,0,2,86000
U00516,2026-05,0,9,561500
U00517,2025-09,0,4,282000
U00517,2025-09,1,9,564200
U00517,2025-09,2,4,90100
U00518,2026-06,0,4,138000
U00519,2025-08,0,7,406750
U00519,2025-08,1,3,265000
U00519,2025-08,2,5,204900
U00520,2025-10,0,9,552850
U00524,2025-10,0,4,399200
U00526,2025-08,0,7,508000
U00529,2025-06,0,3,299000
U00531,2026-03,0,6,225000
U00532,2025-04,0,3,185000
U00534,2025-10,0,5,397000
U00537,2026-04,0,2,31500
U00539,2025-02,0,6,246600
U00540,2025-10,0,13,1262000
U00540,2025-10,1,7,594000
U00540,2025-10,2,7,365000
U00540,2025-10,3,5,414000
U00540,2025-10,4,9,638900
U00542,2025-01,0,14,821050
U00544,2026-05,0,6,479000
U00544,2026-05,1,2,189000
U00548,2026-02,0,8,764100
U00549,2025-02,0,5,206800
U00550,2025-08,0,3,134000
U00551,2025-11,0,10,518300
U00553,2025-03,0,7,360850
U00553,2025-03,1,5,225000
U00553,2025-03,2,8,310200
U00553,2025-03,3,8,447950
U00554,2025-01,0,6,205200
U00554,2025-01,1,7,268000
U00555,2025-11,0,8,424300
U00558,2025-06,0,8,602000
U00559,2026-05,0,7,380000
U00559,2026-05,1,2,212400
U00560,2025-08,0,6,435000
U00560,2025-08,1,6,225000
U00560,2025-08,2,4,191500
U00561,2025-08,0,6,199000
U00561,2025-08,1,3,327000
U00561,2025-08,2,3,297000
U00561,2025-08,3,4,162000
U00562,2026-02,0,6,650500
U00562,2026-02,1,5,560000
U00562,2026-02,2,4,322700
U00562,2026-02,3,9,606000
U00562,2026-02,4,7,439000
U00563,2026-05,0,2,182000
U00564,2025-04,0,2,111000
U00565,2025-08,0,2,255000
U00566,2025-03,0,4,253200
U00566,2025-03,1,3,70000
U00567,2026-01,0,5,503000
U00567,2026-01,1,9,408500
U00569,2025-03,0,6,146800
U00570,2026-04,0,9,411700
U00571,2026-06,0,7,360400
U00572,2026-04,0,7,381400
U00572,2026-04,1,5,251350
U00572,2026-04,2,6,380450
U00573,2026-03,0,5,323000
U00574,2026-02,0,9,723200
U00574,2026-02,1,7,451000
U00574,2026-02,2,10,902400
U00574,2026-02,3,10,566900
U00574,2026-02,4,9,411800
U00578,2025-10,3,4,187000
U00579,2026-01,0,7,267600
U00581,2025-06,0,5,262300
U00581,2025-06,1,6,319400
U00581,2025-06,2,8,496200
U00581,2025-06,3,2,122000
U00581,2025-06,4,4,226800
U00583,2025-09,0,9,383100
U00583,2025-09,1,5,242500
U00583,2025-09,2,4,236000
U00584,2025-07,0,3,485000
U00584,2025-07,1,7,615000
U00584,2025-07,2,4,254900
U00584,2025-07,3,4,170000
U00584,2025-07,4,2,42000
U00584,2025-07,5,4,337350
U00585,2025-06,0,5,245000
U00586,2026-05,0,6,436350
U00588,2025-08,0,5,339800
U00591,2026-03,0,3,122750
U00591,2026-03,1,5,296500
U00592,2025-09,0,5,282500
U00594,2025-03,0,10,801000
U00595,2025-05,0,5,155200
U00597,2025-05,0,4,225750
U00597,2025-05,1,3,169800
U00598,2025-10,0,5,205150
U00599,2025-11,0,4,217600
U00599,2025-11,1,4,121000
U00599,2025-11,2,2,69000
U00601,2026-05,0,3,168000
U00603,2025-09,0,4,264500
U00603,2025-09,1,4,179000
U00603,2025-09,2,6,387050
U00604,2025-07,0,5,203000
U00604,2025-07,1,8,467700
U00604,2025-07,2,1,25000
U00606,2025-01,12,8,611500
U00606,2025-01,13,4,141650
U00606,2025-01,14,6,247500
U00606,2025-01,15,8,696300
U00607,2026-01,0,5,239000
U00608,2025-10,0,6,383000
U00608,2025-10,1,5,251000
U00608,2025-10,2,3,105000
U00608,2025-10,3,3,158200
U00608,2025-10,4,3,59250
U00608,2025-10,5,4,314100
U00608,2025-10,6,2,75000
U00608,2025-10,7,3,477000
U00608,2025-10,8,5,321600
U00609,2025-09,0,4,220000
U00609,2025-09,1,2,60100
U00609,2025-09,2,4,164000
U00611,2025-06,0,5,302500
U00613,2025-01,1,13,801300
U00615,2025-11,0,5,172000
U00616,2025-07,0,3,177750
U00616,2025-07,1,4,148000
U00616,2025-07,2,3,274000
U00616,2025-07,3,6,494000
U00616,2025-07,4,4,162000
U00616,2025-07,5,10,603750
U00619,2025-02,0,1,25000
U00619,2025-02,1,8,399600
U00619,2025-02,2,3,127000
U00619,2025-02,3,8,328100
U00621,2025-07,1,5,232050
U00629,2025-12,0,4,246900
U00630,2026-04,0,3,204500
U00631,2025-04,0,9,385250
U00632,2025-04,0,5,350000
U00634,2025-08,0,7,355000
U00634,2025-08,1,3,208000
U00636,2025-10,0,5,509450
U00636,2025-10,1,10,648750
U00636,2025-10,2,3,296050
U00640,2025-02,0,6,459400
U00640,2025-02,1,6,384000
U00640,2025-02,2,7,323800
U00640,2025-02,3,5,457100
U00640,2025-02,4,8,399700
U00640,2025-02,5,8,531450
U00640,2025-02,6,3,79000
U00640,2025-02,7,4,308000
U00640,2025-02,8,5,201000
U00640,2025-02,9,6,285250
U00640,2025-02,10,2,63000
U00640,2025-02,11,6,282400
U00640,2025-02,12,2,231200
U00640,2025-02,13,10,869300
U00640,2025-02,14,4,197800
U00640,2025-02,15,8,300000
U00640,2025-02,16,2,182000
U00641,2025-07,0,2,117000
U00642,2026-03,0,4,224000
U00642,2026-03,1,7,215200
U00643,2026-02,0,4,282050
U00644,2026-03,0,6,249500
U00646,2025-07,0,4,289000
U00646,2025-07,1,5,312750
U00647,2026-06,0,5,393000
U00648,2026-01,0,7,387000
U00648,2026-01,1,6,436900
U00648,2026-01,2,1,15000
U00648,2026-01,3,6,614000
U00649,2026-01,0,9,829000
U00649,2026-01,1,7,331100
U00650,2025-10,0,3,166000
U00652,2026-02,0,3,146000
U00653,2025-07,1,6,430000
U00654,2025-06,0,4,188000
U00654,2025-06,1,4,199400
U00654,2025-06,2,3,166000
U00654,2025-06,3,5,225600
U00654,2025-06,4,2,207000
U00654,2025-06,5,5,439000
U00654,2025-06,7,4,244000
U00654,2025-06,8,6,428000
U00654,2025-06,9,5,379000
U00655,2026-01,0,6,365800
U00656,2025-09,0,2,130000
U00656,2025-09,1,4,187000
U00656,2025-09,2,1,37000
U00656,2025-09,3,7,464950
U00658,2026-04,0,3,118600
U00658,2026-04,1,4,209000
U00660,2026-03,0,7,272550
U00661,2025-08,0,3,253000
U00661,2025-08,1,5,292100
U00662,2025-06,0,9,403450
U00662,2025-06,1,2,80000
U00662,2025-06,2,4,237000
U00662,2025-06,3,6,377000
U00662,2025-06,4,6,462000
U00664,2026-04,0,4,111300
U00664,2026-04,1,5,465000
U00664,2026-04,2,4,441000
U00665,2025-06,0,3,98000
U00665,2025-06,1,9,277600
U00667,2025-10,0,6,312000
U00668,2026-01,0,7,365100
U00668,2026-01,1,5,315000
U00668,2026-01,2,7,471600
U00668,2026-01,3,1,69000
U00668,2026-01,4,6,267700
U00668,2026-01,5,4,409000
U00669,2025-09,0,4,158000
U00670,2026-01,0,4,156000
U00670,2026-01,1,6,442800
U00672,2025-08,0,5,254000
U00672,2025-08,1,4,198400
U00672,2025-08,2,6,350700
U00673,2026-04,0,6,364850
U00673,2026-04,1,4,170000
U00674,2026-03,0,6,417200
U00675,2026-06,0,2,87800
U00676,2025-09,0,9,308600
U00676,2025-09,1,2,94000
U00677,2026-04,0,2,203000
U00677,2026-04,1,8,414000
U00677,2026-04,2,5,223000
U00679,2026-05,0,4,459000
U00679,2026-05,1,7,330000
U00680,2026-05,0,7,329000
U00680,2026-05,1,3,75300
U00681,2025-07,0,4,475000
U00682,2026-05,0,7,442000
U00682,2026-05,1,9,516000
U00685,2026-03,0,4,358000
U00686,2025-03,0,8,570450
U00689,2025-05,0,5,355700
U00689,2025-05,1,7,542000
U00692,2025-10,0,4,212750
U00692,2025-10,1,6,698000
U00695,2025-11,0,4,218700
U00696,2025-04,0,6,438800
U00697,2025-11,2,2,104000
U00697,2025-11,3,5,389500
U00697,2025-11,4,10,590000
U00697,2025-11,5,7,643950
U00699,2025-12,0,4,202000
U00703,2026-03,0,7,423500
U00704,2026-01,0,9,463900
U00704,2026-01,1,6,543000
U00704,2026-01,2,9,540100
U00705,2025-03,0,6,475450
U00705,2025-03,1,9,454200
U00708,2025-08,0,6,415000
U00708,2025-08,1,5,225000
U00708,2025-08,2,2,202000
U00708,2025-08,3,3,264000
U00708,2025-08,4,4,207350
U00708,2025-08,5,7,219000
U00708,2025-08,6,4,338800
U00708,2025-08,7,3,188800
U00708,2025-08,8,7,470700
U00708,2025-08,9,4,164000
U00708,2025-08,10,1,89000
U00709,2025-09,0,8,591500
U00711,2025-05,0,9,386150
U00711,2025-05,1,2,166950
U00711,2025-05,2,5,397000
U00711,2025-05,3,4,117000
U00711,2025-05,4,5,268000
U00713,2025-12,0,11,635000
U00713,2025-12,1,4,105000
U00716,2025-09,0,5,239600
U00716,2025-09,1,9,371000
U00717,2025-07,0,4,426300
U00718,2025-06,0,2,146000
U00719,2025-06,2,11,594750
U00719,2025-06,3,7,296200
U00719,2025-06,4,8,490000
U00719,2025-06,5,10,522600
U00719,2025-06,6,5,305700
U00719,2025-06,7,6,460300
U00719,2025-06,8,4,204000
U00719,2025-06,9,5,273000
U00719,2025-06,10,9,545350
U00719,2025-06,11,9,429200
U00719,2025-06,12,6,290100
U00720,2025-10,0,4,234800
U00720,2025-10,1,9,611350
U00720,2025-10,2,6,305000
U00721,2025-10,0,3,126500
U00722,2025-12,0,2,96600
U00722,2025-12,1,3,117800
U00722,2025-12,2,6,705000
U00722,2025-12,3,2,218000
U00726,2026-02,0,3,156000
U00726,2026-02,1,4,368750
U00726,2026-02,2,3,104000
U00726,2026-02,3,3,302450
U00726,2026-02,4,1,58000
U00727,2026-03,0,6,185000
U00729,2025-07,0,8,431900
U00731,2025-11,0,7,371000
U00731,2025-11,1,6,386000
U00731,2025-11,2,4,227000
U00731,2025-11,3,5,294700
U00731,2025-11,4,9,502000
U00731,2025-11,5,9,647650
U00731,2025-11,6,5,231900
U00731,2025-11,7,8,453000
U00732,2025-07,0,5,512000
U00732,2025-07,1,6,306350
U00732,2025-07,2,5,401000
U00732,2025-07,3,4,143900
U00734,2026-04,0,6,339200
U00735,2025-08,0,7,329000
U00736,2025-02,0,4,164000
U00737,2025-06,0,2,195500
U00740,2025-04,0,6,195600
U00741,2026-04,0,9,758300
U00741,2026-04,1,3,105000
U00741,2026-04,2,7,757000
U00743,2025-06,0,4,343000
U00744,2025-02,0,2,59500
U00744,2025-02,1,3,171000
U00744,2025-02,2,7,419000
U00745,2026-05,0,8,219000
U00745,2026-05,1,6,302400
U00746,2026-03,0,4,213000
U00746,2026-03,1,5,343000
U00746,2026-03,2,2,56900
U00748,2025-09,0,8,585800
U00749,2025-05,0,7,501000
U00749,2025-05,1,4,389500
U00749,2025-05,2,4,220000
U00751,2026-05,0,3,239550
U00751,2026-05,1,4,417000
U00754,2026-04,0,6,327000
U00754,2026-04,1,6,222700
U00754,2026-04,2,1,24000
U00755,2025-04,0,5,272300
U00755,2025-04,1,8,471800
U00755,2025-04,2,10,531000
U00756,2025-07,0,8,299000
U00757,2026-03,0,6,589500
U00758,2025-05,0,8,319000
U00758,2025-05,1,6,368250
U00758,2025-05,2,9,593200
U00758,2025-05,3,4,129750
U00759,2026-04,0,8,346000
U00761,2025-04,0,7,333600
U00761,2025-04,1,7,368750
U00761,2025-04,2,4,296700
U00761,2025-04,3,7,619000
U00761,2025-04,4,6,294000
U00761,2025-04,5,12,623200
U00761,2025-04,6,3,82000
U00761,2025-04,7,5,315250
U00762,2025-01,0,10,496000
U00764,2025-10,0,4,151200
U00764,2025-10,1,5,169000
U00764,2025-10,2,2,38000
U00764,2025-10,3,4,105000
U00765,2026-06,0,7,310300
U00766,2025-09,0,2,68000
U00768,2025-01,0,9,425500
U00768,2025-01,1,8,455350
U00769,2025-04,0,7,427600
U00769,2025-04,1,6,264800
U00769,2025-04,2,5,412000
U00770,2025-08,0,4,250000
U00770,2025-08,1,3,277000
U00776,2026-05,0,11,739650
U00777,2025-10,0,2,74000
U00777,2025-10,1,2,65850
U00778,2025-11,0,2,33000
U00779,2025-11,0,5,182600
U00779,2025-11,1,3,112000
U00780,2025-03,0,5,195900
U00781,2025-11,0,8,687900
U00782,2026-02,0,8,482650
U00782,2026-02,1,9,532500
U00782,2026-02,2,5,216000
U00782,2026-02,3,6,462100
U00782,2026-02,4,8,516650
U00783,2025-01,0,12,601400
U00783,2025-01,1,12,617200
U00784,2025-07,0,1,139650
U00785,2025-05,0,3,60000
U00785,2025-05,1,5,129600
U00785,2025-05,2,7,391000
U00785,2025-05,3,4,261300
U00786,2025-11,0,6,402600
U00786,2025-11,1,5,211800
U00788,2025-07,0,2,100000
U00791,2025-06,0,1,72000
U00793,2025-03,0,9,393200
U00793,2025-03,1,4,125750
U00794,2025-06,0,7,562000
U00794,2025-06,1,6,346000
U00794,2025-06,2,3,102000
U00794,2025-06,3,5,223000
U00794,2025-06,4,2,135000
U00794,2025-06,5,3,222000
U00798,2025-11,0,7,305600
U00798,2025-11,1,6,391000
U00798,2025-11,2,6,386450
U00798,2025-11,3,10,418000
U00798,2025-11,4,6,615000
U00798,2025-11,5,6,555000
U00798,2025-11,6,9,636500
U00799,2026-01,0,4,462000
U00799,2026-01,1,6,366700
U00799,2026-01,2,8,510950
U00799,2026-01,3,5,275000
U00799,2026-01,4,6,485550
U00799,2026-01,5,5,249000
U00800,2025-11,1,10,414100
U00800,2025-11,2,2,109700
U00800,2025-11,3,4,174250
U00800,2025-11,4,4,213000
U00800,2025-11,5,6,207000
U00800,2025-11,6,8,311000
U00800,2025-11,7,5,643800
U00801,2026-04,0,4,505300
U00801,2026-04,1,5,274000
U00801,2026-04,2,5,118500
U00805,2025-10,0,1,52000
U00805,2025-10,1,10,540500
U00805,2025-10,2,7,222750
U00805,2025-10,3,4,274000
U00805,2025-10,4,9,467650
U00805,2025-10,5,5,128000
U00805,2025-10,6,9,392150
U00805,2025-10,7,3,273900
U00805,2025-10,8,8,363000
U00807,2026-05,0,8,425400
U00807,2026-05,1,7,276250
U00808,2025-01,1,7,377600
U00809,2025-10,0,7,525200
U00809,2025-10,1,5,346000
U00809,2025-10,2,3,122000
U00809,2025-10,3,1,44000
U00809,2025-10,4,3,80000
U00809,2025-10,5,3,110000
U00809,2025-10,6,4,264100
U00810,2025-01,0,10,459800
U00810,2025-01,1,14,687000
U00810,2025-01,2,8,526900
U00810,2025-01,3,9,287000
U00810,2025-01,4,7,457500
U00810,2025-01,5,4,171000
U00810,2025-01,6,2,45750
U00810,2025-01,7,8,646000
U00812,2025-12,0,10,377500
U00812,2025-12,1,4,228000
U00814,2025-06,0,5,198000
U00814,2025-06,1,4,110000
U00814,2025-06,2,7,353000
U00814,2025-06,3,4,191000
U00815,2025-12,0,6,616900
U00815,2025-12,1,5,329750
U00815,2025-12,2,3,112000
U00816,2026-01,0,3,272000
U00816,2026-01,1,5,531500
U00816,2026-01,2,4,278000
U00816,2026-01,3,5,163850
U00816,2026-01,4,5,274000
U00816,2026-01,5,3,211900
U00818,2025-02,0,6,211000
U00818,2025-02,1,10,497550
U00819,2025-07,0,6,380400
U00819,2025-07,1,5,213000
U00819,2025-07,2,7,277000
U00819,2025-07,3,6,611000
U00819,2025-07,4,3,222900
U00819,2025-07,5,8,474700
U00819,2025-07,6,6,313000
U00820,2026-02,0,5,300000
U00821,2026-04,0,5,243300
U00822,2025-04,0,2,134800
U00822,2025-04,1,7,413000
U00822,2025-04,2,5,454900
U00822,2025-04,3,5,124000
U00823,2025-08,0,3,127000
U00823,2025-08,1,4,309000
U00824,2026-04,0,6,218000
U00824,2026-04,1,4,215000
U00824,2026-04,2,6,476000
U00825,2025-03,0,3,136000
U00825,2025-03,1,7,512000
U00825,2025-03,2,6,381500
U00825,2025-03,3,2,91400
U00825,2025-03,4,1,36000
U00825,2025-03,5,3,98000
U00825,2025-03,6,3,70000
U00825,2025-03,7,4,75000
U00826,2026-05,0,7,564950
U00828,2026-01,0,4,224500
U00828,2026-01,1,1,22000
U00829,2025-08,0,3,194350
U00832,2025-01,0,12,421200
U00833,2026-05,0,9,448150
U00833,2026-05,1,6,324300
U00834,2026-02,0,3,128000
U00834,2026-02,1,4,127000
U00835,2026-05,0,5,358150
U00835,2026-05,1,3,201000
U00836,2025-10,0,3,117000
U00836,2025-10,1,5,184550
U00837,2026-06,0,4,120000
U00839,2025-07,0,6,588000
U00839,2025-07,1,4,229000
U00840,2025-11,0,6,262600
U00841,2025-09,0,6,231100
U00843,2025-02,0,6,350000
U00843,2025-02,1,2,81600
U00848,2026-03,0,4,126000
U00848,2026-03,1,5,279650
U00848,2026-03,2,4,184000
U00849,2026-04,0,2,126400
U00849,2026-04,1,7,366750
U00850,2025-06,0,3,304550
U00850,2025-06,1,2,70850
U00850,2025-06,2,3,177700
U00850,2025-06,3,6,347700
U00850,2025-06,4,8,379700
U00851,2026-05,0,4,358700
U00851,2026-05,1,5,364800
U00852,2025-05,0,6,302600
U00853,2025-11,0,3,170000
U00854,2025-06,0,3,103000
U00858,2026-05,0,3,101000
U00858,2026-05,1,2,125000
U00859,2025-04,0,7,304000
U00859,2025-04,1,4,261900
U00859,2025-04,2,4,268000
U00860,2026-04,0,9,443000
U00860,2026-04,1,4,345000
U00860,2026-04,2,7,230400
U00861,2025-12,0,5,211000
U00861,2025-12,1,4,307600
U00861,2025-12,2,5,357000
U00861,2025-12,3,2,27000
U00861,2025-12,4,5,273000
U00861,2025-12,5,5,212000
U00861,2025-12,6,6,405200
U00863,2026-01,0,3,138000
U00863,2026-01,1,5,126100
U00864,2025-02,0,10,579000
U00867,2025-01,1,2,132000
U00868,2026-05,0,3,173200
U00868,2026-05,1,5,395700
U00870,2025-03,0,3,116000
U00870,2025-03,1,6,232000
U00870,2025-03,2,6,339000
U00870,2025-03,3,6,246200
U00870,2025-03,4,6,533250
U00870,2025-03,5,9,593850
U00870,2025-03,6,4,252600
U00870,2025-03,7,5,276000
U00870,2025-03,8,2,73600
U00870,2025-03,9,5,127400
U00870,2025-03,10,10,992000
U00870,2025-03,11,6,338000
U00870,2025-03,12,4,161000
U00870,2025-03,13,10,606000
U00870,2025-03,14,5,198000
U00870,2025-03,15,7,355000
U00871,2025-06,0,5,543000
U00872,2025-03,0,2,38500
U00872,2025-03,1,7,493550
U00874,2026-03,0,5,365350
U00878,2025-08,0,5,399000
U00878,2025-08,1,2,66000
U00881,2025-08,0,7,617000
U00881,2025-08,1,8,566000
U00881,2025-08,2,2,61000
U00883,2025-10,0,4,211000
U00883,2025-10,2,2,294000
U00883,2025-10,3,6,367000
U00884,2025-09,0,3,81800
U00885,2025-11,0,6,278100
U00886,2026-03,0,5,189000
U00886,2026-03,1,3,163000
U00886,2026-03,2,7,390300
U00886,2026-03,3,3,218250
U00888,2025-09,0,10,682000
U00888,2025-09,1,7,381000
U00889,2026-02,0,10,631100
U00889,2026-02,1,7,728850
U00889,2026-02,2,2,137500
U00889,2026-02,3,7,391600
U00889,2026-02,4,9,564200
U00890,2025-06,0,5,175000
U00890,2025-06,1,5,349000
U00890,2025-06,2,5,185000
U00891,2026-04,0,7,412550
U00891,2026-04,1,5,213000
U00891,2026-04,2,5,265000
U00893,2025-01,1,6,147000
U00893,2025-01,2,4,219000
U00893,2025-01,3,2,73000
U00893,2025-01,4,3,134000
U00893,2025-01,5,9,465000
U00893,2025-01,6,14,745550
U00893,2025-01,7,4,336500
U00893,2025-01,8,2,111000
U00894,2026-02,0,9,503800
U00894,2026-02,1,9,680000
U00894,2026-02,2,5,154250
U00894,2026-02,3,6,414500
U00895,2026-02,0,10,545000
U00895,2026-02,1,3,111300
U00895,2026-02,2,7,374050
U00895,2026-02,3,3,157800
U00896,2025-04,0,8,352850
U00896,2025-04,1,8,438450
U00896,2025-04,2,7,560000
U00897,2026-06,0,7,418650
U00898,2025-11,0,3,124000
U00899,2025-01,0,9,526200
U00899,2025-01,1,8,331000
U00899,2025-01,2,3,126000
U00899,2025-01,3,4,221000
U00899,2025-01,4,9,359750
U00899,2025-01,5,9,732000
U00899,2025-01,6,7,435550
U00900,2025-11,0,8,432500
U00903,2025-05,0,4,236000
U00904,2025-02,0,6,306400
U00904,2025-02,1,6,373850
U00906,2025-04,0,2,72000
U00906,2025-04,1,5,258000
U00906,2025-04,2,3,270350
U00906,2025-04,3,4,202450
U00906,2025-04,4,4,253000
U00906,2025-04,5,4,495000
U00906,2025-04,6,5,239000
U00906,2025-04,7,3,159000
U00906,2025-04,8,3,308000
U00906,2025-04,9,2,176000
U00906,2025-04,10,5,515000
U00906,2025-04,11,1,56000
U00906,2025-04,12,5,431000
U00906,2025-04,13,2,142000
U00908,2025-12,0,5,343100
U00909,2025-06,0,9,485200
U00909,2025-06,1,6,261450
U00909,2025-06,2,4,367000
U00910,2025-06,0,1,70000
U00912,2025-03,0,5,231000
U00914,2026-04,0,2,75000
U00915,2026-06,0,5,292000
U00916,2026-01,0,5,292000
U00916,2026-01,1,6,501000
U00916,2026-01,2,5,258650
U00917,2025-11,0,9,573000
U00920,2025-02,0,7,409200
U00920,2025-02,1,2,127000
U00921,2026-01,0,6,487100
U00922,2026-03,0,5,129200
U00923,2025-09,0,4,179000
U00925,2026-03,0,8,508000
U00926,2026-05,0,10,484550
U00929,2025-08,0,2,43000
U00929,2025-08,1,5,334400
U00930,2025-05,0,5,300000
U00931,2026-04,0,7,231250
U00931,2026-04,1,12,747350
U00931,2026-04,2,6,369000
U00932,2025-03,0,4,133250
U00932,2025-03,1,7,336000
U00932,2025-03,2,11,452050
U00932,2025-03,3,4,266000
U00932,2025-03,4,4,348400
U00932,2025-03,5,8,533000
U00932,2025-03,6,9,756800
U00932,2025-03,7,11,431700
U00932,2025-03,8,3,127000
U00932,2025-03,9,12,491600
U00937,2025-12,0,5,379000
U00937,2025-12,1,3,196000
U00937,2025-12,2,5,193100
U00937,2025-12,3,5,400000
U00937,2025-12,4,3,165000
U00937,2025-12,5,3,311000
U00937,2025-12,6,6,198000
U00938,2025-01,1,2,76500
U00939,2025-03,0,5,266100
U00940,2025-08,0,4,115000
U00940,2025-08,1,5,268550
U00940,2025-08,2,5,439100
U00941,2026-04,0,3,132000
U00941,2026-04,1,5,284200
U00942,2025-08,0,4,225000
U00943,2025-08,0,7,423500
U00943,2025-08,1,4,533750
U00943,2025-08,2,3,144850
U00943,2025-08,3,5,131350
U00943,2025-08,4,3,163000
U00943,2025-08,5,6,470000
U00943,2025-08,6,4,204300
U00943,2025-08,7,4,315000
U00943,2025-08,8,4,228000
U00943,2025-08,9,6,317950
U00943,2025-08,10,3,146000
U00949,2026-04,0,5,456000
U00950,2025-06,0,4,512000
U00951,2026-02,0,6,343300
U00951,2026-02,1,9,385250
U00951,2026-02,2,4,308800
U00951,2026-02,3,11,489100
U00951,2026-02,4,8,487500
U00952,2026-03,0,7,567800
U00954,2026-03,0,12,700100
U00955,2026-05,0,7,557100
U00955,2026-05,1,10,485750
U00958,2025-05,0,6,344150
U00958,2025-05,1,2,50900
U00960,2026-03,0,9,543250
U00963,2025-04,0,7,448000
U00968,2025-09,0,7,750500
U00968,2025-09,1,4,162500
U00969,2026-03,0,4,82200
U00971,2025-01,0,12,651350
U00971,2025-01,1,5,208850
U00971,2025-01,2,2,70250
U00971,2025-01,3,2,102000
U00971,2025-01,4,7,417800
U00973,2026-06,0,6,406000
U00974,2025-01,1,5,150100
U00976,2025-09,0,10,448000
U00978,2026-03,0,6,458700
U00980,2025-03,0,3,128250
U00980,2025-03,1,8,269000
U00981,2025-01,0,17,944700
U00981,2025-01,1,7,283000
U00981,2025-01,2,4,101750
U00987,2026-05,0,1,45000
U00987,2026-05,1,3,110000
U00988,2026-01,0,7,414050
U00988,2026-01,1,3,257700
U00988,2026-01,2,5,454000
U00988,2026-01,3,8,373550
U00988,2026-01,4,2,108000
U00988,2026-01,5,5,350000
U00989,2026-06,0,9,413100
U00990,2026-03,0,3,119000
U00991,2025-02,0,9,459700
U00993,2025-11,0,6,459600
U00993,2025-11,1,4,330300
U00993,2025-11,2,4,160100
U00994,2025-11,0,2,43800
U00997,2025-07,0,4,197000
U00997,2025-07,1,4,133000
U00997,2025-07,2,1,15000
U00999,2025-06,0,4,338000
U01002,2026-04,0,3,117000
U01002,2026-04,1,3,118000
U01004,2025-05,0,6,434000
U01005,2025-11,0,6,815500
U01005,2025-11,1,7,299600
U01005,2025-11,2,6,371500
U01005,2025-11,3,6,357000
U01005,2025-11,4,6,186500
U01005,2025-11,5,7,339000
U01005,2025-11,6,3,244000
U01005,2025-11,7,6,367000
U01007,2026-05,0,14,697750
U01007,2026-05,1,6,208500
U01008,2025-06,1,3,180000
U01008,2025-06,2,5,316000
U01008,2025-06,3,4,294000
U01008,2025-06,4,4,304800
U01008,2025-06,5,5,282000
U01008,2025-06,6,4,319000
U01008,2025-06,7,9,586200
U01008,2025-06,8,5,316650
U01008,2025-06,9,7,242200
U01008,2025-06,10,7,469750
U01008,2025-06,11,5,296250
U01008,2025-06,12,7,395400
U01009,2025-06,0,4,369600
U01009,2025-06,1,5,171000
U01009,2025-06,2,5,410700
U01009,2025-06,3,9,869600
U01009,2025-06,4,5,260050
U01009,2025-06,5,7,986000
U01009,2025-06,6,13,529850
U01009,2025-06,7,5,288000
U01009,2025-06,8,2,364000
U01009,2025-06,9,5,365600
U01009,2025-06,10,2,239950
U01011,2026-02,0,13,507000
U01011,2026-02,1,3,188000
U01011,2026-02,2,2,72000
U01011,2026-02,3,5,282000
U01011,2026-02,4,6,430500
U01017,2025-11,0,4,433250
U01017,2025-11,1,4,300000
U01017,2025-11,2,5,295000
U01019,2025-06,0,4,84000
U01020,2026-03,0,6,331300
U01020,2026-03,1,4,238000
U01020,2026-03,2,5,263000
U01020,2026-03,3,5,181250
U01021,2025-04,0,11,848100
U01023,2025-06,0,4,161000
U01023,2025-06,1,7,328450
U01023,2025-06,2,5,177000
U01023,2025-06,3,5,434700
U01032,2026-06,0,5,204000
U01033,2026-01,0,4,253000
U01033,2026-01,1,3,258000
U01034,2025-09,0,7,393000
U01034,2025-09,1,4,274000
U01035,2025-06,0,5,281000
U01035,2025-06,1,3,123000
U01037,2026-05,0,6,362000
U01038,2025-10,0,10,450050
U01039,2025-10,0,7,324600
U01040,2025-03,0,4,242000
U01042,2026-01,0,7,483000
U01043,2026-03,0,6,256500
U01046,2026-05,0,5,308550
U01047,2025-02,0,11,475000
U01047,2025-02,1,5,337000
U01047,2025-02,2,9,594000
U01048,2025-11,0,7,433700
U01048,2025-11,1,6,332200
U01049,2025-05,0,3,138000
U01049,2025-05,1,7,441000
U01052,2025-12,0,3,196000
U01052,2025-12,1,3,209500
U01053,2025-08,0,7,436400
U01053,2025-08,1,4,226700
U01053,2025-08,2,6,512000
U01054,2026-05,0,1,68000
U01055,2025-08,0,4,108500
U01056,2026-06,0,5,149000
U01058,2025-06,2,9,350800
U01058,2025-06,3,5,169000
U01058,2025-06,4,5,295400
U01058,2025-06,5,5,272100
U01059,2025-12,0,7,359250
U01059,2025-12,1,6,317100
U01060,2026-05,0,10,482100
U01060,2026-05,1,4,316000
U01062,2026-01,0,2,136400
U01064,2026-04,0,5,478000
U01065,2026-02,0,9,580700
U01067,2025-12,0,13,694000
U01067,2025-12,1,3,74000
U01068,2026-06,0,3,155750
U01069,2025-03,0,4,142100
U01069,2025-03,1,5,274000
U01069,2025-03,2,9,308750
U01071,2025-02,0,11,663500
U01072,2025-03,0,7,275000
U01074,2025-10,0,8,512000
U01074,2025-10,1,5,368350
U01074,2025-10,2,4,306500
U01074,2025-10,3,5,338200
U01077,2025-01,0,8,361000
U01078,2026-01,0,3,138000
U01080,2025-11,0,8,741300
U01080,2025-11,1,4,183500
U01080,2025-11,2,2,99000
U01080,2025-11,3,9,409600
U01080,2025-11,4,9,378750
U01083,2025-06,0,3,360600
U01083,2025-06,1,6,442750
U01083,2025-06,2,6,399600
U01083,2025-06,3,5,341050
U01083,2025-06,4,5,352000
U01083,2025-06,5,5,234800
U01083,2025-06,6,6,234900
U01084,2026-04,0,6,466000
U01085,2025-03,0,4,150000
U01086,2026-02,0,5,202250
U01086,2026-02,1,5,261500
U01086,2026-02,2,9,622000
U01088,2025-02,0,6,324500
U01089,2026-05,0,6,317000
U01090,2026-02,0,1,16200
U01090,2026-02,1,2,72000
U01090,2026-02,2,1,28000
U01090,2026-02,3,4,254000
U01090,2026-02,4,4,178300
U01091,2025-03,0,8,409900
U01092,2025-10,0,15,1063150
U01092,2025-10,1,2,278000
U01092,2025-10,2,5,323100
U01092,2025-10,3,11,576800
U01092,2025-10,4,9,584850
U01092,2025-10,5,9,468500
U01093,2025-03,0,5,348300
U01093,2025-03,1,10,395250
U01094,2025-04,0,2,115000
U01094,2025-04,1,5,377000
U01095,2025-06,0,8,525000
U01095,2025-06,1,10,746100
U01095,2025-06,2,10,797700
U01096,2025-07,0,1,95000
U01097,2026-06,0,6,530750
U01098,2025-10,0,6,397250
U01099,2025-08,5,7,427100
U01099,2025-08,6,6,510100
U01100,2026-04,0,5,324000
U01100,2026-04,1,4,207000
U01100,2026-04,2,6,262200
U01103,2025-01,0,18,877950
U01103,2025-01,1,7,334000
U01103,2025-01,2,7,540200
U01104,2025-02,0,5,283000
U01104,2025-02,1,8,402800
U01105,2025-01,0,13,802800
U01106,2025-08,0,3,90750
U01106,2025-08,1,2,57000
U01106,2025-08,2,4,169100
U01106,2025-08,3,5,256200
U01106,2025-08,4,7,305000
U01106,2025-08,5,6,474400
U01106,2025-08,6,5,190200
U01106,2025-08,7,4,237000
U01106,2025-08,8,9,691800
U01106,2025-08,9,4,301000
U01106,2025-08,10,3,241000
U01107,2026-06,0,6,217600
U01108,2026-04,0,3,108400
U01110,2025-11,2,5,188100
U01110,2025-11,3,5,377000
U01110,2025-11,4,9,472900
U01110,2025-11,5,3,95500
U01111,2026-05,0,8,470100
U01112,2026-04,0,8,328900
U01112,2026-04,1,1,72000
U01112,2026-04,2,6,326900
U01113,2025-06,0,4,348200
U01114,2025-11,0,4,111700
U01114,2025-11,1,4,134000
U01114,2025-11,2,3,212800
U01114,2025-11,3,9,393000
U01114,2025-11,4,4,248200
U01114,2025-11,5,8,552100
U01114,2025-11,6,8,308000
U01114,2025-11,7,6,421950
U01117,2026-04,0,5,406250
U01118,2025-09,0,7,313950
U01118,2025-09,1,13,480200
U01119,2025-09,0,6,197000
U01120,2025-10,0,6,293400
U01120,2025-10,1,4,160000
U01121,2025-04,0,9,369000
U01122,2026-04,0,8,369900
U01122,2026-04,1,10,434000
U01122,2026-04,2,4,293400
U01123,2025-11,0,8,527900
U01123,2025-11,1,4,188000
U01123,2025-11,2,6,438100
U01128,2026-02,0,8,518600
U01128,2026-02,1,8,380100
U01128,2026-02,2,4,236100
U01128,2026-02,3,3,260000
U01128,2026-02,4,6,489000
U01129,2026-03,0,6,322100
U01130,2025-08,0,7,663250
U01130,2025-08,1,8,356200
U01131,2026-01,0,6,383000
U01131,2026-01,1,4,195000
U01131,2026-01,2,7,532000
U01133,2025-02,0,7,410400
U01133,2025-02,1,6,278000
U01133,2025-02,2,7,396750
U01135,2026-04,0,1,33000
U01138,2025-12,0,3,237500
U01138,2025-12,1,5,580400
U01142,2026-01,0,4,451900
U01144,2026-05,0,5,201600
U01144,2026-05,1,9,445550
U01145,2026-02,0,9,460000
U01145,2026-02,1,6,314000
U01145,2026-02,2,1,14000
U01147,2025-10,0,5,155000
U01147,2025-10,1,5,244500
U01148,2025-11,0,5,425600
U01148,2025-11,1,4,178750
U01148,2025-11,2,6,364000
U01148,2025-11,3,4,249000
U01148,2025-11,4,6,281000
U01148,2025-11,5,5,148000
U01148,2025-11,6,4,124000
U01148,2025-11,7,9,722400
U01149,2025-11,0,4,323000
U01149,2025-11,1,9,313250
U01151,2025-10,0,13,691000
U01151,2025-10,1,6,315800
U01151,2025-10,2,8,707500
U01152,2025-05,0,7,178600
U01152,2025-05,1,6,425000
U01153,2025-05,3,7,426800
U01153,2025-05,4,6,285800
U01153,2025-05,5,4,297000
U01155,2025-12,0,8,475300
U01156,2025-02,0,6,283200
U01156,2025-02,1,4,82200
U01159,2025-10,0,6,565000
U01160,2026-01,0,4,234000
U01161,2025-05,0,6,288000
U01162,2026-01,0,11,805600
U01162,2026-01,1,4,198000
U01162,2026-01,2,5,354300
U01162,2026-01,3,5,195000
U01163,2025-10,0,4,179600
U01163,2025-10,1,5,278000
U01163,2025-10,2,7,399000
U01165,2026-04,0,3,72000
U01165,2026-04,1,5,292500
U01165,2026-04,2,4,177950
U01166,2025-03,0,5,270000
U01166,2025-03,1,5,121000
U01168,2025-11,0,5,466300
U01170,2025-08,0,5,308000
U01170,2025-08,1,4,130200
U01172,2025-11,0,6,356000
U01175,2025-11,0,6,436400
U01178,2025-05,0,4,117000
U01179,2025-09,0,1,118000
U01179,2025-09,1,3,178000
U01179,2025-09,2,1,50000
U01179,2025-09,3,3,273950
U01179,2025-09,4,7,655600
U01179,2025-09,5,3,236000
U01179,2025-09,6,8,323100
U01179,2025-09,7,5,457800
U01179,2025-09,8,5,272150
U01179,2025-09,9,2,99000
U01180,2025-07,0,3,262000
U01180,2025-07,1,8,379850
U01182,2025-08,0,12,838100
U01182,2025-08,1,6,370100
U01184,2025-11,0,2,98000
U01184,2025-11,1,3,80000
U01184,2025-11,2,3,208000
U01184,2025-11,3,6,643000
U01186,2026-06,0,7,331400
U01187,2025-02,0,9,390200
U01188,2025-04,0,1,47000
U01188,2025-04,1,7,338000
U01188,2025-04,2,4,282200
U01188,2025-04,3,3,173000
U01189,2026-06,0,8,605800
U01190,2025-03,0,9,398200
U01193,2025-05,0,5,407000
U01194,2026-02,0,6,454000
U01196,2025-07,0,6,329000
U01201,2026-03,0,5,370200
U01201,2026-03,1,8,427750
U01202,2025-10,0,2,33000
U01203,2025-04,0,1,70200
U01203,2025-04,1,2,128000
U01203,2025-04,2,4,380000
U01203,2025-04,3,4,93650
U01203,2025-04,4,2,70000
U01203,2025-04,5,5,224600
U01203,2025-04,6,5,231200
U01203,2025-04,7,6,447800
U01203,2025-04,8,7,368000
U01204,2026-02,0,2,248250
U01204,2026-02,1,4,244800
U01205,2025-10,0,6,298000
U01205,2025-10,1,10,658100
U01205,2025-10,2,6,327000
U01205,2025-10,3,7,326600
U01206,2025-10,0,7,358000
U01207,2026-04,0,2,57000
U01208,2025-08,0,8,490700
U01208,2025-08,1,3,208000
U01208,2025-08,2,2,50000
U01209,2025-01,0,6,296600
U01210,2026-03,0,12,853700
U01210,2026-03,1,1,18000
U01213,2025-08,0,4,178150
U01213,2025-08,1,8,432200
U01213,2025-08,2,7,460250
U01214,2026-05,0,3,74000
U01216,2025-05,0,4,132800
U01216,2025-05,1,6,293000
U01216,2025-05,2,7,458100
U01216,2025-05,3,6,227600
U01216,2025-05,4,3,140000
U01219,2025-04,0,8,299800
U01219,2025-04,1,8,387000
U01219,2025-04,2,4,124600
U01219,2025-04,3,6,399350
U01219,2025-04,4,12,648000
U01220,2025-12,0,4,202200
U01221,2025-04,0,6,286200
U01222,2026-05,0,3,143000
U01222,2026-05,1,8,380700
U01223,2026-05,0,7,385200
U01224,2025-02,0,6,319200
U01225,2025-11,0,3,196600
U01227,2025-07,1,9,514200
U01227,2025-07,2,9,584550
U01228,2026-01,0,8,412100
U01228,2026-01,1,8,417000
U01228,2026-01,2,9,406900
U01229,2026-03,0,5,377000
U01230,2026-04,0,3,258000
U01230,2026-04,1,3,114400
U01230,2026-04,2,7,252100
U01231,2025-11,0,8,382100
U01231,2025-11,1,5,407700
U01231,2025-11,2,3,76000
U01231,2025-11,3,5,308000
U01231,2025-11,4,7,366350
U01232,2025-11,0,3,104000
U01234,2025-09,0,5,343300
U01234,2025-09,1,4,179800
U01234,2025-09,2,7,392000
U01234,2025-09,3,7,353250
U01234,2025-09,4,3,123000
U01234,2025-09,5,9,381000
U01234,2025-09,6,6,452250
U01234,2025-09,7,8,662900
U01235,2026-01,0,1,95000
U01235,2026-01,1,6,239400
U01235,2026-01,2,7,364000
U01236,2026-03,0,4,166000
U01238,2025-06,0,9,424600
U01239,2026-01,0,1,25000
U01241,2025-04,0,7,289000
U01242,2026-02,0,11,598350
U01242,2026-02,1,6,142800
U01242,2026-02,2,7,495500
U01242,2026-02,3,4,396000
U01242,2026-02,4,6,378000
U01243,2025-12,0,8,492600
U01245,2026-02,0,3,155000
U01245,2026-02,1,4,336500
U01245,2026-02,2,5,209000
U01245,2026-02,3,3,143000
U01245,2026-02,4,5,258000
U01249,2025-11,0,2,179750
U01250,2026-01,0,3,191700
U01250,2026-01,1,3,151000
U01254,2025-06,0,5,326600
U01254,2025-06,1,2,85000
U01254,2025-06,2,2,51000
U01256,2026-02,0,9,429000
U01258,2026-06,0,4,112000
U01259,2026-03,0,7,402600
U01259,2026-03,1,4,180700
U01259,2026-03,2,5,187000
U01259,2026-03,3,5,409600
U01260,2025-07,0,3,152000
U01260,2025-07,1,10,327000
U01261,2025-12,0,6,433000
U01261,2025-12,1,4,86000
U01261,2025-12,2,4,201250
U01265,2026-04,0,7,508150
U01265,2026-04,1,3,226000
U01266,2026-04,0,3,92000
U01267,2025-02,0,5,166000
U01267,2025-02,1,8,571850
U01268,2025-11,0,9,443000
U01270,2026-06,0,8,260000
U01271,2025-08,0,4,118000
U01271,2025-08,1,4,131700
U01272,2026-05,0,7,498000
U01275,2025-01,1,5,223000
U01277,2025-11,0,7,456400
U01277,2025-11,1,2,163000
U01277,2025-11,2,3,167000
U01277,2025-11,3,6,209000
U01277,2025-11,4,7,411500
U01279,2025-08,0,3,151000
U01279,2025-08,1,7,547950
U01279,2025-08,2,2,52000
U01280,2025-07,0,6,452700
U01280,2025-07,1,5,378000
U01280,2025-07,2,5,271000
U01280,2025-07,3,5,134000
U01280,2025-07,4,2,61000
U01280,2025-07,5,2,114300
U01280,2025-07,6,3,157300
U01280,2025-07,7,3,334000
U01281,2025-01,0,13,723400
U01282,2026-03,0,5,305000
U01283,2026-01,0,7,280000
U01284,2025-08,0,4,197000
U01284,2025-08,1,10,719200
U01284,2025-08,2,7,275000
U01284,2025-08,3,3,125000
U01285,2025-06,0,10,617800
U01285,2025-06,1,5,151650
U01285,2025-06,2,5,143550
U01285,2025-06,3,8,713800
U01285,2025-06,4,5,249900
U01286,2025-05,0,6,331000
U01287,2026-02,0,5,174050
U01287,2026-02,1,3,148000
U01287,2026-02,2,1,25000
U01287,2026-02,3,1,48000
U01289,2025-10,0,5,307000
U01289,2025-10,1,7,602900
U01289,2025-10,2,2,135000
U01289,2025-10,3,8,375000
U01289,2025-10,4,6,202200
U01289,2025-10,5,5,463400
U01289,2025-10,6,4,411000
U01289,2025-10,7,11,652600
U01289,2025-10,8,3,236000
U01292,2025-11,0,7,446000
U01292,2025-11,1,1,100000
U01292,2025-11,2,2,68000
U01294,2026-05,0,7,335700
U01294,2026-05,1,5,331550
U01295,2026-01,0,3,317850
U01295,2026-01,1,4,258000
U01297,2026-06,0,6,199000
U01298,2026-03,0,6,275750
U01299,2025-09,0,4,607000
U01301,2025-02,0,6,268000
U01301,2025-02,1,3,210000
U01301,2025-02,2,7,426600
U01302,2026-03,0,7,368400
U01303,2025-09,0,5,520000
U01305,2025-09,0,9,525750
U01305,2025-09,1,10,940000
U01305,2025-09,2,7,191000
U01305,2025-09,3,3,246000
U01305,2025-09,4,7,611700
U01307,2026-03,0,4,233000
U01312,2025-05,0,9,454000
U01313,2026-05,0,4,129000
U01313,2026-05,1,5,688550
U01315,2026-06,0,4,297800
U01316,2026-05,0,2,47500
U01317,2025-01,0,13,767150
U01317,2025-01,1,7,317950
U01317,2025-01,2,4,192350
U01317,2025-01,3,4,155800
U01317,2025-01,4,8,625500
U01317,2025-01,5,1,100000
U01318,2026-06,0,2,66000
U01320,2026-04,0,7,281100
U01322,2025-10,0,4,167000
U01323,2025-09,0,8,656000
U01323,2025-09,1,7,415000
U01323,2025-09,2,7,359700
U01323,2025-09,3,5,211800
U01324,2026-01,0,3,145000
U01325,2025-12,0,7,378000
U01327,2025-02,0,2,39000
U01327,2025-02,1,3,236300
U01327,2025-02,2,7,293150
U01329,2025-04,0,1,130150
U01330,2026-06,0,6,318350
U01331,2026-03,0,6,729250
U01332,2025-01,0,10,486000
U01333,2025-12,0,3,157000
U01336,2026-05,0,5,320000
U01336,2026-05,1,4,129200
U01339,2025-06,0,5,247000
U01339,2025-06,1,5,279500
U01340,2025-05,0,4,212000
U01340,2025-05,1,7,600000
U01341,2026-03,0,3,273000
U01341,2026-03,1,4,206000
U01342,2026-06,0,7,401400
U01344,2026-03,0,4,340000
U01346,2026-02,0,11,737100
U01347,2025-04,0,10,425600
U01347,2025-04,1,4,285700
U01347,2025-04,2,5,678000
U01347,2025-04,3,1,25000
U01347,2025-04,4,7,368200
U01347,2025-04,5,5,321750
U01347,2025-04,6,6,429000
U01349,2026-02,0,3,121000
U01350,2025-08,0,4,115400
U01350,2025-08,1,10,455400
U01350,2025-08,2,3,86100
U01350,2025-08,3,5,198200
U01350,2025-08,4,9,560200
U01350,2025-08,5,11,966700
U01350,2025-08,6,6,290500
U01350,2025-08,7,6,469200
U01352,2025-01,0,11,533200
U01353,2025-09,0,2,127200
U01353,2025-09,1,4,131800
U01353,2025-09,2,6,280000
U01353,2025-09,3,3,94900
U01354,2025-07,0,4,212850
U01354,2025-07,1,2,106000
U01355,2025-12,0,2,82000
U01355,2025-12,1,2,53150
U01357,2026-01,0,6,330000
U01358,2025-02,0,5,213300
U01358,2025-02,1,8,372000
U01360,2025-02,0,6,398250
U01363,2026-03,0,6,328000
U01364,2025-09,0,7,264700
U01365,2026-02,0,10,491000
U01365,2026-02,1,6,326000
U01365,2026-02,2,7,514000
U01366,2026-02,0,10,699000
U01370,2025-10,0,2,71000
U01370,2025-10,1,7,320200
U01372,2026-03,0,2,160000
U01372,2026-03,1,2,64000
U01372,2026-03,2,2,123000
U01373,2025-09,0,2,108000
U01374,2026-04,0,3,175000
U01376,2025-08,0,2,175000
U01376,2025-08,1,8,532000
U01376,2025-08,2,3,164850
U01377,2026-01,0,11,725700
U01377,2026-01,1,5,278800
U01378,2025-11,0,4,144000
U01378,2025-11,1,3,158000
U01378,2025-11,2,5,426000
U01379,2025-08,0,5,212750
U01382,2025-02,0,4,167000
U01384,2025-11,0,6,322000
U01385,2025-08,0,10,370100
U01385,2025-08,1,8,338100
U01386,2026-02,0,5,442150
U01386,2026-02,1,10,806000
U01387,2025-12,0,6,391100
U01388,2025-08,0,9,263000
U01388,2025-08,1,4,255000
U01389,2025-06,0,3,213250
U01389,2025-06,1,5,419900
U01391,2025-09,0,4,147000
U01391,2025-09,1,2,94000
U01391,2025-09,2,2,54000
U01391,2025-09,3,6,391000
U01391,2025-09,4,5,221000
U01392,2026-03,0,5,224000
U01394,2026-02,0,8,284000
U01395,2026-01,0,5,394900
U01397,2026-05,0,5,387450
U01397,2026-05,1,6,600850
U01399,2026-05,0,3,114250
U01399,2026-05,1,11,529500
U01401,2025-06,0,4,423000
U01401,2025-06,1,8,365000
U01402,2025-07,0,2,56000
U01403,2026-04,0,3,89000
U01404,2025-01,0,10,657950
U01404,2025-01,1,4,127250
U01404,2025-01,2,8,297800
U01404,2025-01,3,6,264850
U01404,2025-01,4,6,337000
U01404,2025-01,5,4,412000
U01404,2025-01,6,5,195000
U01404,2025-01,7,2,53100
U01404,2025-01,8,2,37750
U01404,2025-01,9,5,318300
U01404,2025-01,10,5,259000
U01404,2025-01,11,2,73500
U01404,2025-01,12,1,50000
U01404,2025-01,13,5,250000
U01404,2025-01,15,6,359000
U01404,2025-01,16,1,36000
U01404,2025-01,17,4,169200
U01405,2026-05,0,7,498700
U01405,2026-05,1,3,153000
U01407,2026-03,0,7,411500
U01408,2025-09,0,6,204100
U01408,2025-09,1,7,288000
U01408,2025-09,2,5,265400
U01408,2025-09,3,4,153250
U01409,2026-01,0,4,244000
U01409,2026-01,1,2,61000
U01413,2026-04,0,5,208800
U01413,2026-04,1,8,381400
U01413,2026-04,2,4,264000
U01415,2026-01,0,5,135000
U01416,2025-11,0,9,550000
U01416,2025-11,1,5,178000
U01417,2026-06,0,4,330500
U01418,2025-10,3,5,730000
U01419,2025-08,0,10,500000
U01419,2025-08,1,7,374000
U01420,2025-07,0,4,386000
U01420,2025-07,1,8,252750
U01422,2025-02,0,8,442800
U01422,2025-02,1,5,234200
U01422,2025-02,2,7,427900
U01422,2025-02,3,4,357000
U01423,2026-06,0,3,101000
U01424,2026-06,0,5,500800
U01426,2025-01,0,17,774200
U01427,2026-04,0,1,15000
U01427,2026-04,1,4,205000
U01427,2026-04,2,3,269900
U01428,2026-05,0,7,620600
U01428,2026-05,1,8,361500
U01429,2025-09,0,5,237000
U01429,2025-09,1,4,241000
U01430,2025-01,0,8,501200
U01430,2025-01,1,6,296600
U01431,2025-02,6,11,560750
U01432,2025-09,0,8,582250
U01432,2025-09,1,4,141450
U01432,2025-09,2,6,215250
U01433,2026-05,0,8,472000
U01433,2026-05,1,8,570750
U01434,2026-03,0,7,344000
U01434,2026-03,1,7,584800
U01436,2025-12,0,5,271500
U01436,2025-12,1,4,245100
U01436,2025-12,2,4,86000
U01436,2025-12,3,5,208000
U01436,2025-12,4,2,300000
U01436,2025-12,5,12,681050
U01436,2025-12,6,9,872600
U01438,2026-01,0,5,445000
U01440,2025-02,0,5,254000
U01442,2026-04,0,3,258950
U01442,2026-04,1,7,287950
U01442,2026-04,2,7,300000
U01443,2025-10,0,6,533000
U01444,2025-12,1,3,109000
U01444,2025-12,2,8,523250
U01444,2025-12,3,11,649000
U01444,2025-12,4,8,486000
U01444,2025-12,5,7,374850
U01444,2025-12,6,6,351200
U01445,2025-02,0,7,390700
U01446,2026-05,0,4,247000
U01446,2026-05,1,5,478800
U01448,2026-06,0,9,405000
U01449,2025-03,0,7,286100
U01449,2025-03,1,7,510650
U01450,2026-02,0,10,877650
U01450,2026-02,1,7,348000
U01450,2026-02,2,7,541000
U01454,2026-06,0,7,509150
U01456,2026-01,0,6,283600
U01459,2025-05,0,12,575000
U01460,2025-10,0,12,481500
U01460,2025-10,1,6,235000
U01460,2025-10,2,6,418100
U01460,2025-10,3,5,179300
U01460,2025-10,4,9,808800
U01460,2025-10,5,10,402100
U01460,2025-10,6,1,64800
U01460,2025-10,7,8,364850
U01460,2025-10,8,7,514700
U01462,2025-10,0,5,213750
U01462,2025-10,1,4,361000
U01462,2025-10,2,4,109000
U01462,2025-10,3,7,253000
U01462,2025-10,4,11,732850
U01464,2025-12,0,3,143000
U01464,2025-12,1,3,220000
U01464,2025-12,2,2,334900
U01464,2025-12,3,6,307300
U01464,2025-12,4,5,313500
U01465,2025-07,0,4,259000
U01465,2025-07,1,1,130000
U01466,2025-12,0,2,40200
U01467,2026-01,0,5,252750
U01467,2026-01,1,4,272400
U01467,2026-01,2,1,176000
U01467,2026-01,3,8,269000
U01467,2026-01,4,3,203000
U01468,2025-01,0,11,547800
U01468,2025-01,1,9,422100
U01468,2025-01,2,1,73000
U01469,2025-05,0,9,455800
U01469,2025-05,1,5,367900
U01469,2025-05,2,3,95100
U01469,2025-05,3,4,218500
U01469,2025-05,4,6,250900
U01472,2025-08,0,7,350600
U01472,2025-08,1,2,112100
U01473,2025-02,0,7,454000
U01473,2025-02,1,12,563200
U01474,2025-06,0,3,294400
U01475,2026-06,0,4,167100
U01476,2025-12,0,2,151000
U01476,2025-12,1,2,300000
U01477,2025-08,0,11,621400
U01478,2026-06,0,4,263400
U01479,2025-12,0,4,290000
U01480,2025-05,0,6,285000
U01480,2025-05,1,6,402100
U01480,2025-05,2,4,156000
U01480,2025-05,3,4,284700
U01482,2026-03,0,5,166100
U01483,2025-06,0,5,345000
U01484,2025-07,0,4,299000
U01484,2025-07,1,5,468000
U01484,2025-07,2,4,168300
U01484,2025-07,3,4,259100
U01484,2025-07,4,7,514000
U01484,2025-07,5,2,40000
U01486,2026-01,0,3,186800
U01487,2025-03,0,7,316600
U01487,2025-03,1,6,217600
U01488,2025-02,0,9,650000
U01489,2025-11,0,6,313600
U01489,2025-11,1,2,79000
U01490,2025-12,0,5,250600
U01490,2025-12,1,3,140000
U01490,2025-12,2,3,263000
U01490,2025-12,3,1,34200
U01490,2025-12,4,4,180000
U01490,2025-12,5,2,116800
U01491,2025-12,0,3,150000
U01492,2025-10,0,4,179000
U01492,2025-10,1,6,406000
U01492,2025-10,2,6,296000
U01493,2025-05,0,12,431600
U01494,2026-03,0,1,89000
U01494,2026-03,1,4,148000
U01494,2026-03,2,3,48000
U01494,2026-03,3,4,350000
U01497,2025-06,0,4,273000
U01497,2025-06,1,3,63000
U01498,2025-10,0,7,288000
U01498,2025-10,1,8,289250
U01498,2025-10,2,5,210200
U01498,2025-10,3,5,379800
U01501,2026-06,0,6,245000
U01502,2026-01,0,1,99000
U01502,2026-01,1,4,452000
U01503,2025-08,5,3,217450
U01506,2026-04,0,2,59800
U01506,2026-04,1,8,686000
U01508,2025-05,0,6,267500
U01508,2025-05,1,4,198000
U01508,2025-05,2,9,499000
U01508,2025-05,3,11,976600
U01508,2025-05,4,6,412200
U01511,2026-05,0,4,240600
U01511,2026-05,1,4,180500
U01512,2025-02,0,7,421900
U01513,2026-03,0,6,546000
U01513,2026-03,1,3,395000
U01514,2026-02,0,5,176500
U01514,2026-02,1,5,96100
U01514,2026-02,2,8,267500
U01514,2026-02,3,4,232600
U01515,2025-09,0,6,323000
U01515,2025-09,1,3,289000
U01515,2025-09,2,6,471000
U01515,2025-09,3,6,520500
U01515,2025-09,4,4,234050
U01515,2025-09,5,5,378600
U01515,2025-09,6,5,405100
U01515,2025-09,7,5,224200
U01515,2025-09,8,8,612950
U01519,2025-07,6,6,304200
U01519,2025-07,7,9,383400
U01519,2025-07,8,5,183000
U01519,2025-07,9,9,524600
U01519,2025-07,10,2,106000
U01521,2025-03,0,5,228900
U01522,2026-04,0,4,205900
U01523,2025-03,0,9,451550
U01524,2026-05,0,5,302000
U01524,2026-05,1,5,276000
U01525,2025-06,0,4,422000
U01525,2025-06,1,4,211400
U01525,2025-06,2,8,770300
U01525,2025-06,3,9,531700
U01526,2025-10,0,5,181200
U01526,2025-10,1,4,297000
U01527,2026-01,0,11,509200
U01530,2026-05,0,7,382000
U01530,2026-05,1,4,236000
U01531,2025-11,0,5,330350
U01531,2025-11,2,6,277300
U01532,2025-10,0,2,72000
U01532,2025-10,1,3,246000
U01532,2025-10,2,6,246000
U01532,2025-10,3,8,385000
U01532,2025-10,4,7,308600
U01532,2025-10,5,1,83000
U01532,2025-10,6,6,332700
U01532,2025-10,7,8,681000
U01532,2025-10,8,5,515000
U01533,2025-02,0,5,213000
U01534,2025-05,0,6,258600
U01534,2025-05,1,3,164000
U01534,2025-05,2,5,176000
U01534,2025-05,3,7,339000
U01534,2025-05,4,4,166000
U01534,2025-05,5,7,360000
U01534,2025-05,6,5,312250
U01534,2025-05,7,6,323200
U01534,2025-05,8,6,334000
U01534,2025-05,9,8,496550
U01534,2025-05,10,3,173000
U01534,2025-05,11,7,484200
U01535,2025-09,0,3,288500
U01535,2025-09,1,6,360550
U01537,2025-10,0,4,352000
U01538,2025-01,0,16,808650
U01539,2025-04,0,7,476000
U01540,2025-11,0,4,294900
U01540,2025-11,1,4,286000
U01540,2025-11,2,7,352050
U01542,2026-05,0,5,301750
U01542,2026-05,1,8,694000
U01543,2025-04,0,5,394900
U01547,2025-11,0,4,203000
U01549,2025-04,0,7,328000
U01550,2025-05,8,6,470000
U01550,2025-05,9,9,406900
U01550,2025-05,10,8,588150
U01550,2025-05,11,5,351000
U01550,2025-05,12,7,380000
U01550,2025-05,13,7,282200
U01551,2025-09,0,5,228000
U01552,2025-11,0,4,214000
U01552,2025-11,1,5,461800
U01552,2025-11,2,8,365900
U01552,2025-11,3,6,438150
U01552,2025-11,4,7,301500
U01552,2025-11,5,4,310950
U01553,2026-04,0,4,114000
U01554,2026-02,0,4,315000
U01554,2026-02,1,9,434250
U01554,2026-02,2,3,143000
U01554,2026-02,3,7,462600
U01555,2026-06,0,4,172500
U01556,2025-10,0,9,728700
U01556,2025-10,1,5,405800
U01558,2026-02,0,4,184250
U01560,2026-06,0,1,30000
U01562,2025-12,0,5,424000
U01563,2026-05,0,4,138750
U01563,2026-05,1,5,126100
U01564,2026-01,0,10,495100
U01565,2025-07,0,8,661250
U01565,2025-07,1,4,203000
U01566,2026-04,0,5,456750
U01566,2026-04,1,10,616500
U01567,2026-05,0,2,59500
U01567,2026-05,1,3,227000
U01569,2026-04,0,11,599750
U01569,2026-04,1,5,160000
U01569,2026-04,2,7,287500
U01570,2025-06,0,6,405950
U01570,2025-06,1,5,427800
U01570,2025-06,2,4,236000
U01570,2025-06,3,7,375550
U01570,2025-06,4,5,151000
U01570,2025-06,5,4,187600
U01570,2025-06,6,4,309300
U01570,2025-06,7,8,478000
U01570,2025-06,8,15,966900
U01570,2025-06,9,4,233100
U01570,2025-06,10,6,298850
U01570,2025-06,11,7,702450
U01570,2025-06,12,9,748200
U01571,2025-09,0,6,379750
U01575,2026-05,0,6,412000
U01575,2026-05,1,6,281050
U01576,2026-06,0,5,335000
U01578,2025-01,0,12,477550
U01579,2025-07,0,7,474750
U01579,2025-07,1,4,132600
U01580,2025-10,0,6,208500
U01580,2025-10,1,5,221000
U01581,2025-10,0,3,406000
U01582,2025-02,0,7,437000
U01582,2025-02,1,4,291600
U01583,2025-12,0,3,222500
U01586,2025-09,0,4,198150
U01586,2025-09,1,4,326300
U01589,2026-02,0,4,191600
U01589,2026-02,1,3,163000
U01590,2026-06,0,7,309350
U01591,2025-07,0,8,521800
U01591,2025-07,1,5,369650
U01592,2026-02,0,4,209000
U01593,2025-02,0,5,274400
U01594,2025-07,0,2,61000
U01595,2025-10,0,6,613700
U01596,2026-03,0,5,226900
U01597,2025-06,0,6,484850
U01599,2026-04,0,1,191000
U01600,2025-06,0,10,357000
U01601,2025-04,0,4,296500
U01602,2026-02,0,10,493200
U01602,2026-02,1,9,452300
U01602,2026-02,2,3,207900
U01602,2026-02,3,5,332000
U01604,2026-01,0,4,458000
U01605,2025-09,0,5,210500
U01605,2025-09,1,4,413750
U01605,2025-09,2,8,558000
U01605,2025-09,3,6,351700
U01605,2025-09,4,8,496200
U01605,2025-09,5,8,249100
U01605,2025-09,6,11,452650
U01605,2025-09,7,6,242000
U01605,2025-09,8,1,37000
U01605,2025-09,9,7,349000
U01607,2026-04,0,4,247000
U01607,2026-04,1,3,194000
U01608,2025-07,0,4,336950
U01608,2025-07,1,4,205000
U01608,2025-07,2,3,128300
U01608,2025-07,3,2,46000
U01609,2025-05,0,6,326000
U01609,2025-05,1,9,534500
U01609,2025-05,2,1,120000
U01609,2025-05,3,7,459600
U01609,2025-05,4,3,220500
U01609,2025-05,5,7,466000
U01613,2026-03,0,10,632050
U01614,2026-02,0,2,67000
U01614,2026-02,1,4,393550
U01616,2026-04,0,4,258700
U01616,2026-04,1,4,246000
U01618,2026-05,0,9,541600
U01618,2026-05,1,6,297000
U01619,2026-05,0,7,236650
U01619,2026-05,1,5,217750
U01621,2025-07,0,7,650000
U01622,2025-06,0,4,365000
U01622,2025-06,1,6,305700
U01623,2025-11,0,4,210000
U01624,2026-03,0,5,267000
U01624,2026-03,1,5,407000
U01624,2026-03,2,6,373000
U01624,2026-03,3,5,220500
U01625,2025-04,0,5,207200
U01628,2025-05,0,8,412000
U01628,2025-05,1,5,254000
U01628,2025-05,2,6,381300
U01630,2025-01,0,18,1312800
U01630,2025-01,1,14,835000
U01631,2025-08,0,8,849200
U01631,2025-08,1,2,127250
U01631,2025-08,2,5,503200
U01631,2025-08,3,11,606000
U01631,2025-08,4,8,318000
U01632,2025-03,0,8,372000
U01633,2026-03,0,3,102000
U01633,2026-03,1,7,536900
U01634,2026-02,0,5,309000
U01635,2025-12,0,6,324500
U01636,2026-03,0,3,104000
U01636,2026-03,1,3,185000
U01636,2026-03,2,1,83700
U01636,2026-03,3,4,256000
U01638,2025-05,0,7,324750
U01638,2025-05,1,2,30000
U01638,2025-05,2,3,146000
U01638,2025-05,3,4,222000
U01644,2026-01,0,4,231000
U01644,2026-01,1,3,244000
U01644,2026-01,2,3,191000
U01644,2026-01,3,9,679000
U01644,2026-01,4,3,270000
U01644,2026-01,5,4,381000
U01647,2025-11,0,5,272000
U01648,2026-02,0,8,595000
U01649,2025-06,0,10,503800
U01649,2025-06,1,5,229500
U01649,2025-06,2,3,165050
U01649,2025-06,3,3,117000
U01649,2025-06,4,9,441000
U01649,2025-06,5,6,556400
U01649,2025-06,6,11,661900
U01649,2025-06,7,8,418000
U01649,2025-06,8,4,244000
U01649,2025-06,9,4,248250
U01649,2025-06,10,5,255000
U01649,2025-06,11,11,673000
U01649,2025-06,12,1,41800
U01650,2025-01,0,16,795950
U01650,2025-01,1,7,336600
U01650,2025-01,2,6,231000
U01651,2025-04,0,4,187050
U01652,2025-11,0,6,284200
U01654,2025-07,0,6,592500
U01654,2025-07,1,7,453400
U01654,2025-07,2,3,98350
U01654,2025-07,3,1,53000
U01656,2025-12,0,4,99500
U01656,2025-12,1,6,270000
U01656,2025-12,2,2,80000
U01656,2025-12,3,2,51000
U01656,2025-12,4,5,356000
U01656,2025-12,5,4,587000
U01658,2026-04,0,5,256300
U01659,2026-01,0,6,221900
U01659,2026-01,1,3,217000
U01660,2025-06,0,5,178300
U01660,2025-06,1,7,307150
U01661,2025-08,0,4,300800
U01661,2025-08,1,1,123000
U01661,2025-08,2,5,429000
U01661,2025-08,3,2,135000
U01661,2025-08,4,4,189000
U01662,2026-05,0,6,273000
U01662,2026-05,1,3,99200
U01663,2025-06,0,4,198000
U01663,2025-06,1,10,437700
U01663,2025-06,2,5,230200
U01663,2025-06,3,6,326600
U01663,2025-06,4,10,757000
U01663,2025-06,5,2,87600
U01664,2025-09,0,5,398200
U01664,2025-09,1,7,534000
U01666,2025-08,0,6,401100
U01667,2026-03,0,7,248000
U01669,2025-08,0,3,180000
U01669,2025-08,1,4,444000
U01669,2025-08,2,7,376200
U01669,2025-08,3,7,428650
U01669,2025-08,4,1,92000
U01669,2025-08,5,1,39000
U01669,2025-08,6,4,165000
U01669,2025-08,7,11,476000
U01669,2025-08,8,5,437750
U01669,2025-08,9,9,466500
U01669,2025-08,10,10,641500
U01670,2025-01,0,5,229400
U01670,2025-01,1,9,686000
U01671,2026-04,0,5,162750
U01673,2026-03,0,8,645400
U01673,2026-03,1,6,415100
U01674,2026-04,0,5,341000
U01678,2025-12,0,10,379750
U01678,2025-12,1,5,314700
U01679,2025-11,0,10,1059000
U01679,2025-11,1,8,607200
U01680,2025-11,0,11,573900
U01680,2025-11,1,3,171000
U01680,2025-11,2,3,136000
U01680,2025-11,3,8,452000
U01682,2025-11,0,1,36000
U01682,2025-11,1,5,314000
U01684,2025-09,0,3,207250
U01684,2025-09,1,10,513250
U01684,2025-09,2,3,280800
U01686,2025-02,0,6,305100
U01686,2025-02,1,7,477100
U01686,2025-02,2,6,390000
U01687,2026-02,0,6,451000
U01688,2025-04,0,3,70300
U01688,2025-04,1,6,300000
U01688,2025-04,2,6,330000
U01688,2025-04,3,4,270150
U01688,2025-04,4,8,393000
U01688,2025-04,5,4,179000
U01688,2025-04,6,6,423300
U01688,2025-04,7,6,403000
U01688,2025-04,8,9,519500
U01688,2025-04,9,14,867850
U01689,2025-02,0,5,225600
U01689,2025-02,1,9,510800
U01689,2025-02,2,7,401750
U01689,2025-02,3,5,185000
U01690,2026-01,0,4,292200
U01691,2025-03,0,8,493000
U01691,2025-03,1,8,318000
U01691,2025-03,2,7,271600
U01692,2026-04,0,3,127500
U01692,2026-04,1,1,28000
U01692,2026-04,2,5,281000
U01694,2025-09,0,4,247650
U01696,2025-07,0,5,263200
U01697,2025-11,0,5,223500
U01698,2026-03,0,7,733850
U01698,2026-03,1,12,767100
U01698,2026-03,2,5,261000
U01698,2026-03,3,5,241750
U01701,2026-01,0,8,776000
U01702,2025-11,0,4,285000
U01702,2025-11,1,10,598000
U01702,2025-11,2,4,303000
U01702,2025-11,3,5,315250
U01702,2025-11,4,2,208000
U01705,2025-07,0,4,170000
U01706,2025-08,0,4,278300
U01707,2026-04,0,8,432200
U01708,2025-06,0,4,346000
U01709,2026-06,0,9,433650
U01710,2025-07,0,9,642500
U01710,2025-07,1,3,326500
U01710,2025-07,2,9,369500
U01710,2025-07,3,6,336600
U01710,2025-07,4,7,256000
U01710,2025-07,5,1,18000
U01710,2025-07,6,10,528500
U01710,2025-07,7,10,556300
U01710,2025-07,8,4,265000
U01710,2025-07,9,5,182400
U01710,2025-07,10,4,173000
U01710,2025-07,11,8,389600
U01712,2025-11,0,4,106000
U01712,2025-11,1,3,181000
U01713,2026-02,0,6,280250
U01715,2025-03,0,4,206100
U01715,2025-03,1,7,485750
U01715,2025-03,2,6,203000
U01716,2026-01,0,8,436000
U01720,2025-07,0,6,443000
U01721,2025-03,0,9,472700
U01721,2025-03,1,6,360000
U01721,2025-03,2,1,50000
U01721,2025-03,3,2,162000
U01721,2025-03,4,1,73800
U01721,2025-03,5,7,605500
U01722,2025-12,0,2,55000
U01722,2025-12,1,6,304000
U01725,2025-06,0,8,441300
U01726,2025-03,0,8,457400
U01728,2025-11,0,5,313100
U01730,2026-02,0,4,193000
U01731,2025-07,0,6,371000
U01733,2025-12,0,4,453000
U01734,2026-02,0,8,374700
U01735,2026-04,0,5,430400
U01735,2026-04,1,3,144000
U01735,2026-04,2,5,242000
U01737,2026-03,0,5,332600
U01738,2025-02,0,8,478000
U01738,2025-02,1,4,186500
U01738,2025-02,2,2,111000
U01739,2026-05,0,6,381100
U01739,2026-05,1,7,383000
U01740,2025-10,0,6,251000
U01740,2025-10,1,8,304000
U01740,2025-10,2,7,432000
U01740,2025-10,3,12,629000
U01741,2025-03,0,6,164550
U01741,2025-03,1,5,176000
U01741,2025-03,2,4,393900
U01741,2025-03,3,4,227000
U01741,2025-03,4,3,56200
U01742,2026-02,0,2,144050
U01745,2025-08,0,7,431400
U01745,2025-08,1,4,136200
U01745,2025-08,2,4,97800
U01745,2025-08,3,1,24000
U01745,2025-08,4,5,328750
U01745,2025-08,5,3,247000
U01745,2025-08,6,6,305000
U01745,2025-08,7,4,264000
U01745,2025-08,8,9,292300
U01745,2025-08,9,4,293000
U01745,2025-08,10,2,95000
U01746,2025-11,0,7,269800
U01746,2025-11,1,8,455700
U01746,2025-11,2,8,421900
U01746,2025-11,3,5,288000
U01746,2025-11,4,9,289000
U01746,2025-11,5,9,422000
U01746,2025-11,6,6,305800
U01746,2025-11,7,7,242200
U01750,2025-11,0,4,105000
U01750,2025-11,1,4,347400
U01751,2026-03,0,4,105600
U01753,2025-01,0,16,708250
U01754,2025-01,1,5,182100
U01755,2025-11,0,5,170650
U01756,2026-02,0,6,504400
U01756,2026-02,1,7,524500
U01756,2026-02,2,6,429200
U01756,2026-02,3,3,93000
U01756,2026-02,4,10,640000
U01757,2025-10,0,3,208100
U01757,2025-10,1,4,292700
U01758,2025-04,0,7,379250
U01761,2025-03,0,11,602000
U01762,2025-09,0,4,294000
U01766,2026-04,0,8,562000
U01766,2026-04,1,11,696500
U01766,2026-04,2,2,61000
U01768,2026-02,0,8,283000
U01768,2026-02,1,4,305000
U01769,2026-03,0,8,383850
U01769,2026-03,1,7,327850
U01769,2026-03,2,7,405700
U01769,2026-03,3,3,198000
U01770,2025-04,0,8,474400
U01771,2026-04,0,9,727000
U01771,2026-04,1,5,101750
U01774,2025-08,0,8,382000
U01774,2025-08,1,5,258400
U01774,2025-08,2,8,463800
U01774,2025-08,3,10,504800
U01774,2025-08,4,5,348000
U01777,2026-03,0,4,154000
U01778,2026-01,0,1,65000
U01778,2026-01,1,5,223000
U01778,2026-01,2,6,320600
U01778,2026-01,3,4,166000
U01779,2025-11,0,9,427250
U01779,2025-11,1,7,364100
U01779,2025-11,2,8,464000
U01779,2025-11,3,5,327350
U01779,2025-11,4,2,120800
U01779,2025-11,5,7,537950
U01780,2025-10,0,9,460500
U01780,2025-10,1,7,494000
U01780,2025-10,2,7,432100
U01781,2025-09,0,8,444200
U01781,2025-09,1,2,232600
U01781,2025-09,2,5,361000
U01782,2025-09,0,7,305700
U01783,2025-06,0,3,195200
U01784,2025-11,0,2,65000
U01786,2025-07,0,5,335000
U01786,2025-07,1,4,156650
U01786,2025-07,2,6,198000
U01786,2025-07,3,6,255750
U01786,2025-07,4,3,242700
U01786,2025-07,5,3,179000
U01786,2025-07,6,5,367950
U01787,2025-08,0,7,370000
U01788,2026-04,0,5,295000
U01788,2026-04,1,9,299700
U01788,2026-04,2,11,381000
U01789,2026-04,0,2,96000
U01789,2026-04,1,5,605000
U01790,2026-02,0,2,174900
U01791,2025-04,0,7,211400
U01791,2025-04,1,10,506000
U01791,2025-04,2,5,214700
U01791,2025-04,3,4,133700
U01791,2025-04,4,6,222500
U01791,2025-04,5,2,213000
U01791,2025-04,6,8,373600
U01791,2025-04,7,2,98650
U01791,2025-04,8,3,118000
U01791,2025-04,9,5,183000
U01791,2025-04,10,5,187900
U01791,2025-04,11,7,438000
U01791,2025-04,12,9,404000
U01791,2025-04,13,5,376650
U01791,2025-04,14,6,670000
U01792,2026-03,0,12,678950
U01792,2026-03,1,5,403900
U01792,2026-03,2,3,184000
U01792,2026-03,3,7,469100
U01793,2026-03,0,8,548000
U01793,2026-03,1,3,128000
U01793,2026-03,2,4,305900
U01793,2026-03,3,4,166000
U01794,2026-06,0,4,381000
U01795,2025-11,0,8,274000
U01795,2025-11,1,5,274250
U01797,2025-06,7,5,212000
U01797,2025-06,8,8,512000
U01798,2025-12,0,9,559650
U01798,2025-12,1,4,273000
U01800,2026-02,0,2,124000
U01800,2026-02,1,4,175000
U01800,2026-02,2,5,219000
U01800,2026-02,3,13,535350
U01800,2026-02,4,6,429050
U01801,2025-02,0,8,696300
U01801,2025-02,1,7,313000
U01801,2025-02,2,5,437800
U01801,2025-02,3,6,337750
U01801,2025-02,4,5,402550
U01803,2025-11,0,7,493100
U01804,2026-05,0,6,378200
U01805,2026-06,0,5,515000
U01807,2025-10,0,9,559450
U01807,2025-10,1,9,498000
U01807,2025-10,2,5,493200
U01807,2025-10,3,4,297000
U01807,2025-10,4,2,69350
U01809,2025-01,1,4,233000
U01810,2025-02,0,6,459000
U01811,2025-02,0,6,268750
U01812,2026-05,0,4,177900
U01813,2025-08,0,6,344500
U01814,2025-02,0,10,505100
U01814,2025-02,1,7,346100
U01814,2025-02,2,8,397900
U01814,2025-02,3,6,230700
U01815,2025-05,0,11,781600
U01815,2025-05,1,5,176900
U01816,2026-05,0,4,432000
U01817,2026-02,0,4,376000
U01817,2026-02,1,6,260800
U01818,2025-07,0,4,428000
U01819,2025-07,0,8,350200
U01819,2025-07,1,3,541000
U01819,2025-07,2,2,57400
U01819,2025-07,3,3,424000
U01819,2025-07,4,4,199750
U01819,2025-07,5,6,410350
U01819,2025-07,6,6,337400
U01819,2025-07,7,8,407600
U01819,2025-07,8,4,291800
U01819,2025-07,9,7,416600
U01819,2025-07,10,4,321000
U01820,2026-06,0,5,291000
U01823,2025-12,0,4,229000
U01823,2025-12,1,3,105000
U01824,2025-05,0,6,292600
U01824,2025-05,1,5,555000
U01824,2025-05,2,6,435700
U01824,2025-05,3,6,382400
U01824,2025-05,4,9,398250
U01824,2025-05,5,7,322300
U01826,2026-03,0,9,473000
U01826,2026-03,1,4,307500
U01830,2025-08,0,6,153500
U01831,2025-11,0,3,181000
U01831,2025-11,1,7,280000
U01833,2026-02,0,2,72000
U01833,2026-02,1,5,233000
U01833,2026-02,2,9,425000
U01833,2026-02,3,7,434600
U01833,2026-02,4,7,483100
U01834,2025-03,0,7,303000
U01834,2025-03,1,8,346000
U01835,2025-06,0,5,189200
U01836,2026-04,0,5,246200
U01836,2026-04,1,6,247550
U01836,2026-04,2,4,195000
U01837,2025-10,0,5,275000
U01837,2025-10,1,8,475500
U01837,2025-10,2,5,271900
U01838,2025-11,0,3,94750
U01838,2025-11,1,7,415200
U01838,2025-11,2,3,146000
U01838,2025-11,3,4,382000
U01838,2025-11,4,1,51000
U01838,2025-11,5,2,138000
U01838,2025-11,6,4,308000
U01839,2026-01,0,3,101000
U01840,2026-03,0,6,317000
U01842,2025-07,0,4,153000
U01846,2026-05,0,12,595850
U01846,2026-05,1,6,422700
U01847,2026-06,0,4,204700
U01848,2026-05,0,2,176800
U01848,2026-05,1,3,260000
U01850,2025-11,0,8,652500
U01850,2025-11,1,4,212000
U01850,2025-11,2,10,773400
U01851,2025-03,0,9,488450
U01851,2025-03,1,4,200000
U01851,2025-03,2,6,310700
U01851,2025-03,3,8,307000
U01851,2025-03,4,8,657400
U01851,2025-03,5,6,302800
U01852,2026-01,0,5,161800
U01853,2025-05,0,2,172000
U01854,2025-02,0,8,528400
U01855,2025-12,1,5,179700
U01857,2026-05,0,2,217000
U01858,2025-11,0,1,18000
U01858,2025-11,1,8,504650
U01858,2025-11,2,5,216000
U01858,2025-11,3,5,267050
U01858,2025-11,4,7,424750
U01858,2025-11,5,4,163250
U01859,2025-02,0,11,669000
U01859,2025-02,1,3,199000
U01860,2025-08,0,5,315000
U01861,2026-03,0,6,266600
U01863,2025-12,0,5,167600
U01864,2026-01,0,3,108000
U01866,2025-05,0,8,518500
U01867,2026-02,0,10,459000
U01867,2026-02,1,7,495000
U01867,2026-02,2,7,330000
U01868,2026-05,0,4,252000
U01868,2026-05,1,2,173600
U01872,2026-01,0,6,387000
U01874,2025-09,0,6,465000
U01874,2025-09,1,4,294000
U01876,2026-01,0,8,461700
U01876,2026-01,1,5,316000
U01876,2026-01,2,4,370000
U01876,2026-01,3,1,47000
U01877,2025-10,0,6,224550
U01877,2025-10,1,8,558350
U01877,2025-10,2,2,74000
U01877,2025-10,3,5,424000
U01877,2025-10,4,7,304200
U01877,2025-10,5,6,327000
U01877,2025-10,6,6,412100
U01877,2025-10,7,6,460000
U01877,2025-10,8,3,198700
U01878,2025-08,0,1,84000
U01882,2025-12,0,3,349000
U01882,2025-12,1,3,293000
U01882,2025-12,2,2,30000
U01882,2025-12,3,5,317000
U01882,2025-12,4,6,330000
U01882,2025-12,5,4,141000
U01882,2025-12,6,4,254800
U01883,2025-05,0,6,274000
U01888,2025-01,0,11,576200
U01889,2026-06,0,4,378000
U01891,2025-01,0,16,861400
U01891,2025-01,1,10,451550
U01891,2025-01,2,9,366550
U01891,2025-01,3,6,371000
U01893,2025-02,0,4,208000
U01893,2025-02,1,5,210000
U01893,2025-02,2,5,192800
U01893,2025-02,3,7,299000
U01893,2025-02,4,5,270100
U01893,2025-02,5,1,203000
U01893,2025-02,6,7,406000
U01893,2025-02,7,3,159700
U01893,2025-02,8,6,651000
U01893,2025-02,9,5,246000
U01893,2025-02,10,8,366000
U01893,2025-02,11,4,209000
U01893,2025-02,12,8,483150
U01893,2025-02,13,7,406000
U01893,2025-02,14,5,246200
U01893,2025-02,15,3,86000
U01893,2025-02,16,5,199100
U01895,2026-02,0,5,375800
U01895,2026-02,1,2,64000
U01896,2025-03,0,7,289500
U01896,2025-03,1,4,327600
U01896,2025-03,2,7,345300
U01896,2025-03,3,8,505150
U01896,2025-03,4,8,671000
U01896,2025-03,5,4,222000
U01896,2025-03,6,2,100000
U01896,2025-03,7,10,581200
U01896,2025-03,8,5,323000
U01896,2025-03,9,5,325750
U01896,2025-03,10,3,150000
U01896,2025-03,11,2,59000
U01896,2025-03,12,7,610300
U01896,2025-03,13,5,296000
U01896,2025-03,14,4,177000
U01896,2025-03,15,3,183850
U01897,2026-06,0,5,331900
U01899,2025-08,0,2,142000
U01899,2025-08,1,6,172900
U01900,2025-05,0,3,121000
U01900,2025-05,1,5,358000
U01901,2025-02,0,5,321000
U01901,2025-02,1,2,128600
U01901,2025-02,2,12,515950
U01902,2025-09,0,8,661000
U01903,2025-10,0,5,128150
U01903,2025-10,1,4,205000
U01903,2025-10,2,3,115000
U01903,2025-10,3,10,597850
U01903,2025-10,4,6,325550
U01903,2025-10,5,4,177500
U01903,2025-10,6,8,493400
U01904,2025-03,0,9,648350
U01904,2025-03,1,5,206300
U01904,2025-03,2,7,479000
U01905,2026-06,0,4,158000
U01906,2025-06,0,9,384000
U01906,2025-06,1,5,196450
U01906,2025-06,2,7,415000
U01906,2025-06,3,8,361600
U01906,2025-06,4,3,191000
U01906,2025-06,5,7,307000
U01906,2025-06,6,3,166000
U01906,2025-06,7,2,36000
U01906,2025-06,8,6,362800
U01906,2025-06,9,5,291900
U01906,2025-06,10,3,148000
U01906,2025-06,11,1,18000
U01907,2025-11,0,8,423000
U01909,2026-01,0,2,177000
U01909,2026-01,1,3,76100
U01910,2025-08,0,5,370000
U01910,2025-08,1,4,311000
U01910,2025-08,2,5,406000
U01911,2026-04,0,4,294000
U01911,2026-04,1,4,411000
U01912,2025-02,0,4,166000
U01912,2025-02,1,7,314400
U01912,2025-02,2,8,364000
U01913,2025-12,0,3,85000
U01914,2026-02,0,3,267000
U01914,2026-02,1,4,285000
U01914,2026-02,2,7,627500
U01914,2026-02,3,9,614000
U01914,2026-02,4,8,514850
U01915,2026-02,0,6,319750
U01915,2026-02,1,6,185100
U01915,2026-02,2,6,254800
U01917,2026-05,0,6,277000
U01918,2025-05,0,1,46000
U01918,2025-05,1,5,161000
U01918,2025-05,2,8,395000
U01923,2026-05,0,5,522000
U01923,2026-05,1,9,592000
U01926,2025-01,0,15,748500
U01926,2025-01,1,5,204000
U01926,2025-01,2,9,331250
U01926,2025-01,3,1,79000
U01927,2026-02,0,4,307350
U01928,2025-01,0,8,375600
U01928,2025-01,1,3,133000
U01928,2025-01,2,4,293400
U01928,2025-01,3,3,87250
U01928,2025-01,4,5,275100
U01928,2025-01,5,4,144250
U01928,2025-01,6,5,388800
U01929,2025-12,0,3,350000
U01929,2025-12,1,3,203100
U01930,2026-06,0,4,215000
U01931,2025-08,0,3,123000
U01931,2025-08,1,4,328000
U01931,2025-08,2,3,116200
U01932,2026-01,0,2,191000
U01936,2025-03,0,4,200000
U01936,2025-03,1,4,190700
U01936,2025-03,2,4,146000
U01936,2025-03,3,7,544100
U01936,2025-03,4,7,488200
U01936,2025-03,5,3,320200
U01936,2025-03,6,6,390000
U01936,2025-03,7,3,250000
U01936,2025-03,8,2,131000
U01936,2025-03,9,4,406000
U01936,2025-03,10,7,198000
U01936,2025-03,11,2,55200
U01936,2025-03,12,6,259000
U01936,2025-03,13,7,515100
U01936,2025-03,14,6,351400
U01936,2025-03,15,4,213000
U01937,2026-01,0,1,67000
U01939,2025-07,1,4,230000
U01940,2025-07,0,1,24000
U01940,2025-07,1,3,213000
U01940,2025-07,2,4,204000
U01940,2025-07,3,3,235700
U01940,2025-07,4,4,128250
U01940,2025-07,5,5,214750
U01940,2025-07,6,2,126200
U01940,2025-07,7,3,196800
U01940,2025-07,8,3,210000
U01940,2025-07,9,3,216800
U01940,2025-07,10,3,146000
U01940,2025-07,11,8,349000
U01941,2025-04,0,7,522000
U01943,2025-12,0,7,410200
U01943,2025-12,1,6,289400
U01944,2026-03,0,5,302700
U01944,2026-03,1,4,260000
U01945,2026-05,0,7,472500
U01946,2026-03,0,8,289000
U01946,2026-03,1,5,351000
U01949,2025-04,0,9,366200
U01949,2025-04,1,7,439800
U01951,2025-12,0,2,155600
U01951,2025-12,1,5,193200
U01951,2025-12,2,4,329850
U01951,2025-12,3,6,266700
U01951,2025-12,4,5,470250
U01951,2025-12,5,3,409000
U01951,2025-12,6,5,367000
U01953,2025-11,0,5,371000
U01955,2026-02,0,6,582900
U01955,2026-02,1,2,100800
U01956,2025-06,0,3,68600
U01956,2025-06,1,1,119000
U01956,2025-06,2,8,401200
U01957,2026-06,0,5,201100
U01960,2025-12,0,8,300600
U01961,2026-01,0,2,52000
U01962,2026-05,0,7,414000
U01962,2026-05,1,2,40500
U01963,2025-02,0,3,120200
U01969,2025-01,0,12,631050
U01969,2025-01,1,7,196000
U01969,2025-01,2,7,280300
U01969,2025-01,3,4,162000
U01969,2025-01,4,7,348900
U01969,2025-01,5,3,289000
U01969,2025-01,6,9,667650
U01969,2025-01,7,5,444500
U01969,2025-01,8,3,111600
U01969,2025-01,9,7,440000
U01970,2025-05,0,4,281000
U01971,2026-05,0,5,133000
U01972,2026-03,0,6,190250
U01973,2026-02,0,5,265200
U01973,2026-02,1,5,333450
U01973,2026-02,2,7,453300
U01975,2026-05,0,8,259200
U01975,2026-05,1,6,296000
U01976,2026-05,0,7,291100
U01977,2025-07,1,6,538850
U01978,2026-05,0,5,379000
U01978,2026-05,1,6,290000
U01979,2025-05,0,9,458000
U01980,2025-12,0,4,200000
U01982,2025-06,0,2,116000
U01983,2025-04,0,5,370000
U01983,2025-04,1,6,184250
U01984,2026-05,0,7,416000
U01984,2026-05,1,12,1040000
U01986,2026-03,0,2,119000
U01988,2026-02,0,8,599650
U01988,2026-02,1,6,238000
U01989,2026-05,0,6,227600
U01991,2026-02,0,6,338850
U01992,2025-11,0,3,134300
U01993,2025-09,0,6,467000
U01993,2025-09,1,3,177000
U01993,2025-09,2,9,431000
U01993,2025-09,3,7,461000
U01993,2025-09,4,5,232000
U01993,2025-09,5,2,109000
U01993,2025-09,6,3,342000
U01993,2025-09,7,6,525700
U01993,2025-09,8,9,552000
U01993,2025-09,9,6,361300
U01994,2026-03,0,5,232000
U01996,2025-05,0,3,112000
U01996,2025-05,1,4,294000
U01996,2025-05,2,3,147750
U01997,2026-01,0,6,408000
U01997,2026-01,1,5,433850
U01997,2026-01,2,7,350300
U01997,2026-01,3,4,218400
U01997,2026-01,4,5,201950
U01997,2026-01,5,4,215000
U01998,2025-05,0,4,248250
U01999,2025-07,6,4,361000
U02000,2025-08,0,6,230100
U02001,2025-10,0,5,340000
U02002,2026-03,0,4,246700
U02002,2026-03,1,5,275000
U02003,2025-05,0,7,335600
U02005,2026-01,0,7,652200
U02005,2026-01,1,6,238600
U02005,2026-01,2,6,514000
U02005,2026-01,3,9,261950
U02005,2026-01,4,5,553500
U02005,2026-01,5,11,945800
U02007,2025-03,0,8,471800
U02009,2025-09,0,8,306950
U02009,2025-09,1,8,444000
U02009,2025-09,2,5,266200
U02009,2025-09,3,6,253000
U02009,2025-09,4,5,254900
U02009,2025-09,5,4,220000
U02009,2025-09,6,10,637950
U02009,2025-09,7,4,163600
U02009,2025-09,8,11,548000
U02009,2025-09,9,6,310000
U02010,2026-01,0,10,514000
U02010,2026-01,1,7,667000
U02010,2026-01,2,6,488400
U02013,2025-02,0,6,387000
U02013,2025-02,1,6,270250
U02013,2025-02,2,2,56000
U02013,2025-02,3,7,519500
U02013,2025-02,4,6,300000
U02013,2025-02,5,5,214500
U02013,2025-02,6,3,212000
U02013,2025-02,7,5,317000
U02013,2025-02,8,6,435600
U02013,2025-02,9,2,158000
U02015,2026-01,0,8,562100
U02015,2026-01,1,7,225000
U02015,2026-01,2,3,165000
U02015,2026-01,3,9,384550
U02018,2026-03,0,1,30600
U02018,2026-03,1,2,172000
U02019,2025-09,0,7,515000
U02019,2025-09,1,8,524450
U02020,2025-01,0,16,834000
U02020,2025-01,1,9,413200
U02020,2025-01,2,4,213800
U02021,2025-12,0,3,170000
U02023,2025-08,0,2,137300
U02025,2025-03,0,5,265750
U02025,2025-03,1,4,146700
U02026,2025-07,0,5,351400
U02030,2025-08,0,8,428000
U02031,2025-09,2,3,231000
U02031,2025-09,3,2,191000
U02031,2025-09,4,6,286000
U02031,2025-09,5,5,187700
U02031,2025-09,6,4,262800
U02031,2025-09,7,1,111000
U02034,2025-11,0,5,196000
U02035,2025-12,0,3,238000
U02035,2025-12,1,6,304000
U02036,2025-01,0,12,623300
U02036,2025-01,1,14,804700
U02036,2025-01,2,10,443100
U02036,2025-01,3,4,327550
U02037,2025-01,1,5,254000
U02037,2025-01,2,5,264000
U02038,2026-01,0,5,318000
U02039,2026-03,0,3,217000
U02039,2026-03,1,3,217650
U02040,2026-05,0,7,514050
U02042,2025-08,0,4,252000
U02042,2025-08,1,9,519800
U02042,2025-08,2,5,416000
U02042,2025-08,3,8,497600
U02042,2025-08,4,4,184000
U02042,2025-08,5,7,462200
U02042,2025-08,6,9,417000
U02044,2026-03,0,8,416300
U02045,2025-03,0,9,505000
U02046,2025-05,0,4,186000
U02046,2025-05,1,3,181600
U02046,2025-05,2,5,406800
U02046,2025-05,3,6,392000
U02047,2025-09,0,8,343800
U02047,2025-09,1,7,578600
U02047,2025-09,2,3,185000
U02047,2025-09,3,6,290800
U02047,2025-09,4,11,528850
U02047,2025-09,5,4,234250
U02048,2025-10,0,5,365800
U02051,2025-05,0,2,91150
U02051,2025-05,1,7,442600
U02053,2025-06,2,2,68000
U02054,2025-12,0,8,525700
U02054,2025-12,1,7,411000
U02057,2025-12,0,4,217000
U02057,2025-12,1,5,319000
U02060,2026-01,0,4,159000
U02060,2026-01,1,4,249500
U02060,2026-01,2,5,286000
U02060,2026-01,3,5,252200
U02060,2026-01,4,8,640800
U02060,2026-01,5,7,272000
U02061,2025-08,0,4,186000
U02061,2025-08,1,3,63000
U02061,2025-08,2,11,437000
U02061,2025-08,3,7,459000
U02061,2025-08,4,4,280400
U02061,2025-08,5,5,197050
U02061,2025-08,6,4,245700
U02061,2025-08,7,5,319950
U02061,2025-08,8,9,468200
U02061,2025-08,9,5,244600
U02061,2025-08,10,4,406000
U02062,2025-05,0,6,287800
U02062,2025-05,1,3,238000
U02062,2025-05,2,5,389500
U02063,2025-12,0,3,192000
U02063,2025-12,1,8,287100
U02063,2025-12,2,8,317300
U02063,2025-12,3,5,285000
U02064,2025-11,0,7,464800
U02064,2025-11,1,3,246400
U02064,2025-11,2,5,394000
U02065,2026-02,0,5,329750
U02065,2026-02,1,7,404000
U02066,2025-01,0,9,537800
U02066,2025-01,1,11,588150
U02066,2025-01,2,10,678000
U02068,2025-12,0,7,507400
U02068,2025-12,1,4,192000
U02070,2026-04,0,6,242200
U02070,2026-04,1,6,241500
U02070,2026-04,2,4,506000
U02071,2026-02,0,10,691000
U02071,2026-02,1,9,587200
U02071,2026-02,2,7,551000
U02073,2026-05,0,6,205000
U02074,2025-03,0,9,461250
U02075,2026-02,0,3,345000
U02076,2025-03,0,8,324000
U02076,2025-03,1,10,538000
U02076,2025-03,2,6,388000
U02077,2025-08,0,8,251000
U02077,2025-08,1,4,390700
U02077,2025-08,2,7,636700
U02077,2025-08,3,5,215000
U02077,2025-08,4,4,144000
U02077,2025-08,5,6,289000
U02077,2025-08,6,10,489350
U02077,2025-08,7,5,312000
U02077,2025-08,8,2,96000
U02077,2025-08,9,8,766800
U02077,2025-08,10,5,202600
U02078,2025-12,0,8,404500
U02079,2025-07,0,2,267750
U02080,2025-06,0,7,382400
U02080,2025-06,1,3,499000
U02080,2025-06,2,3,178000
U02080,2025-06,3,9,509200
U02080,2025-06,4,8,623650
U02080,2025-06,5,4,96000
U02080,2025-06,6,4,163000
U02080,2025-06,7,8,548450
U02080,2025-06,8,2,168350
U02082,2026-05,0,7,474300
U02083,2025-01,0,14,634950
U02083,2025-01,1,9,484600
U02084,2025-11,0,11,769450
U02085,2025-03,1,6,347000
U02085,2025-03,2,7,288000
U02085,2025-03,3,7,663000
U02085,2025-03,4,3,188100
U02087,2026-02,0,7,656000
U02088,2026-02,0,3,287150
U02089,2025-04,0,7,349000
U02089,2025-04,1,2,130250
U02089,2025-04,2,9,679850
U02090,2026-04,0,3,237000
U02090,2026-04,1,5,206000
U02090,2026-04,2,3,118000
U02093,2026-05,0,9,460950
U02094,2025-10,0,9,542300
U02094,2025-10,1,2,78000
U02094,2025-10,2,6,222000
U02095,2026-04,0,4,374800
U02096,2025-02,0,5,252400
U02096,2025-02,1,7,440000
U02097,2026-04,0,2,155500
U02097,2026-04,1,7,240000
U02097,2026-04,2,3,141000
U02098,2026-05,0,10,443750
U02099,2025-03,0,6,170750
U02099,2025-03,1,7,211150
U02099,2025-03,2,7,228000
U02099,2025-03,3,6,332000
U02100,2026-04,0,4,155100
U02100,2026-04,1,5,133700
U02100,2026-04,2,3,62000
U02101,2025-10,0,7,326300
U02101,2025-10,1,2,108000
U02101,2025-10,2,4,191000
U02101,2025-10,3,1,65000
U02102,2025-01,0,14,488000
U02102,2025-01,1,8,319200
U02102,2025-01,2,7,331300
U02102,2025-01,3,11,467300
U02102,2025-01,4,5,409800
U02103,2026-01,0,8,437600
U02103,2026-01,1,8,522000
U02103,2026-01,2,9,546850
U02103,2026-01,3,7,345000
U02103,2026-01,4,7,314750
U02103,2026-01,5,6,268200
U02104,2025-07,0,6,261400
U02104,2025-07,1,6,431400
U02106,2026-04,0,5,251150
U02106,2026-04,1,6,173200
U02106,2026-04,2,4,346000
U02109,2025-06,0,7,388600
U02109,2025-06,1,7,400500
U02109,2025-06,2,3,196000
U02109,2025-06,3,6,378600
U02109,2025-06,4,3,374000
U02109,2025-06,5,8,489250
U02109,2025-06,6,3,182800
U02109,2025-06,7,4,343000
U02109,2025-06,8,3,94200
U02109,2025-06,9,4,266000
U02109,2025-06,10,3,139000
U02109,2025-06,11,5,285600
U02109,2025-06,12,2,71700
U02112,2025-07,0,7,349800
U02112,2025-07,1,4,256400
U02112,2025-07,2,5,355500
U02112,2025-07,3,5,239400
U02112,2025-07,4,4,100000
U02112,2025-07,5,1,18000
U02112,2025-07,6,3,219000
U02112,2025-07,7,5,335000
U02112,2025-07,8,8,452900
U02112,2025-07,9,1,20000
U02112,2025-07,10,4,303950
U02112,2025-07,11,2,64100
U02113,2025-10,0,6,525500
U02113,2025-10,1,2,151950
U02115,2025-10,0,7,331000
U02116,2026-01,0,3,350500
U02116,2026-01,1,4,104000
U02117,2026-03,0,4,178000
U02118,2025-03,0,8,433400
U02120,2025-08,0,1,53000
U02121,2026-01,0,3,132000
U02121,2026-01,1,2,104000
U02121,2026-01,2,4,191750
U02124,2026-03,0,2,33000
U02124,2026-03,1,9,607750
U02126,2026-01,0,5,384800
U02126,2026-01,1,8,555000
U02126,2026-01,2,1,31500
U02126,2026-01,3,4,484900
U02126,2026-01,4,5,246600
U02126,2026-01,5,4,234250
U02127,2026-01,0,6,425200
U02128,2026-03,0,10,600400
U02128,2026-03,1,4,72000
U02128,2026-03,2,12,661500
U02128,2026-03,3,4,81100
U02132,2026-03,0,6,291800
U02132,2026-03,1,5,292000
U02132,2026-03,2,7,812000
U02132,2026-03,3,2,221000
U02135,2025-11,0,6,315850
U02135,2025-11,1,4,194050
U02136,2025-02,0,10,465550
U02136,2025-02,1,7,379200
U02136,2025-02,2,7,169300
U02136,2025-02,3,7,245000
U02136,2025-02,4,2,139000
U02136,2025-02,5,5,352600
U02136,2025-02,6,2,46000
U02136,2025-02,8,4,225200
U02136,2025-02,9,6,232100
U02136,2025-02,10,4,213500
U02136,2025-02,11,7,362850
U02137,2025-02,0,9,314500
U02137,2025-02,1,5,296100
U02137,2025-02,2,5,235200
U02138,2025-02,0,9,579700
U02139,2025-12,0,4,201150
U02140,2025-11,0,7,464500
U02141,2026-05,0,3,281350
U02141,2026-05,1,4,307150
U02143,2026-03,0,7,281000
U02143,2026-03,1,4,185900
U02144,2026-03,0,6,369000
U02144,2026-03,1,6,561400
U02144,2026-03,2,3,107350
U02145,2025-03,0,5,219700
U02145,2025-03,1,5,207000
U02147,2026-03,0,8,314000
U02147,2026-03,1,4,138000
U02148,2026-03,0,2,159000
U02150,2025-07,1,10,523000
U02150,2025-07,2,8,392000
U02150,2025-07,3,8,286950
U02150,2025-07,4,9,640000
U02150,2025-07,5,1,36000
U02150,2025-07,6,7,238250
U02153,2026-06,0,5,342050
U02154,2025-07,0,4,196000
U02155,2025-04,0,8,428150
U02155,2025-04,1,6,427000
U02156,2025-01,0,6,252000
U02156,2025-01,1,9,403100
U02156,2025-01,2,3,68000
U02158,2025-04,0,3,107000
U02158,2025-04,1,10,550300
U02158,2025-04,2,1,50000
U02158,2025-04,3,5,251600
U02158,2025-04,4,7,306550
U02159,2025-01,1,5,116000
U02159,2025-01,2,5,171500
U02159,2025-01,3,7,313400
U02159,2025-01,4,6,359400
U02159,2025-01,5,2,98000
U02159,2025-01,6,6,383950
U02159,2025-01,7,8,400100
U02160,2025-03,0,5,249700
U02161,2025-08,0,4,163400
U02161,2025-08,1,5,322000
U02162,2026-06,0,1,37000
U02163,2025-11,0,5,261000
U02163,2025-11,1,2,239000
U02163,2025-11,2,4,110000
U02163,2025-11,3,3,106850
U02163,2025-11,4,7,211000
U02164,2025-08,0,5,229000
U02164,2025-08,1,3,93000
U02164,2025-08,2,4,226000
U02166,2025-10,0,5,192000
U02169,2025-03,5,5,422900
U02169,2025-03,6,3,98050
U02169,2025-03,7,14,674400
U02169,2025-03,8,6,512700
U02169,2025-03,9,4,189000
U02169,2025-03,10,4,152500
U02169,2025-03,11,8,273600
U02169,2025-03,12,4,146000
U02169,2025-03,13,5,274400
U02169,2025-03,14,5,298400
U02169,2025-03,15,7,390050
U02172,2025-11,2,3,176800
U02173,2026-02,0,5,293200
U02175,2025-10,0,5,265200
U02175,2025-10,1,6,256000
U02175,2025-10,2,9,496750
U02175,2025-10,3,7,614150
U02175,2025-10,4,8,407100
U02176,2025-06,0,5,728000
U02176,2025-06,1,7,431000
U02177,2025-12,0,7,514700
U02178,2025-03,0,5,244400
U02180,2026-02,0,4,307050
U02181,2025-04,4,6,382000
U02181,2025-04,5,8,529250
U02182,2026-05,0,2,202000
U02182,2026-05,1,4,200400
U02183,2025-06,2,11,783100
U02183,2025-06,3,6,243700
U02183,2025-06,4,8,512400
U02183,2025-06,5,7,401100
U02184,2025-07,0,2,129000
U02185,2026-02,0,3,158000
U02186,2025-07,0,2,39000
U02187,2025-04,0,6,225950
U02188,2025-06,0,6,341950
U02189,2026-02,0,2,126000
U02189,2026-02,1,4,215500
U02190,2025-04,0,4,134750
U02193,2025-08,0,6,189100
U02193,2025-08,1,2,82000
U02195,2025-12,0,7,517000
U02195,2025-12,1,8,457000
U02195,2025-12,2,5,329000
U02195,2025-12,3,5,356000
U02197,2026-01,0,3,119900
U02197,2026-01,1,6,477600
U02198,2026-03,0,2,72200
U02198,2026-03,1,5,255000
U02198,2026-03,2,3,260000
U02198,2026-03,3,2,174500
U02199,2025-12,0,2,179000
U02200,2025-01,0,10,662150
U02200,2025-01,1,6,285200
U02200,2025-01,2,6,138700
U02201,2025-10,0,5,213000
U02203,2025-01,0,4,197300
U02204,2026-02,0,2,122000
U02205,2025-03,0,11,503800
U02205,2025-03,1,5,263000
U02205,2025-03,2,7,372000
U02205,2025-03,3,5,286600
U02205,2025-03,4,9,542000
U02205,2025-03,5,4,428600
U02205,2025-03,6,4,473700
U02205,2025-03,7,9,445250
U02205,2025-03,8,6,307000
U02205,2025-03,9,10,655300
U02205,2025-03,10,4,214000
U02205,2025-03,11,8,477000
U02205,2025-03,12,4,122000
U02205,2025-03,13,5,240000
U02205,2025-03,14,1,37000
U02205,2025-03,15,10,459000
U02209,2026-05,0,4,299500
U02210,2026-02,0,8,457000
U02211,2025-07,0,3,94400
U02211,2025-07,1,2,55200
U02211,2025-07,2,7,343000
U02211,2025-07,3,1,49000
U02211,2025-07,4,3,299300
U02211,2025-07,5,6,404900
U02211,2025-07,6,7,478250
U02211,2025-07,7,1,83000
U02211,2025-07,8,7,566000
U02211,2025-07,9,2,82000
U02211,2025-07,10,7,375500
U02211,2025-07,11,7,325000
U02212,2025-12,0,4,396000
U02212,2025-12,1,4,179000
U02212,2025-12,2,5,163000
U02212,2025-12,3,5,316200
U02213,2025-12,0,6,517000
U02213,2025-12,1,7,483000
U02213,2025-12,2,4,217100
U02213,2025-12,3,9,678350
U02213,2025-12,4,6,330500
U02213,2025-12,5,12,833400
U02214,2025-07,0,6,414000
U02214,2025-07,1,6,544800
U02216,2025-03,0,8,334100
U02217,2025-09,0,6,344000
U02217,2025-09,1,4,286000
U02217,2025-09,2,5,348500
U02217,2025-09,3,5,268350
U02218,2025-11,0,6,456000
U02218,2025-11,1,6,448000
U02219,2026-01,0,5,190050
U02221,2025-12,0,4,176350
U02221,2025-12,1,3,245000
U02221,2025-12,2,2,96000
U02221,2025-12,3,5,177200
U02221,2025-12,4,6,374000
U02221,2025-12,5,5,222100
U02221,2025-12,6,7,443350
U02222,2026-04,0,6,335000
U02223,2026-02,0,2,102600
U02223,2026-02,1,6,393800
U02223,2026-02,2,7,425750
U02225,2026-03,0,3,206000
U02225,2026-03,1,6,345100
U02225,2026-03,2,8,642000
U02225,2026-03,3,6,406800
U02226,2025-09,0,6,361000
U02226,2025-09,1,5,208000
U02227,2026-06,0,2,90000
U02228,2026-01,0,6,329000
U02229,2025-09,0,5,419100
U02229,2025-09,1,8,499950
U02229,2025-09,2,4,317000
U02229,2025-09,3,4,448000
U02229,2025-09,4,6,267100
U02229,2025-09,5,4,266000
U02229,2025-09,6,9,557100
U02230,2026-01,0,3,89000
U02230,2026-01,1,1,72000
U02231,2026-05,0,7,488000
U02231,2026-05,1,3,93600
U02232,2025-07,0,5,347000
U02234,2025-03,0,5,253600
U02235,2026-01,0,3,180000
U02235,2026-01,1,3,163500
U02235,2026-01,2,3,114000
U02235,2026-01,3,3,264000
U02235,2026-01,4,5,254250
U02235,2026-01,5,10,796400
U02239,2026-05,0,3,115000
U02239,2026-05,1,3,174300
U02240,2026-01,0,3,181700
U02240,2026-01,1,4,523000
U02240,2026-01,2,2,45900
U02240,2026-01,3,5,525500
U02241,2026-05,0,10,469400
U02241,2026-05,1,6,293000
U02242,2026-01,0,1,106000
U02243,2025-02,0,8,393000
U02244,2025-01,0,8,297000
U02244,2025-01,1,8,303200
U02245,2026-03,0,6,333300
U02245,2026-03,1,3,180000
U02246,2026-05,0,3,83000
U02246,2026-05,1,4,115000
U02247,2025-10,0,7,241500
U02247,2025-10,1,4,193000
U02248,2025-04,0,7,223200
U02249,2026-04,0,3,368750
U02249,2026-04,1,5,370200
U02249,2026-04,2,7,647550
U02251,2026-02,1,4,121800
U02255,2025-11,0,10,529300
U02255,2025-11,1,6,303650
U02255,2025-11,2,5,172900
U02255,2025-11,3,6,369000
U02256,2026-05,0,9,469000
U02256,2026-05,1,7,422700
U02257,2025-12,0,3,149650
U02260,2025-09,0,6,324000
U02260,2025-09,1,5,401900
U02264,2026-05,0,6,300000
U02264,2026-05,1,4,279600
U02265,2026-04,0,7,380000
U02265,2026-04,1,4,219000
U02265,2026-04,2,11,754650
U02266,2025-10,0,2,88000
U02266,2025-10,1,3,352400
U02267,2025-12,0,3,175500
U02267,2025-12,1,2,114000
U02267,2025-12,2,3,236400
U02270,2026-06,0,2,75300
U02271,2025-12,0,4,291200
U02271,2025-12,1,6,422000
U02271,2025-12,2,6,424000
U02271,2025-12,3,5,378600
U02271,2025-12,4,3,171750
U02271,2025-12,5,8,442200
U02271,2025-12,6,8,260000
U02273,2025-06,0,6,349000
U02273,2025-06,1,6,266100
U02274,2025-11,0,8,270000
U02274,2025-11,1,8,302500
U02275,2025-12,0,7,201000
U02276,2026-01,0,5,403300
U02276,2026-01,1,6,366900
U02276,2026-01,2,12,651400
U02276,2026-01,3,4,249000
U02277,2026-02,0,7,370500
U02277,2026-02,1,9,537000
U02277,2026-02,2,2,106800
U02277,2026-02,3,2,189000
U02279,2025-02,0,5,152700
U02279,2025-02,1,8,475000
U02279,2025-02,2,9,299000
U02281,2025-10,0,2,96000
U02281,2025-10,1,7,633500
U02281,2025-10,2,5,300800
U02281,2025-10,3,6,231750
U02281,2025-10,4,2,40000
U02287,2026-06,0,10,664850
U02288,2025-03,0,10,346100
U02289,2026-05,0,5,183000
U02289,2026-05,1,2,166000
U02292,2026-01,0,2,229250
U02292,2026-01,1,3,109000
U02292,2026-01,2,8,488900
U02292,2026-01,3,5,325200
U02292,2026-01,4,9,620400
U02292,2026-01,5,3,144000
U02296,2025-08,0,7,311900
U02296,2025-08,1,4,323000
U02297,2026-03,0,5,139000
U02297,2026-03,1,6,344000
U02298,2025-06,0,8,524600
U02298,2025-06,1,8,471300
U02298,2025-06,2,6,240000
U02298,2025-06,3,6,323000
U02298,2025-06,4,4,224100
U02298,2025-06,5,2,307000
U02298,2025-06,6,3,73000
U02298,2025-06,7,3,279000
U02298,2025-06,8,4,91200
U02298,2025-06,9,5,377900
U02298,2025-06,10,9,439000
U02298,2025-06,11,4,516500
U02298,2025-06,12,6,257850
U02300,2026-01,0,9,422150
U02300,2026-01,1,4,458300
U02300,2026-01,2,7,390000
U02300,2026-01,3,7,553300
U02300,2026-01,4,4,260900
U02300,2026-01,5,8,521100
U02303,2026-02,0,4,497050
U02305,2025-04,0,11,512400
U02305,2025-04,1,4,166000
U02308,2026-06,0,4,190000
U02309,2026-03,0,2,70000
U02309,2026-03,1,6,763000
U02312,2025-02,0,9,334600
U02312,2025-02,1,6,263650
U02313,2026-03,0,7,925300
U02314,2025-04,0,5,232700
U02314,2025-04,1,6,132000
U02314,2025-04,2,3,289000
U02314,2025-04,3,4,308350
U02314,2025-04,4,6,482750
U02314,2025-04,5,5,215000
U02314,2025-04,6,7,465000
U02314,2025-04,7,3,189000
U02314,2025-04,8,4,245850
U02314,2025-04,9,7,405500
U02314,2025-04,10,6,350000
U02314,2025-04,11,4,235000
U02314,2025-04,12,2,103000
U02314,2025-04,13,4,224000
U02314,2025-04,14,4,292800
U02316,2025-11,0,8,498000
U02316,2025-11,1,9,574400
U02316,2025-11,2,5,264000
U02316,2025-11,3,7,224300
U02316,2025-11,4,16,1072000
U02316,2025-11,5,10,425000
U02316,2025-11,6,5,329200
U02316,2025-11,7,10,561000
U02319,2025-12,0,14,669000
U02321,2025-11,0,4,270000
U02322,2025-06,0,4,124000
U02322,2025-06,1,4,144000
U02322,2025-06,2,4,271000
U02322,2025-06,3,10,658650
U02323,2026-01,0,1,26600
U02324,2025-04,0,8,562000
U02324,2025-04,1,7,311500
U02324,2025-04,2,6,261000
U02325,2025-03,0,5,259000
U02326,2025-01,0,11,588750
U02326,2025-01,1,9,431900
U02326,2025-01,2,11,466750
U02326,2025-01,3,2,119450
U02326,2025-01,4,9,590000
U02326,2025-01,5,2,112000
U02326,2025-01,6,2,98000
U02326,2025-01,7,5,248350
U02326,2025-01,8,1,61200
U02327,2025-02,0,7,306300
U02328,2025-01,0,19,862300
U02328,2025-01,1,14,756750
U02328,2025-01,2,9,354700
U02330,2025-04,0,7,220800
U02330,2025-04,1,4,157100
U02330,2025-04,2,4,290700
U02330,2025-04,3,6,263000
U02331,2026-01,0,5,332200
U02331,2026-01,1,10,645000
U02332,2026-05,0,6,259000
U02332,2026-05,1,13,820250
U02334,2025-06,0,5,399000
U02334,2025-06,1,7,503000
U02334,2025-06,2,7,266000
U02334,2025-06,3,1,62000
U02334,2025-06,4,5,368200
U02334,2025-06,5,6,414500
U02334,2025-06,6,1,22000
U02334,2025-06,7,5,246000
U02334,2025-06,8,3,53600
U02334,2025-06,9,4,396950
U02334,2025-06,10,5,197400
U02334,2025-06,11,4,226000
U02334,2025-06,12,7,362000
U02336,2026-05,0,7,363000
U02336,2026-05,1,4,127800
U02337,2025-11,0,13,1073600
U02338,2025-02,0,13,669200
U02338,2025-02,1,6,289000
U02338,2025-02,2,5,320000
U02338,2025-02,3,4,92300
U02340,2025-11,0,9,529900
U02340,2025-11,1,4,393000
U02341,2025-11,0,11,404500
U02341,2025-11,1,4,224000
U02341,2025-11,2,6,267000
U02341,2025-11,3,7,461500
U02341,2025-11,4,3,224000
U02341,2025-11,5,5,266000
U02341,2025-11,6,3,137000
U02341,2025-11,7,8,327750
U02342,2025-10,0,4,275600
U02344,2025-12,0,4,118000
U02344,2025-12,1,5,449100
U02344,2025-12,2,2,122500
U02344,2025-12,3,3,81900
U02344,2025-12,4,4,340000
U02344,2025-12,5,4,319000
U02344,2025-12,6,7,502100
U02345,2025-07,0,7,408000
U02345,2025-07,1,10,705300
U02347,2026-01,0,6,278000
U02348,2025-07,0,5,502250
U02349,2026-01,1,7,393000
U02351,2025-06,0,4,351250
U02352,2025-04,0,4,241700
U02353,2025-06,0,7,541300
U02354,2026-03,0,3,307900
U02355,2025-03,0,4,137800
U02355,2025-03,1,7,510000
U02355,2025-03,2,8,340900
U02355,2025-03,3,3,280000
U02355,2025-03,4,5,165200
U02356,2025-10,0,4,161500
U02356,2025-10,1,4,148500
U02357,2026-06,0,5,287400
U02358,2025-02,0,9,389350
U02359,2025-10,0,5,215800
U02363,2025-11,0,3,90000
U02363,2025-11,1,7,299250
U02363,2025-11,2,4,165000
U02363,2025-11,3,8,355050
U02363,2025-11,4,6,279000
U02363,2025-11,5,7,320000
U02363,2025-11,6,7,578400
U02363,2025-11,7,5,294000
U02364,2026-02,0,3,346500
U02364,2026-02,1,2,42000
U02365,2025-03,0,9,603000
U02365,2025-03,1,7,339800
U02366,2025-08,0,3,134000
U02368,2025-10,0,5,278800
U02368,2025-10,1,7,523000
U02368,2025-10,2,4,146800
U02368,2025-10,3,4,180500
U02368,2025-10,4,2,107000
U02368,2025-10,5,3,78000
U02368,2025-10,6,6,445000
U02368,2025-10,7,4,203000
U02368,2025-10,8,4,323000
U02369,2025-01,0,9,606500
U02370,2025-11,0,3,165000
U02372,2025-07,0,3,176000
U02372,2025-07,1,4,243000
U02372,2025-07,2,8,530400
U02372,2025-07,3,6,378500
U02372,2025-07,4,2,75200
U02373,2026-03,0,7,395100
U02373,2026-03,1,1,97000
U02374,2026-06,0,1,72000
U02377,2025-07,0,4,300200
U02378,2025-12,0,2,45000
U02379,2025-07,0,2,124000
U02380,2025-03,0,3,191000
U02380,2025-03,1,12,668600
U02380,2025-03,2,9,544150
U02380,2025-03,3,7,242400
U02381,2026-04,0,3,155400
U02381,2026-04,1,4,329500
U02382,2025-07,0,9,625350
U02382,2025-07,1,7,303000
U02383,2025-07,0,5,274000
U02383,2025-07,1,5,479000
U02383,2025-07,2,5,449400
U02384,2025-07,1,7,499600
U02384,2025-07,2,8,550500
U02385,2026-03,0,7,292000
U02385,2026-03,1,7,398700
U02385,2026-03,2,7,230000
U02387,2025-04,0,6,245500
U02388,2025-02,0,1,36000
U02388,2025-02,1,5,142200
U02388,2025-02,2,9,394200
U02389,2025-12,0,9,584000
U02389,2025-12,1,6,412500
U02389,2025-12,2,5,180000
U02389,2025-12,3,2,80300
U02389,2025-12,4,4,269000
U02389,2025-12,5,10,582000
U02389,2025-12,6,6,470400
U02390,2025-03,0,6,373400
U02390,2025-03,1,5,306000
U02390,2025-03,2,6,402000
U02390,2025-03,3,4,142000
U02392,2026-03,0,5,375000
U02392,2026-03,1,5,313000
U02396,2025-06,0,2,259000
U02396,2025-06,1,3,289100
U02396,2025-06,2,7,372400
U02397,2025-09,0,6,402100
U02397,2025-09,1,4,222600
U02397,2025-09,2,8,330850
U02398,2025-02,0,3,185500
U02398,2025-02,1,15,674450
U02398,2025-02,2,3,199000
U02398,2025-02,3,10,602450
U02398,2025-02,4,9,847800
U02398,2025-02,5,7,488100
U02398,2025-02,6,1,18000
U02401,2026-05,0,3,142000
U02401,2026-05,1,5,135800
U02402,2025-08,0,4,276600
U02403,2025-06,0,2,72000
U02406,2026-06,0,3,219000
U02408,2025-12,0,3,258700
U02410,2025-04,0,5,166000
U02413,2026-05,0,8,315300
U02415,2026-04,0,5,399100
U02417,2026-02,0,3,156000
U02418,2025-06,0,4,211300
U02419,2026-03,0,6,355000
U02421,2026-03,0,6,290000
U02422,2026-05,0,7,483200
U02423,2025-10,0,6,601000
U02423,2025-10,1,7,419100
U02423,2025-10,2,9,608900
U02424,2026-06,0,10,818600
U02426,2025-10,0,12,949700
U02427,2026-05,0,6,347000
U02428,2025-02,0,8,508400
U02428,2025-02,1,3,157000
U02428,2025-02,2,5,179000
U02430,2025-02,0,2,86700
U02432,2025-05,0,5,262000
U02432,2025-05,1,1,47500
U02432,2025-05,2,7,436000
U02432,2025-05,3,3,180000
U02432,2025-05,4,5,330000
U02432,2025-05,5,7,497000
U02432,2025-05,6,5,208500
U02432,2025-05,7,9,504500
U02432,2025-05,8,5,228000
U02434,2025-02,0,12,587150
U02434,2025-02,1,9,592600
U02434,2025-02,2,10,671200
U02435,2026-02,0,6,472150
U02435,2026-02,1,4,297000
U02435,2026-02,2,6,329850
U02436,2025-06,0,8,469350
U02436,2025-06,1,2,99000
U02436,2025-06,2,10,515750
U02437,2026-05,0,4,186700
U02439,2025-07,0,3,165300
U02440,2025-06,2,8,295150
U02440,2025-06,3,5,320750
U02442,2025-06,0,3,226600
U02442,2025-06,1,5,413250
U02444,2026-03,0,3,385000
U02447,2025-11,0,4,331000
U02447,2025-11,1,3,168400
U02447,2025-11,2,10,401600
U02450,2025-09,0,1,95000
U02451,2026-06,0,6,467250
U02452,2025-10,0,4,363500
U02452,2025-10,1,4,320100
U02454,2026-01,0,4,224000
U02455,2025-03,0,7,331900
U02456,2025-03,0,4,221600
U02456,2025-03,1,7,321700
U02456,2025-03,2,10,522750
U02458,2026-02,0,2,55800
U02459,2026-04,0,4,344000
U02459,2026-04,1,7,306000
U02459,2026-04,2,8,796250
U02462,2025-11,0,5,274000
U02462,2025-11,1,5,210500
U02462,2025-11,2,3,166000
U02462,2025-11,3,7,650600
U02462,2025-11,4,5,195000
U02463,2026-02,0,1,41400
U02465,2025-08,0,6,257900
U02465,2025-08,1,5,250100
U02465,2025-08,2,6,431000
U02465,2025-08,3,5,172000
U02466,2025-04,0,6,372350
U02467,2025-05,0,1,123000
U02468,2026-02,0,4,126100
U02468,2026-02,1,4,296000
U02468,2026-02,2,2,156000
U02468,2026-02,3,13,1043050
U02468,2026-02,4,4,250000
U02471,2025-10,0,1,15000
U02471,2025-10,1,1,68400
U02471,2025-10,2,3,265000
U02472,2025-05,0,10,537900
U02473,2025-11,0,4,115000
U02473,2025-11,1,7,637350
U02474,2025-10,0,9,878000
U02474,2025-10,1,8,413450
U02474,2025-10,2,8,380350
U02474,2025-10,3,6,437000
U02474,2025-10,4,7,450000
U02474,2025-10,5,7,386400
U02474,2025-10,6,4,365400
U02475,2025-03,0,6,304900
U02475,2025-03,1,5,121600
U02475,2025-03,2,5,276000
U02475,2025-03,3,4,366550
U02475,2025-03,4,7,284000
U02475,2025-03,5,6,284750
U02475,2025-03,6,7,311750
U02475,2025-03,7,5,232250
U02475,2025-03,8,4,117000
U02476,2025-04,0,6,405200
U02476,2025-04,1,8,514800
U02476,2025-04,2,9,347550
U02476,2025-04,3,7,315300
U02476,2025-04,4,5,361800
U02476,2025-04,5,6,368000
U02476,2025-04,6,6,424000
U02476,2025-04,7,6,507000
U02476,2025-04,8,3,164000
U02477,2026-03,0,7,441100
U02479,2025-03,5,8,636300
U02479,2025-03,6,4,209800
U02479,2025-03,7,5,190700
U02479,2025-03,8,7,298600
U02479,2025-03,9,6,315550
U02479,2025-03,10,6,287000
U02479,2025-03,11,9,643150
U02480,2025-11,0,6,308850
U02480,2025-11,1,5,314000
U02481,2025-09,0,5,447500
U02481,2025-09,1,10,760400
U02481,2025-09,2,6,471000
U02481,2025-09,3,6,458000
U02483,2025-03,0,7,431000
U02484,2026-03,0,8,453250
U02484,2026-03,1,5,187000
U02484,2026-03,2,4,249550
U02484,2026-03,3,2,70400
U02485,2026-05,0,9,730000
U02486,2026-04,0,9,405200
U02487,2025-03,0,6,301300
U02488,2025-09,0,3,297300
U02488,2025-09,1,4,257750
U02488,2025-09,2,7,498700
U02488,2025-09,3,4,151950
U02488,2025-09,4,4,214000
U02488,2025-09,5,3,85000
U02488,2025-09,6,2,120000
U02488,2025-09,7,5,266000
U02488,2025-09,8,6,267400
U02488,2025-09,9,6,608200
U02490,2026-05,0,5,458200
U02491,2026-04,0,7,340000
U02491,2026-04,1,7,602400
U02491,2026-04,2,9,510700
U02492,2026-04,0,7,444500
U02492,2026-04,1,6,270000
U02492,2026-04,2,8,366000
U02493,2026-04,0,4,223000
U02493,2026-04,1,2,105000
U02493,2026-04,2,3,255000
U02494,2025-09,0,3,244000
U02494,2025-09,1,4,318000
U02494,2025-09,2,4,270500
U02494,2025-09,3,2,245000
U02494,2025-09,4,6,564450
U02496,2025-03,0,3,135000
U02496,2025-03,1,6,359550
U02496,2025-03,2,7,443000
U02496,2025-03,3,3,265850
U02498,2025-07,0,4,254000
U02498,2025-07,1,3,254000
U02498,2025-07,2,5,243000
U02498,2025-07,3,9,339100
U02498,2025-07,4,5,263050
U02498,2025-07,5,3,153000
U02498,2025-07,6,2,168000
U02498,2025-07,7,3,229000
U02498,2025-07,8,2,82000
U02498,2025-07,9,5,174000
U02498,2025-07,10,2,132000
U02498,2025-07,11,3,104600
U02499,2025-10,0,7,541000
U02501,2025-05,0,6,176000
U02501,2025-05,1,6,169000
U02501,2025-05,2,7,229000
U02501,2025-05,3,4,182700
U02504,2025-04,0,7,375600
U02506,2026-04,0,4,133650
U02507,2025-09,0,3,274000
U02507,2025-09,1,3,175500
U02508,2025-12,0,3,218000
U02510,2025-03,0,5,244100
U02512,2026-03,0,2,187600
U02512,2026-03,1,7,454850
U02513,2026-04,0,4,171000
U02513,2026-04,1,4,196400
U02514,2025-10,0,1,18000
U02514,2025-10,1,5,211000
U02515,2025-12,0,3,241000
U02515,2025-12,1,5,406600
U02515,2025-12,2,3,116000
U02516,2025-07,0,3,204200
U02517,2026-04,0,9,1030700
U02519,2025-12,0,2,44850
U02519,2025-12,1,3,142000
U02519,2025-12,2,1,15000
U02522,2026-06,0,4,216000
U02524,2026-01,0,3,139000
U02524,2026-01,1,3,270000
U02524,2026-01,2,2,40000
U02524,2026-01,3,4,162000
U02524,2026-01,4,6,312000
U02524,2026-01,5,2,61000
U02526,2025-05,0,10,554200
U02529,2025-11,0,3,137000
U02529,2025-11,1,7,256750
U02529,2025-11,2,5,472000
U02529,2025-11,3,3,201000
U02530,2025-03,0,9,522800
U02531,2026-05,0,7,518000
U02532,2025-07,0,3,153500
U02534,2026-03,0,12,564550
U02534,2026-03,1,8,592000
U02534,2026-03,2,3,148000
U02534,2026-03,3,8,444700
U02537,2025-03,0,1,88000
U02537,2025-03,1,5,211000
U02538,2026-03,0,6,456000
U02538,2026-03,1,7,309000
U02541,2026-02,0,4,125750
U02541,2026-02,1,5,200600
U02541,2026-02,2,3,183000
U02542,2025-12,0,7,523500
U02544,2025-02,0,6,328400
U02546,2025-03,0,8,564600
U02546,2025-03,1,8,418000
U02546,2025-03,2,9,506000
U02547,2025-08,0,4,353400
U02548,2025-08,0,5,219750
U02550,2026-05,0,7,485500
U02550,2026-05,1,9,547600
U02551,2025-11,0,3,158000
U02552,2026-01,0,3,214000
U02553,2025-04,0,6,439400
U02553,2025-04,2,9,596800
U02553,2025-04,3,6,399200
U02553,2025-04,4,8,518750
U02553,2025-04,5,6,408000
U02555,2025-05,0,5,188000
U02557,2026-01,0,4,131250
U02557,2026-01,1,5,186000
U02557,2026-01,2,3,318000
U02557,2026-01,3,6,265400
U02557,2026-01,4,5,408000
U02557,2026-01,5,4,185000
U02558,2025-01,0,15,941550
U02560,2025-12,0,10,518900
U02562,2026-05,0,2,82000
U02562,2026-05,1,3,182250
U02563,2025-01,0,14,659200
U02563,2025-01,1,9,438250
U02563,2025-01,2,5,280000
U02566,2026-02,0,7,254000
U02566,2026-02,1,2,88100
U02569,2025-11,0,6,448000
U02571,2025-09,0,5,231000
U02571,2025-09,1,5,254000
U02572,2025-09,0,8,549200
U02573,2025-07,0,6,334650
U02573,2025-07,1,1,43000
U02573,2025-07,2,5,302000
U02574,2026-01,0,5,497000
U02574,2026-01,1,3,188000
U02574,2026-01,2,4,254000
U02575,2026-06,0,7,446500
U02576,2025-05,0,7,249900
U02578,2026-01,0,6,419250
U02578,2026-01,1,2,92900
U02578,2026-01,2,5,309000
U02579,2025-07,0,4,187500
U02579,2025-07,1,5,439300
U02579,2025-07,2,5,255000
U02583,2025-09,0,7,280750
U02583,2025-09,1,5,331000
U02583,2025-09,2,4,415000
U02583,2025-09,3,3,88000
U02583,2025-09,4,2,83000
U02583,2025-09,5,4,227000
U02583,2025-09,6,4,207000
U02583,2025-09,7,5,217000
U02583,2025-09,8,5,300000
U02583,2025-09,9,3,185000
U02584,2025-06,0,4,99600
U02584,2025-06,1,8,406000
U02584,2025-06,2,4,354400
U02584,2025-06,3,8,283000
U02586,2025-08,0,2,105900
U02586,2025-08,1,4,266000
U02586,2025-08,2,4,364500
U02586,2025-08,3,4,262000
U02587,2025-06,0,7,449000
U02587,2025-06,1,7,567200
U02587,2025-06,2,3,292000
U02588,2025-04,0,6,397000
U02588,2025-04,1,5,162500
U02588,2025-04,2,2,102000
U02588,2025-04,3,6,333000
U02588,2025-04,4,9,420900
U02589,2025-08,0,8,630750
U02590,2025-11,0,3,125000
U02591,2025-11,2,5,179000
U02592,2025-12,0,4,221750
U02596,2026-02,1,4,230000
U02596,2026-02,2,10,435000
U02597,2026-05,0,2,90000
U02597,2026-05,1,6,199600
U02600,2026-06,0,3,181000
U02602,2026-04,0,4,239200
U02603,2025-11,0,5,300100
U02603,2025-11,1,5,197000
U02603,2025-11,2,5,187000
U02603,2025-11,3,4,304750
U02604,2026-05,0,8,521600
U02604,2026-05,1,4,189400
U02605,2026-05,0,3,129800
U02605,2026-05,1,7,571550
U02607,2026-05,0,6,444600
U02607,2026-05,1,7,333000
U02608,2026-05,0,6,360900
U02608,2026-05,1,1,144000
U02609,2025-12,0,5,201500
U02609,2025-12,1,2,73000
U02609,2025-12,2,3,317000
U02609,2025-12,3,3,205000
U02611,2026-05,0,9,883000
U02615,2025-04,0,11,340450
U02616,2025-03,0,14,571000
U02616,2025-03,1,6,321000
U02616,2025-03,2,8,430500
U02619,2025-12,0,12,706650
U02619,2025-12,1,11,462800
U02621,2025-04,0,8,359400
U02621,2025-04,1,8,402600
U02621,2025-04,2,4,240000
U02622,2026-04,0,2,235000
U02623,2025-01,0,9,584350
U02624,2026-06,0,9,653500
U02625,2025-04,0,3,107000
U02626,2025-12,0,8,294600
U02629,2025-02,0,2,170000
U02629,2025-02,1,10,559200
U02629,2025-02,2,7,286550
U02631,2026-05,0,5,305000
U02632,2026-04,0,7,530050
U02632,2026-04,1,4,168900
U02632,2026-04,2,9,538000
U02634,2025-04,0,6,328000
U02637,2025-10,0,4,225400
U02638,2026-01,0,4,121000
U02638,2026-01,1,5,197000
U02638,2026-01,2,8,418000
U02638,2026-01,3,8,668750
U02638,2026-01,4,2,86000
U02638,2026-01,5,6,378400
U02639,2026-03,0,8,302800
U02639,2026-03,1,7,467300
U02641,2025-06,0,1,15000
U02644,2026-05,0,8,488800
U02644,2026-05,1,4,232000
U02645,2026-03,0,8,578900
U02645,2026-03,1,13,1025400
U02647,2026-04,0,6,345850
U02647,2026-04,1,3,275700
U02647,2026-04,2,7,379000
U02648,2026-01,0,4,226000
U02650,2026-05,0,5,356000
U02654,2025-03,0,3,140500
U02654,2025-03,1,6,279400
U02655,2025-06,0,1,15000
U02655,2025-06,1,3,181500
U02655,2025-06,2,2,90000
U02655,2025-06,3,2,79800
U02656,2026-06,0,11,611800
U02657,2025-12,0,6,414000
U02657,2025-12,1,4,212250
U02659,2025-02,0,12,567550
U02660,2025-05,0,4,262000
U02660,2025-05,1,3,122000
U02661,2025-01,0,14,612000
U02662,2026-05,0,2,183000
U02662,2026-05,1,7,471900
U02663,2025-08,0,4,341800
U02665,2025-01,0,15,888600
U02666,2026-05,0,4,244000
U02666,2026-05,1,5,606650
U02667,2025-10,0,7,408000
U02667,2025-10,1,10,967600
U02668,2025-12,0,8,739000
U02668,2025-12,1,6,313000
U02669,2026-01,0,6,364700
U02669,2026-01,1,7,366500
U02669,2026-01,2,12,748850
U02670,2025-04,0,4,183000
U02671,2025-09,0,2,195000
U02671,2025-09,1,6,191200
U02672,2025-11,0,1,62000
U02675,2025-11,2,3,157200
U02675,2025-11,3,8,443200
U02675,2025-11,4,4,273000
U02675,2025-11,5,8,464000
U02675,2025-11,6,7,651700
U02675,2025-11,7,6,351100
U02677,2025-06,0,5,370300
U02683,2026-01,0,3,176000
U02683,2026-01,1,7,310500
U02683,2026-01,2,4,530000
U02683,2026-01,3,4,132200
U02684,2025-02,0,7,204800
U02684,2025-02,1,5,173000
U02684,2025-02,2,7,577400
U02684,2025-02,3,5,259000
U02685,2025-09,5,10,510000
U02686,2025-07,0,5,330300
U02686,2025-07,1,4,337000
U02686,2025-07,2,1,83000
U02687,2025-11,0,9,628400
U02687,2025-11,1,3,310500
U02687,2025-11,2,6,330100
U02687,2025-11,3,9,646900
U02687,2025-11,4,10,556600
U02687,2025-11,5,7,387200
U02687,2025-11,6,7,322400
U02687,2025-11,7,6,258000
U02688,2025-08,0,3,209000
U02688,2025-08,1,2,62000
U02689,2025-04,0,9,381500
U02689,2025-04,1,4,207000
U02689,2025-04,2,4,119000
U02689,2025-04,3,6,349500
U02689,2025-04,4,7,339000
U02689,2025-04,5,3,91000
U02689,2025-04,6,5,450000
U02689,2025-04,8,8,325000
U02689,2025-04,9,3,203600
U02689,2025-04,10,3,170000
U02691,2026-03,0,1,37000
U02691,2026-03,1,4,233200
U02691,2026-03,2,5,234100
U02691,2026-03,3,3,161000
U02693,2026-01,0,9,559000
U02693,2026-01,1,4,236600
U02693,2026-01,2,9,483000
U02698,2025-05,0,7,292000
U02699,2026-04,0,7,385350
U02699,2026-04,1,7,616850
U02701,2025-04,0,9,561000
U02705,2025-05,0,1,47000
U02705,2025-05,1,8,501000
U02708,2025-05,0,6,319800
U02709,2026-04,0,3,112000
U02709,2026-04,1,2,87000
U02709,2026-04,2,2,43000
U02710,2025-05,0,3,159000
U02712,2026-02,0,4,228100
U02713,2025-02,0,1,22000
U02714,2025-07,0,2,45000
U02714,2025-07,1,5,415750
U02717,2025-08,0,3,288000
U02718,2026-02,0,2,110000
U02719,2025-07,0,5,451000
U02719,2025-07,1,7,632700
U02719,2025-07,2,4,220850
U02720,2026-02,0,8,483500
U02720,2026-02,1,10,503400
U02720,2026-02,2,5,202200
U02720,2026-02,3,5,633800
U02720,2026-02,4,8,525050
U02722,2026-01,0,5,185000
U02722,2026-01,1,7,452000
U02722,2026-01,2,5,256750
U02724,2025-11,0,4,263000
U02726,2025-02,0,8,499450
U02726,2025-02,1,6,211800
U02726,2025-02,2,7,209900
U02726,2025-02,3,11,508400
U02726,2025-02,4,7,433000
U02731,2025-03,0,8,495050
U02731,2025-03,1,11,611150
U02731,2025-03,2,4,250000
U02732,2026-05,0,4,155000
U02733,2025-02,0,2,72000
U02733,2025-02,1,9,493800
U02735,2026-03,0,7,259200
U02736,2025-03,0,3,184000
U02736,2025-03,1,5,278500
U02736,2025-03,2,5,443000
U02740,2025-06,0,10,474000
U02740,2025-06,1,6,271250
U02740,2025-06,2,5,218800
U02740,2025-06,3,7,368000
U02740,2025-06,4,11,491200
U02740,2025-06,5,5,283800
U02741,2026-04,0,5,196000
U02741,2026-04,1,8,379000
U02741,2026-04,2,8,825600
U02743,2025-03,0,5,317800
U02743,2025-03,1,1,63000
U02743,2025-03,2,4,342950
U02743,2025-03,3,3,296200
U02744,2026-02,0,8,354850
U02744,2026-02,1,2,140000
U02745,2026-05,0,3,174000
U02745,2026-05,1,4,146000
U02746,2025-05,0,8,458000
U02746,2025-05,1,4,156100
U02748,2025-12,0,5,263450
U02749,2025-07,0,2,40500
U02750,2025-07,0,4,162400
U02754,2025-12,0,7,666400
U02754,2025-12,1,2,70000
U02755,2025-10,0,10,1045750
U02755,2025-10,1,5,232000
U02755,2025-10,2,3,181000
U02756,2026-01,0,9,1186300
U02757,2026-01,0,9,848200
U02757,2026-01,1,3,177000
U02759,2025-09,0,2,83000
U02759,2025-09,1,7,384000
U02759,2025-09,2,6,355800
U02759,2025-09,3,4,133400
U02761,2025-09,0,4,293000
U02762,2025-08,0,6,337500
U02763,2026-03,0,6,282000
U02764,2026-01,0,3,151950
U02766,2026-05,0,6,140000
U02768,2025-06,0,4,271700
U02768,2025-06,1,6,451700
U02769,2025-12,0,2,93000
U02769,2025-12,1,6,442000
U02769,2025-12,2,10,588500
U02770,2025-09,0,4,210550
U02770,2025-09,1,1,51000
U02770,2025-09,2,1,96000
U02771,2026-06,0,11,780300
U02772,2026-04,0,7,520000
U02772,2026-04,1,6,253000
U02772,2026-04,2,6,339000
U02773,2025-01,0,21,1268500
U02773,2025-01,1,11,572150
U02774,2025-05,0,6,261600
U02775,2025-08,0,3,385000
U02776,2026-01,0,5,171000
U02776,2026-01,1,2,36000
U02776,2026-01,2,2,130000
U02778,2026-04,0,4,214700
U02778,2026-04,1,10,570250
U02778,2026-04,2,6,408750
U02780,2025-12,0,8,417000
U02780,2025-12,1,8,574000
U02780,2025-12,2,4,222000
U02780,2025-12,3,3,160000
U02783,2025-12,0,4,189000
U02783,2025-12,1,6,629100
U02784,2025-12,0,7,372600
U02785,2025-01,0,15,735500
U02787,2025-01,0,13,706950
U02787,2025-01,1,5,337000
U02789,2026-01,0,3,174000
U02789,2026-01,1,6,305000
U02789,2026-01,2,9,360850
U02789,2026-01,3,3,117000
U02789,2026-01,4,5,315000
U02789,2026-01,5,7,419300
U02791,2026-01,0,5,332300
U02791,2026-01,1,7,463900
U02791,2026-01,2,5,248600
U02791,2026-01,3,3,198200
U02792,2026-01,0,9,386200
U02792,2026-01,1,10,743850
U02793,2025-08,0,9,376800
U02795,2025-10,0,4,117000
U02795,2025-10,1,6,408650
U02795,2025-10,2,3,199250
U02796,2026-01,0,3,179200
U02796,2026-01,1,7,468000
U02796,2026-01,2,3,212000
U02797,2026-04,0,10,654700
U02799,2026-06,0,4,688000
U02800,2026-03,0,6,712500
U02800,2026-03,1,4,569000
U02800,2026-03,2,4,163000
U02802,2025-12,0,7,399000
U02804,2026-03,0,9,466000
U02804,2026-03,1,3,230950
U02806,2026-01,0,5,199000
U02807,2025-06,0,7,465400
U02807,2025-06,1,7,506000
U02807,2025-06,2,4,154000
U02807,2025-06,3,1,88000
U02807,2025-06,4,2,203000
U02807,2025-06,5,1,108000
U02807,2025-06,6,5,304900
U02807,2025-06,7,5,302800
U02807,2025-06,8,2,97000
U02807,2025-06,9,4,195000
U02807,2025-06,10,8,475000
U02807,2025-06,11,2,152300
U02807,2025-06,12,1,24000
U02808,2025-02,0,6,177750
U02809,2026-06,0,4,131600
U02810,2025-09,0,3,275000
U02813,2026-04,0,6,330000
U02814,2025-06,0,6,331100
U02815,2025-01,0,11,507700
U02815,2025-01,1,6,317800
U02816,2025-06,2,6,243800
U02816,2025-06,3,10,581700
U02816,2025-06,4,11,529300
U02817,2025-03,0,8,478300
U02818,2025-09,0,10,552000
U02819,2025-12,0,3,138000
U02819,2025-12,1,5,265000
U02820,2025-06,0,5,182000
U02820,2025-06,1,6,299350
U02822,2025-05,0,4,269450
U02823,2025-03,0,8,478650
U02823,2025-03,1,2,136000
U02824,2026-04,0,2,187000
U02824,2026-04,1,9,563150
U02825,2025-10,0,3,148200
U02825,2025-10,1,5,219600
U02825,2025-10,2,2,70000
U02825,2025-10,3,7,355400
U02825,2025-10,4,4,225600
U02826,2025-01,0,6,416900
U02827,2025-08,0,3,170500
U02827,2025-08,1,1,28000
U02830,2025-12,0,6,283200
U02832,2025-04,0,2,75000
U02832,2025-04,1,5,149700
U02834,2025-09,0,8,366600
U02836,2025-07,0,6,474000
U02836,2025-07,1,4,198000
U02836,2025-07,2,5,482000
U02838,2026-04,0,2,116100
U02838,2026-04,1,10,575000
U02838,2026-04,2,8,435000
U02839,2026-02,0,9,497250
U02840,2025-01,0,9,407500
U02844,2025-09,0,6,330000
U02844,2025-09,1,7,513000
U02845,2025-06,0,7,420000
U02846,2026-01,0,4,197000
U02846,2026-01,1,6,460000
U02846,2026-01,2,7,317100
U02847,2025-02,0,11,693800
U02847,2025-02,1,4,173100
U02848,2026-04,0,9,507300
U02848,2026-04,1,4,333400
U02850,2025-10,0,7,453000
U02852,2026-06,0,7,271600
U02853,2025-01,1,6,418000
U02853,2025-01,2,9,381250
U02854,2025-12,0,5,315000
U02855,2026-04,0,4,371000
U02855,2026-04,1,8,455250
U02855,2026-04,2,8,890000
U02857,2026-02,0,5,261500
U02859,2025-01,0,19,1035300
U02861,2025-06,0,5,411000
U02861,2025-06,1,4,276000
U02861,2025-06,2,6,282000
U02861,2025-06,3,6,355700
U02861,2025-06,4,10,574500
U02861,2025-06,5,6,236000
U02861,2025-06,6,8,447100
U02861,2025-06,7,7,453400
U02861,2025-06,8,7,333000
U02861,2025-06,9,3,117150
U02864,2026-04,0,5,248200
U02864,2026-04,1,7,679000
U02865,2025-07,0,3,106000
U02865,2025-07,1,5,315000
U02867,2025-10,0,4,113700
U02868,2025-03,0,7,371000
U02868,2025-03,1,5,133200
U02868,2025-03,2,7,361950
U02870,2025-02,0,7,424800
U02870,2025-02,1,2,120000
U02873,2025-08,0,2,225800
U02875,2026-02,0,6,246000
U02879,2026-04,0,4,128000
U02879,2026-04,1,9,672000
U02879,2026-04,2,8,408400
U02881,2025-07,0,7,463000
U02881,2025-07,1,3,245000
U02881,2025-07,2,5,312750
U02882,2025-01,0,14,663250
U02882,2025-01,1,9,389600
U02883,2025-09,0,7,732800
U02884,2025-02,0,6,211500
U02884,2025-02,1,8,549500
U02884,2025-02,2,5,161500
U02886,2025-02,0,5,264750
U02886,2025-02,1,5,160000
U02887,2025-08,0,3,143600
U02888,2026-05,0,2,113000
U02891,2025-10,0,8,458850
U02893,2025-03,0,5,129200
U02894,2026-06,0,8,386850
U02896,2025-10,0,6,376700
U02896,2025-10,1,7,286900
U02898,2026-05,0,10,380050
U02899,2025-05,0,8,516800
U02901,2025-04,0,6,207800
U02902,2025-08,0,4,255300
U02904,2026-01,0,5,369100
U02906,2025-08,0,5,345550
U02908,2025-04,0,6,323350
U02910,2025-01,0,22,1283300
U02911,2025-01,1,6,320700
U02911,2025-01,2,8,444350
U02911,2025-01,3,8,610000
U02913,2025-10,0,12,662600
U02916,2026-03,0,3,82000
U02917,2025-09,0,3,227600
U02917,2025-09,1,9,548200
U02917,2025-09,2,4,201250
U02918,2025-08,0,4,162000
U02919,2025-05,0,4,266000
U02920,2025-02,0,7,403300
U02920,2025-02,1,5,162000
U02920,2025-02,2,9,522600
U02920,2025-02,3,4,150200
U02920,2025-02,4,5,308000
U02920,2025-02,5,6,597050
U02921,2025-11,0,7,766000
U02923,2026-03,0,11,872800
U02923,2026-03,1,1,25000
U02923,2026-03,2,7,519200
U02923,2026-03,3,9,400850
U02926,2026-01,0,4,249750
U02930,2026-03,0,4,127000
U02930,2026-03,1,6,579600
U02931,2025-07,0,5,483000
U02932,2025-02,0,4,271000
U02932,2025-02,1,5,164000
U02933,2025-06,0,2,46000
U02933,2025-06,1,2,82000
U02933,2025-06,2,4,370700
U02933,2025-06,3,4,347600
U02933,2025-06,4,6,421000
U02935,2025-03,0,4,194000
U02935,2025-03,1,10,630700
U02935,2025-03,2,9,463300
U02935,2025-03,3,6,302900
U02938,2026-05,0,6,438750
U02938,2026-05,1,4,295800
U02939,2025-07,0,3,118000
U02940,2025-05,0,11,632700
U02940,2025-05,1,3,215000
U02940,2025-05,2,7,421000
U02940,2025-05,3,4,352000
U02940,2025-05,4,6,416000
U02940,2025-05,5,1,111150
U02941,2026-02,0,2,208000
U02941,2026-02,1,4,251000
U02941,2026-02,2,3,219000
U02941,2026-02,3,3,241050
U02941,2026-02,4,2,102700
U02942,2025-11,0,6,389750
U02944,2025-07,0,1,18000
U02944,2025-07,1,5,498200
U02944,2025-07,2,5,361000
U02947,2025-09,0,8,702000
U02947,2025-09,1,9,649000
U02947,2025-09,2,4,193700
U02947,2025-09,3,4,221000
U02947,2025-09,4,4,257100
U02948,2025-03,0,6,185050
U02951,2025-05,8,4,240000
U02951,2025-05,9,9,425700
U02951,2025-05,10,10,441500
U02951,2025-05,11,12,987450
U02951,2025-05,12,10,590850
U02951,2025-05,13,6,164000
U02952,2025-09,0,4,335150
U02952,2025-09,1,7,257650
U02952,2025-09,2,2,30000
U02952,2025-09,3,5,520050
U02952,2025-09,4,7,554200
U02952,2025-09,5,11,510650
U02952,2025-09,6,4,415000
U02952,2025-09,7,4,387000
U02952,2025-09,8,8,661000
U02952,2025-09,9,3,108700
U02956,2026-03,0,6,262350
U02956,2026-03,1,5,243350
U02957,2025-06,0,3,116800
U02958,2026-03,0,1,167000
U02961,2025-04,0,5,122500
U02962,2025-09,0,3,161800
U02964,2025-01,0,7,390550
U02965,2026-05,0,5,186600
U02965,2026-05,1,4,157600
U02967,2025-08,0,8,508700
U02967,2025-08,1,7,408300
U02967,2025-08,2,5,389700
U02967,2025-08,3,6,317000
U02967,2025-08,4,5,304000
U02967,2025-08,5,4,338700
U02967,2025-08,6,3,228000
U02967,2025-08,7,2,169200
U02967,2025-08,8,3,113800
U02967,2025-08,9,4,288000
U02969,2025-11,0,8,498000
U02970,2025-08,0,7,427200
U02971,2025-12,0,7,407300
U02974,2025-02,0,8,446400
U02974,2025-02,1,8,381450
U02974,2025-02,2,2,98000
U02974,2025-02,3,10,563500
U02974,2025-02,4,6,344000
U02974,2025-02,5,10,698000
U02974,2025-02,6,4,258200
U02974,2025-02,7,6,485800
U02974,2025-02,8,4,457000
U02974,2025-02,9,5,202500
U02974,2025-02,10,5,203300
U02974,2025-02,11,4,325100
U02974,2025-02,12,8,258100
U02974,2025-02,13,4,403000
U02974,2025-02,14,7,266100
U02974,2025-02,15,9,621000
U02974,2025-02,16,6,405750
U02978,2025-11,0,4,160350
U02981,2025-08,0,3,219000
U02981,2025-08,1,5,429500
U02985,2025-09,0,3,81000
U02985,2025-09,1,2,106000
U02985,2025-09,2,2,225000
U02985,2025-09,3,5,298200
U02985,2025-09,4,2,68000
U02985,2025-09,5,2,64000
U02987,2026-05,0,5,448000
U02987,2026-05,1,10,596100
U02988,2026-03,0,1,119000
U02988,2026-03,1,3,186000
U02988,2026-03,2,6,372000
U02990,2025-01,0,7,284000
U02991,2025-11,0,2,125000
U02991,2025-11,1,3,58600
U02992,2025-09,0,10,756800
U02992,2025-09,1,4,205600
U02992,2025-09,2,7,515300
U02996,2025-07,0,10,396000
U02997,2025-10,0,5,390000
U02997,2025-10,1,1,15000
U02998,2025-07,0,4,164000
U02998,2025-07,1,6,489000
U02998,2025-07,2,6,364500
U02998,2025-07,3,3,232850
U02999,2025-02,0,4,183000
U02999,2025-02,1,7,312000
U03000,2026-03,0,6,481200
U03000,2026-03,1,6,289200
U03001,2025-01,0,7,266750
U03002,2025-05,0,4,110200
U03003,2026-01,0,4,165000
U03004,2025-11,0,1,107000
U03005,2025-11,0,3,564000
U03005,2025-11,1,1,15000
U03005,2025-11,2,6,248800
U03005,2025-11,3,1,75000
U03006,2025-09,0,1,143000
U03006,2025-09,1,4,437200
U03006,2025-09,2,4,142500
U03008,2026-03,0,6,350600
U03010,2026-03,0,4,208000
U03011,2025-09,0,5,447000
U03012,2025-02,0,5,248000
U03012,2025-02,1,5,240800
U03013,2025-11,0,3,135700
U03013,2025-11,1,4,270000
U03015,2025-12,1,3,108000
U03016,2025-03,0,9,393600
U03017,2026-01,0,3,120000
U03018,2025-12,0,11,659050
U03020,2025-02,0,5,285450
U03020,2025-02,1,6,460000
U03023,2026-05,0,12,589850
U03024,2026-05,0,2,65000
U03024,2026-05,1,5,122600
U03026,2026-04,0,5,369650
U03026,2026-04,1,3,93000
U03026,2026-04,2,3,147900
U03027,2025-04,0,6,247000
U03027,2025-04,1,3,110000
U03027,2025-04,2,3,230200
U03027,2025-04,3,14,973000
U03027,2025-04,4,3,146500
U03027,2025-04,5,4,339750
U03027,2025-04,6,6,188200
U03027,2025-04,7,4,280800
U03027,2025-04,8,4,227000
U03027,2025-04,9,2,77000
U03027,2025-04,10,3,121550
U03027,2025-04,11,6,239750
U03027,2025-04,12,4,354500
U03030,2025-04,0,8,351700
U03030,2025-04,1,5,275000
U03031,2026-01,0,4,198000
U03031,2026-01,1,5,282300
U03033,2025-04,0,6,246350
U03034,2025-06,0,4,246950
U03034,2025-06,1,6,330000
U03034,2025-06,2,7,655250
U03037,2025-08,0,2,123000
U03039,2026-05,0,6,422100
U03040,2025-06,0,6,255500
U03041,2025-08,0,5,219600
U03043,2025-09,0,8,544500
U03045,2025-06,0,6,217000
U03046,2026-04,0,5,172700
U03047,2025-03,0,7,419700
U03047,2025-03,1,6,278950
U03049,2026-02,0,4,245300
U03052,2026-01,0,8,478000
U03052,2026-01,1,7,323500
U03052,2026-01,2,3,87100
U03052,2026-01,3,9,621400
U03052,2026-01,4,8,543400
U03053,2026-06,0,12,571750
U03054,2025-06,0,6,332500
U03054,2025-06,1,8,554600
U03055,2026-03,0,2,110000
U03057,2026-04,0,7,599000
U03057,2026-04,1,3,301000
U03059,2025-04,0,6,373200
U03059,2025-04,1,5,260500
U03059,2025-04,2,2,192000
U03060,2026-05,0,6,418000
U03062,2025-08,0,8,483000
U03062,2025-08,1,3,95200
U03062,2025-08,2,3,139800
U03062,2025-08,3,4,247000
U03064,2026-04,0,4,321500
U03064,2026-04,1,6,300000
U03064,2026-04,2,8,441200
U03065,2025-01,1,6,351200
U03071,2026-04,0,11,668500
U03071,2026-04,1,8,404000
U03071,2026-04,2,5,220600
U03072,2025-06,0,4,189500
U03072,2025-06,1,8,341950
U03072,2025-06,2,4,340550
U03072,2025-06,3,5,281000
U03072,2025-06,4,4,318000
U03072,2025-06,5,7,468000
U03072,2025-06,6,7,591000
U03072,2025-06,7,3,165400
U03072,2025-06,8,4,246100
U03072,2025-06,9,4,209000
U03072,2025-06,10,6,434000
U03072,2025-06,11,4,185300
U03072,2025-06,12,6,343850
U03075,2025-07,0,5,137000
U03075,2025-07,1,2,114000
U03075,2025-07,2,6,625450
U03075,2025-07,3,12,533050
U03075,2025-07,5,1,45000
U03075,2025-07,6,8,383950
U03075,2025-07,7,3,94000
U03075,2025-07,8,9,360700
U03075,2025-07,9,9,967000
U03075,2025-07,10,5,427100
U03075,2025-07,11,5,143500
U03078,2025-12,0,4,87000
U03079,2025-02,0,8,241500
U03079,2025-02,1,2,141000
U03079,2025-02,2,5,207000
U03079,2025-02,3,7,298500
U03079,2025-02,4,4,259000
U03083,2026-02,0,11,765700
U03085,2026-02,0,12,647900
U03086,2025-05,0,10,396250
U03086,2025-05,1,5,192000
U03087,2025-01,0,14,658800
U03087,2025-01,1,11,436550
U03088,2026-01,0,8,330750
U03088,2026-01,1,3,111600
U03088,2026-01,2,6,256500
U03088,2026-01,3,5,207200
U03088,2026-01,4,7,376000
U03089,2025-09,0,2,104100
U03089,2025-09,1,4,295500
U03089,2025-09,2,3,82000
U03089,2025-09,3,1,18000
U03089,2025-09,4,6,308250
U03089,2025-09,5,4,237000
U03089,2025-09,6,5,218250
U03089,2025-09,7,8,416000
U03089,2025-09,8,3,162000
U03089,2025-09,9,5,252200
U03090,2025-05,0,5,217000
U03091,2025-12,0,1,58500
U03093,2025-08,5,6,325600
U03095,2026-04,0,6,280600
U03095,2026-04,1,4,250900
U03096,2026-05,0,6,330000
U03096,2026-05,1,8,651200
U03098,2025-04,0,6,239200
U03098,2025-04,1,7,373650
U03098,2025-04,2,4,211350
U03098,2025-04,3,6,191600
U03098,2025-04,4,6,466000
U03098,2025-04,5,5,287200
U03099,2025-08,0,7,317250
U03099,2025-08,1,9,513500
U03099,2025-08,2,8,622000
U03099,2025-08,3,2,93000
U03099,2025-08,4,6,501250
U03099,2025-08,5,8,401800
U03099,2025-08,6,6,512750
U03099,2025-08,7,8,395000
U03099,2025-08,8,4,367000
U03099,2025-08,9,7,586850
U03100,2025-05,0,6,331000
U03100,2025-05,1,3,232500
U03101,2025-09,0,6,373000
U03101,2025-09,1,5,265200
U03101,2025-09,2,5,272050
U03102,2025-05,0,6,211000
U03103,2026-05,0,4,310250
U03103,2026-05,1,9,625100
U03104,2025-07,0,2,68000
U03104,2025-07,1,3,141000
U03104,2025-07,2,7,323000
U03104,2025-07,3,4,273000
U03104,2025-07,4,2,82200
U03104,2025-07,5,4,258000
U03104,2025-07,6,2,83700
U03104,2025-07,7,5,368000
U03104,2025-07,8,4,156000
U03104,2025-07,9,2,62800
U03104,2025-07,10,7,493900
U03104,2025-07,11,5,181150
U03106,2025-06,0,6,253000
U03106,2025-06,1,7,417450
U03106,2025-06,2,3,140800
U03108,2026-01,0,4,125000
U03108,2026-01,1,5,176000
U03111,2026-04,0,5,274000
U03114,2025-04,0,3,203600
U03114,2025-04,1,3,114000
U03116,2025-05,0,6,415550
U03117,2025-01,0,11,579450
U03117,2025-01,1,5,307000
U03117,2025-01,2,5,180800
U03117,2025-01,3,5,354400
U03117,2025-01,4,1,45000
U03117,2025-01,5,3,264000
U03117,2025-01,6,3,181750
U03117,2025-01,7,5,319750
U03118,2026-02,0,4,277500
U03122,2025-02,0,9,604250
U03125,2026-03,0,9,390900
U03125,2026-03,1,8,715300
U03126,2025-02,0,5,260500
U03126,2025-02,1,4,122000
U03128,2026-01,0,7,353000
U03128,2026-01,1,5,283000
U03128,2026-01,2,5,377000
U03128,2026-01,3,12,574000
U03128,2026-01,4,12,496400
U03128,2026-01,5,3,62500
U03130,2025-04,0,9,512900
U03130,2025-04,1,7,283800
U03130,2025-04,2,7,297200
U03130,2025-04,3,3,220000
U03131,2025-12,0,5,276650
U03132,2025-12,0,7,402000
U03133,2025-01,0,9,489000
U03135,2025-01,0,14,998250
U03138,2026-01,0,4,292000
U03139,2025-11,0,5,360000
U03139,2025-11,1,7,478100
U03139,2025-11,2,2,134950
U03139,2025-11,3,10,566100
U03139,2025-11,4,13,967200
U03139,2025-11,5,4,145800
U03139,2025-11,6,6,357500
U03140,2025-01,0,7,266300
U03141,2026-06,0,5,373100
U03143,2025-01,0,9,563800
U03143,2025-01,1,2,85250
U03146,2025-04,0,3,90600
U03146,2025-04,1,3,169000
U03147,2025-08,0,10,794000
U03147,2025-08,1,2,253000
U03147,2025-08,2,9,485000
U03147,2025-08,3,4,149000
U03147,2025-08,4,2,138000
U03147,2025-08,5,4,185000
U03147,2025-08,6,7,567000
U03147,2025-08,7,7,375550
U03147,2025-08,8,5,276000
U03147,2025-08,9,6,260800
U03147,2025-08,10,4,132900
U03148,2025-09,0,6,541300
U03148,2025-09,1,6,332000
U03148,2025-09,2,9,401800
U03149,2025-12,0,2,46000
U03151,2026-01,0,2,59000
U03153,2025-06,0,3,213000
U03153,2025-06,1,7,329200
U03153,2025-06,2,7,530200
U03153,2025-06,3,4,251400
U03153,2025-06,4,7,415000
U03153,2025-06,5,3,120000
U03153,2025-06,6,5,122700
U03153,2025-06,7,5,324750
U03153,2025-06,8,6,449000
U03153,2025-06,9,7,510000
U03153,2025-06,10,5,356000
U03154,2025-11,0,6,496500
U03154,2025-11,1,4,266000
U03154,2025-11,2,5,215200
U03154,2025-11,3,6,270050
U03154,2025-11,4,2,143000
U03154,2025-11,5,2,56000
U03154,2025-11,6,3,196000
U03155,2025-05,0,7,325500
U03155,2025-05,1,8,557750
U03157,2025-08,0,6,444550
U03158,2025-06,7,3,256000
U03158,2025-06,8,4,231600
U03158,2025-06,9,9,529000
U03158,2025-06,10,7,340350
U03158,2025-06,11,10,518450
U03161,2026-06,0,8,292100
U03162,2025-12,0,3,178000
U03163,2026-02,0,3,210000
U03163,2026-02,1,4,240000
U03163,2026-02,2,4,277000
U03163,2026-02,3,4,87100
U03163,2026-02,4,3,208000
U03165,2026-05,0,7,233000
U03165,2026-05,1,9,700500
U03166,2026-01,0,7,306300
U03167,2026-05,0,3,154000
U03167,2026-05,1,6,629500
U03168,2026-04,0,9,561200
U03169,2026-01,0,2,309000
U03169,2026-01,1,7,531000
U03170,2026-05,0,5,446100
U03170,2026-05,1,1,37800
U03171,2025-01,0,12,677800
U03171,2025-01,1,6,334800
U03171,2025-01,2,13,685000
U03171,2025-01,3,4,110000
U03171,2025-01,4,10,462000
U03173,2026-01,0,7,316000
U03173,2026-01,1,8,355000
U03173,2026-01,2,5,215000
U03174,2025-12,0,2,40000
U03174,2025-12,1,5,319450
U03177,2025-12,0,6,669600
U03177,2025-12,1,8,336200
U03178,2025-06,0,10,646900
U03178,2025-06,1,3,207100
U03178,2025-06,2,9,456150
U03178,2025-06,3,6,190700
U03179,2026-04,0,4,337000
U03179,2026-04,1,1,36000
U03179,2026-04,2,9,523500
U03180,2026-03,0,7,483000
U03180,2026-03,1,3,126000
U03182,2025-10,0,3,196750
U03182,2025-10,1,4,139000
U03182,2025-10,2,2,78000
U03182,2025-10,3,6,275000
U03182,2025-10,4,8,504350
U03182,2025-10,5,2,208000
U03182,2025-10,6,3,273000
U03182,2025-10,7,3,124000
U03182,2025-10,8,5,340000
U03183,2025-09,0,4,183200
U03183,2025-09,1,9,506000
U03185,2025-12,0,7,486200
U03185,2025-12,1,3,98000
U03186,2025-04,0,7,198000
U03187,2025-08,0,3,170850
U03188,2026-02,0,5,437000
U03188,2026-02,1,8,721800
U03190,2026-04,0,4,494000
U03190,2026-04,1,11,597400
U03191,2025-01,7,8,398000
U03191,2025-01,8,9,533000
U03191,2025-01,9,6,306000
U03192,2025-12,0,7,457000
U03192,2025-12,1,3,356300
U03192,2025-12,2,6,591500
U03192,2025-12,3,5,328150
U03194,2026-01,0,6,405100
U03194,2026-01,1,2,168000
U03194,2026-01,2,8,395000
U03194,2026-01,3,7,253250
U03194,2026-01,4,1,18000
U03194,2026-01,5,5,356000
U03195,2025-12,0,4,104700
U03197,2025-06,0,3,139000
U03200,2025-09,0,4,396000
U03200,2025-09,1,5,243200
U03200,2025-09,2,3,269000
U03200,2025-09,3,11,524200
U03200,2025-09,4,8,366000
U03200,2025-09,5,2,175000
U03200,2025-09,6,8,595100
U03200,2025-09,7,5,283000
U03201,2025-07,1,9,509000
U03201,2025-07,2,6,335500
U03201,2025-07,3,10,637900
U03201,2025-07,4,7,357500
U03201,2025-07,5,6,208800
U03201,2025-07,6,6,236000
U03201,2025-07,7,3,66000
U03201,2025-07,8,4,213750
U03201,2025-07,9,7,500000
U03201,2025-07,10,3,104000
U03201,2025-07,11,7,245000
U03202,2026-02,0,7,287000
U03203,2025-04,0,6,282950
U03204,2025-02,0,5,278250
U03204,2025-02,1,6,324000
U03204,2025-02,2,8,582500
U03204,2025-02,3,4,324000
U03204,2025-02,4,4,376000
U03208,2026-05,0,4,224400
U03209,2025-11,2,2,112000
U03209,2025-11,3,12,654000
U03210,2025-03,0,4,261000
U03211,2026-03,0,2,83400
U03211,2026-03,1,3,109000
U03211,2026-03,2,4,424200
U03211,2026-03,3,6,366000
U03212,2026-01,0,2,47000
U03212,2026-01,1,5,225000
U03213,2025-12,0,8,683500
U03213,2025-12,1,4,263200
U03213,2025-12,2,6,375650
U03213,2025-12,3,7,481700
U03213,2025-12,4,6,368750
U03213,2025-12,5,9,455100
U03214,2025-08,0,5,225500
U03215,2026-01,0,8,368700
U03215,2026-01,1,4,330000
U03216,2026-04,0,4,191000
U03217,2025-04,0,4,150000
U03218,2025-02,0,8,322000
U03218,2025-02,1,8,322850
U03218,2025-02,2,4,217000
U03218,2025-02,3,4,120000
U03218,2025-02,4,5,336000
U03218,2025-02,5,7,377900
U03218,2025-02,6,9,434000
U03218,2025-02,7,9,634700
U03218,2025-02,8,6,293000
U03218,2025-02,9,9,404000
U03218,2025-02,10,4,285700
U03218,2025-02,11,6,432000
U03218,2025-02,12,8,484400
U03218,2025-02,13,7,557000
U03218,2025-02,14,9,469250
U03218,2025-02,15,7,343500
U03219,2025-08,0,11,643700
U03220,2026-02,0,11,861450
U03220,2026-02,1,5,282500
U03220,2026-02,2,14,703850
U03220,2026-02,3,9,623000
U03220,2026-02,4,12,794100
U03222,2026-05,0,5,403500
U03222,2026-05,1,3,130850
U03223,2025-08,0,4,163100
U03223,2025-08,1,7,359000
U03223,2025-08,2,2,105000
U03223,2025-08,3,5,330700
U03223,2025-08,4,9,608700
U03223,2025-08,5,9,489000
U03226,2025-07,0,6,231000
U03226,2025-07,1,5,370100
U03228,2026-06,0,3,196800
U03229,2026-03,0,8,507800
U03229,2026-03,1,7,547200
U03229,2026-03,2,7,356000
U03229,2026-03,3,5,243000
U03232,2026-01,0,11,540450
U03232,2026-01,1,3,126900
U03232,2026-01,2,6,423500
U03232,2026-01,3,5,252000
U03232,2026-01,4,2,65000
U03232,2026-01,5,3,152000
U03233,2026-01,0,4,512000
U03234,2025-05,0,5,322750
U03235,2026-04,0,5,206000
U03235,2026-04,1,12,735500
U03236,2026-02,0,3,145000
U03237,2025-09,0,7,332000
U03237,2025-09,1,6,361500
U03237,2025-09,2,7,393000
U03237,2025-09,3,1,24000
U03237,2025-09,4,1,33300
U03237,2025-09,5,8,759100
U03237,2025-09,6,6,584250
U03237,2025-09,7,3,396000
U03240,2025-12,0,3,66750
U03240,2025-12,1,3,104000
U03240,2025-12,2,3,143500
U03241,2025-06,0,6,225800
U03241,2025-06,1,4,273350
U03244,2026-06,0,6,605750
U03247,2025-05,0,7,395000
U03247,2025-05,1,5,473000
U03247,2025-05,2,4,215000
U03247,2025-05,3,3,98000
U03248,2025-06,0,4,135000
U03250,2026-06,0,6,541750
U03252,2025-12,0,5,371000
U03252,2025-12,1,4,420400
U03253,2025-10,0,3,285600
U03253,2025-10,1,5,300000
U03254,2025-02,0,5,372800
U03254,2025-02,1,14,748750
U03255,2026-04,0,2,43000
U03259,2025-01,0,9,392300
U03260,2026-05,0,2,160700
U03260,2026-05,1,4,198000
U03262,2025-06,0,6,236300
U03263,2025-09,0,1,12000
U03264,2025-05,0,6,435000
U03264,2025-05,1,4,252000
U03264,2025-05,2,5,142500
U03266,2025-05,0,1,50000
U03267,2025-03,0,7,438250
U03268,2025-04,0,7,325000
U03268,2025-04,1,8,560950
U03268,2025-04,2,3,174800
U03268,2025-04,3,5,242000
U03268,2025-04,4,5,179000
U03268,2025-04,5,5,385000
U03268,2025-04,6,4,104600
U03268,2025-04,7,3,122000
U03268,2025-04,8,2,185000
U03268,2025-04,9,6,281650
U03268,2025-04,10,2,68000
U03268,2025-04,11,4,295000
U03268,2025-04,12,5,204250
U03269,2025-03,0,7,287400
U03274,2026-03,0,5,343800
U03274,2026-03,1,3,50200
U03275,2026-01,0,6,329600
U03278,2025-05,0,6,297600
U03278,2025-05,1,4,356000
U03280,2026-03,0,3,82000
U03280,2026-03,1,2,172000
U03280,2026-03,2,6,368400
U03280,2026-03,3,8,744950
U03281,2025-11,0,2,183000
U03281,2025-11,1,8,512350
U03281,2025-11,2,6,679150
U03281,2025-11,3,4,252300
U03281,2025-11,4,1,28000
U03281,2025-11,5,2,133000
U03282,2025-08,0,3,64000
U03285,2025-12,0,9,341000
U03285,2025-12,1,4,142000
U03287,2025-09,0,1,195000
U03290,2025-01,1,9,306200
U03291,2025-09,0,4,444000
U03291,2025-09,1,9,512550
U03291,2025-09,2,7,615500
U03291,2025-09,3,7,846200
U03291,2025-09,4,9,507900
U03292,2026-02,0,4,346000
U03292,2026-02,1,6,494000
U03293,2025-11,0,4,300000
U03293,2025-11,1,5,306100
U03294,2025-06,2,11,635900
U03294,2025-06,3,8,546200
U03294,2025-06,4,8,334000
U03294,2025-06,5,3,321900
U03294,2025-06,6,10,671100
U03294,2025-06,7,4,208000
U03294,2025-06,8,6,193000
U03294,2025-06,9,2,75500
U03294,2025-06,10,4,203000
U03294,2025-06,11,7,435050
U03294,2025-06,12,6,368550
U03295,2025-12,0,6,518750
U03295,2025-12,1,5,433000
U03295,2025-12,2,5,316000
U03295,2025-12,3,4,314000
U03295,2025-12,4,5,342800
U03295,2025-12,5,1,49000
U03295,2025-12,6,6,480400
U03296,2025-12,0,3,558000
U03298,2025-08,0,4,425000
U03298,2025-08,1,1,14250
U03298,2025-08,2,3,83000
U03299,2025-12,0,6,227000
U03299,2025-12,1,4,167700
U03299,2025-12,2,1,28000
U03299,2025-12,3,5,176000
U03299,2025-12,4,3,238000
U03299,2025-12,5,2,103000
U03299,2025-12,6,6,365000
U03300,2026-06,0,2,114000
U03301,2025-06,0,2,195600
U03301,2025-06,1,7,644000
U03301,2025-06,2,1,20000
U03301,2025-06,3,1,45000
U03301,2025-06,4,3,203000
U03301,2025-06,5,2,183000
U03301,2025-06,6,3,156000
U03301,2025-06,7,3,118000
U03302,2025-02,0,3,139000
U03302,2025-02,1,7,408000
U03302,2025-02,2,3,115800
U03303,2026-04,0,5,335000
U03303,2026-04,1,3,281000
U03307,2025-10,0,2,95000
U03308,2026-06,0,5,392000
U03309,2025-10,0,7,471500
U03309,2025-10,1,2,55000
U03309,2025-10,2,3,219300
U03310,2025-04,0,7,455000
U03311,2025-09,0,2,60000
U03311,2025-09,1,1,100000
U03311,2025-09,2,6,214450
U03312,2025-06,0,6,324400
U03313,2025-02,0,13,753500
U03315,2025-02,0,7,243000
U03316,2026-06,0,5,246250
U03319,2025-05,0,4,206000
U03321,2025-05,0,8,423200
U03321,2025-05,1,6,514000
U03321,2025-05,2,6,345700
U03322,2025-10,0,6,480400
U03322,2025-10,1,3,142900
U03322,2025-10,2,7,336500
U03322,2025-10,3,4,615000
U03322,2025-10,4,5,434000
U03322,2025-10,5,4,201000
U03322,2025-10,6,1,24300
U03322,2025-10,7,10,711800
U03322,2025-10,8,6,281000
U03323,2025-11,0,3,90000
U03323,2025-11,1,5,156000
U03323,2025-11,2,6,234200
U03327,2025-05,0,5,167000
U03329,2025-05,3,5,276000
U03329,2025-05,4,7,301350
U03329,2025-05,5,2,149000
U03329,2025-05,6,9,641000
U03329,2025-05,7,3,142000
U03329,2025-05,8,4,148600
U03330,2025-06,0,3,167000
U03330,2025-06,1,5,417000
U03331,2025-05,0,10,535350
U03331,2025-05,1,6,450000
U03332,2025-12,0,3,192000
U03333,2025-11,0,1,56000
U03333,2025-11,1,2,91750
U03333,2025-11,2,6,377750
U03333,2025-11,3,5,254000
U03334,2025-09,0,7,439750
U03335,2025-11,0,5,230750
U03335,2025-11,1,5,349000
U03336,2025-04,0,7,421850
U03336,2025-04,1,5,305700
U03336,2025-04,2,7,387850
U03337,2025-06,0,7,445100
U03342,2025-01,1,5,284000
U03342,2025-01,2,6,290750
U03343,2025-09,0,10,528150
U03343,2025-09,1,6,305600
U03343,2025-09,2,8,327600
U03343,2025-09,3,6,337000
U03345,2025-01,0,9,442300
U03346,2026-04,0,9,662500
U03348,2025-04,0,4,209000
U03350,2026-03,0,5,147000
U03351,2025-07,0,3,238000
U03351,2025-07,1,11,793000
U03351,2025-07,2,7,447000
U03351,2025-07,3,4,204200
U03351,2025-07,4,6,571000
U03355,2025-01,1,14,675800
U03355,2025-01,2,6,136000
U03356,2025-11,0,3,224000
U03357,2025-05,0,4,233500
U03357,2025-05,1,3,341000
U03357,2025-05,2,6,171000
U03357,2025-05,3,4,160100
U03357,2025-05,4,9,462800
U03357,2025-05,5,7,341300
U03357,2025-05,6,4,289000
U03357,2025-05,7,10,410000
U03357,2025-05,8,7,554650
U03357,2025-05,9,4,241750
U03358,2025-04,0,5,322400
U03358,2025-04,1,4,229000
U03361,2026-04,0,7,394550
U03361,2026-04,1,6,423000
U03361,2026-04,2,5,273000
U03363,2026-02,0,4,251000
U03363,2026-02,1,4,107000
U03363,2026-02,2,5,182200
U03363,2026-02,3,1,15000
U03364,2025-08,0,11,820400
U03364,2025-08,1,4,156000
U03364,2025-08,2,6,393000
U03364,2025-08,3,5,296000
U03364,2025-08,5,7,533250
U03364,2025-08,6,4,183000
U03364,2025-08,7,6,314150
U03364,2025-08,8,3,288500
U03364,2025-08,9,4,180600
U03364,2025-08,10,7,398950
U03365,2026-01,0,8,496000
U03365,2026-01,1,5,166400
U03368,2025-05,0,7,409100
U03370,2025-05,0,10,640000
U03374,2026-03,0,7,256000
U03375,2026-01,0,2,97000
U03375,2026-01,1,4,203000
U03375,2026-01,2,3,98000
U03375,2026-01,3,4,309150
U03375,2026-01,4,4,369000
U03376,2026-03,0,4,240800
U03378,2025-05,0,4,250300
U03378,2025-05,1,7,322800
U03380,2025-04,0,6,579600
U03381,2025-03,0,6,264000
U03381,2025-03,1,11,809250
U03381,2025-03,2,8,534000
U03383,2025-08,0,8,784700
U03384,2025-08,0,10,529800
U03384,2025-08,1,1,43000
U03384,2025-08,2,9,415300
U03384,2025-08,3,8,937250
U03389,2026-04,0,6,319250
U03390,2026-02,0,7,309700
U03392,2025-06,0,6,348900
U03392,2025-06,1,5,426100
U03393,2025-12,0,4,112000
U03394,2026-05,0,6,590550
U03394,2026-05,1,10,831000
U03395,2025-07,0,8,413000
U03395,2025-07,1,4,128000
U03395,2025-07,2,3,92800
U03395,2025-07,3,5,339800
U03395,2025-07,4,7,610200
U03395,2025-07,5,8,203100
U03396,2025-10,0,7,473000
U03397,2026-04,0,8,467450
U03397,2026-04,1,4,266000
U03397,2026-04,2,5,250100
U03398,2025-01,0,11,529800
U03398,2025-01,1,2,121000
U03400,2026-01,0,7,568900
U03400,2026-01,1,4,350000
U03400,2026-01,2,1,68000
U03400,2026-01,3,3,67000
U03400,2026-01,4,4,357400
U03400,2026-01,5,6,284000
U03402,2025-04,0,5,305000
U03402,2025-04,1,3,121200
U03402,2025-04,2,5,234600
U03403,2026-05,0,5,457250
U03403,2026-05,1,6,322200
U03404,2025-08,0,5,249000
U03405,2025-09,0,5,241750
U03406,2025-08,0,3,113000
U03407,2025-05,0,10,526900
U03409,2025-07,0,6,323700
U03409,2025-07,1,6,215900
U03410,2026-05,0,4,136000
U03412,2025-06,0,2,107000
U03412,2025-06,1,8,450350
U03412,2025-06,2,5,368000
U03412,2025-06,3,1,49000
U03412,2025-06,4,6,281000
U03412,2025-06,5,6,364000
U03412,2025-06,6,2,133000
U03412,2025-06,7,6,206500
U03412,2025-06,8,1,43000
U03413,2025-02,0,4,179000
U03414,2025-11,0,5,202400
U03415,2026-01,0,3,213000
U03416,2025-05,0,3,121000
U03417,2025-10,0,5,361500
U03418,2025-11,2,5,195000
U03418,2025-11,3,10,492000
U03418,2025-11,4,8,558500
U03418,2025-11,5,9,502250
U03421,2026-03,0,5,226250
U03421,2026-03,1,10,488200
U03421,2026-03,2,5,241000
U03421,2026-03,3,11,510000
U03423,2025-03,0,7,275900
U03425,2025-10,0,8,640600
U03426,2025-10,0,2,74000
U03427,2025-08,0,4,141600
U03427,2025-08,1,4,175000
U03428,2025-02,0,12,618800
U03429,2025-09,0,3,387000
U03430,2025-11,0,7,321000
U03430,2025-11,1,2,49000
U03430,2025-11,2,6,239000
U03431,2026-04,0,4,338000
U03432,2026-06,0,7,344850
U03433,2025-06,0,4,322000
U03433,2025-06,1,7,518950
U03433,2025-06,2,3,191000
U03434,2026-03,0,4,195100
U03435,2025-01,1,3,180000
U03436,2025-10,0,4,229800
U03439,2025-07,0,1,18000
U03439,2025-07,1,4,349000
U03439,2025-07,2,5,154800
U03439,2025-07,3,4,218000
U03439,2025-07,4,3,180500
U03440,2025-02,0,6,261850
U03441,2025-08,0,3,192750
U03443,2025-01,0,11,508000
U03446,2026-02,0,6,295000
U03446,2026-02,1,6,447000
U03446,2026-02,2,8,439000
U03446,2026-02,3,6,442250
U03447,2025-10,3,2,181000
U03447,2025-10,4,7,424000
U03447,2025-10,5,6,210300
U03447,2025-10,6,7,346700
U03447,2025-10,7,3,221800
U03451,2025-11,0,5,310000
U03452,2025-11,0,3,141350
U03452,2025-11,1,2,129000
U03453,2025-09,0,1,24000
U03456,2025-01,0,9,397500
U03456,2025-01,1,8,338000
U03456,2025-01,2,5,155000
U03456,2025-01,3,7,205200
U03456,2025-01,4,3,126000
U03456,2025-01,5,4,309000
U03456,2025-01,6,6,380000
U03456,2025-01,7,4,410000
U03456,2025-01,8,3,127300
U03456,2025-01,9,3,161750
U03456,2025-01,10,3,173000
U03456,2025-01,11,5,234800
U03456,2025-01,12,6,381200
U03456,2025-01,13,2,50700
U03456,2025-01,14,6,163200
U03456,2025-01,15,2,98300
U03456,2025-01,16,4,217000
U03456,2025-01,17,3,221000
U03457,2026-03,0,1,45000
U03457,2026-03,1,3,455000
U03457,2026-03,2,3,140000
U03457,2026-03,3,6,433700
U03458,2025-07,0,7,421800
U03460,2025-12,0,2,163000
U03461,2025-12,0,6,285700
U03461,2025-12,1,8,556500
U03461,2025-12,2,10,628450
U03462,2025-03,0,5,472000
U03462,2025-03,1,7,230750
U03463,2025-10,0,3,203000
U03463,2025-10,1,6,226000
U03463,2025-10,2,4,250000
U03463,2025-10,3,8,511100
U03463,2025-10,4,4,133000
U03463,2025-10,5,3,130900
U03463,2025-10,6,3,190500
U03463,2025-10,7,7,324000
U03463,2025-10,8,6,474500
U03464,2025-05,3,5,446000
U03464,2025-05,4,3,193900
U03464,2025-05,5,6,485000
U03464,2025-05,6,5,346700
U03464,2025-05,7,7,395700
U03465,2025-09,0,4,214000
U03468,2026-02,0,6,769800
U03469,2025-07,0,12,696000
U03470,2025-07,0,6,391000
U03471,2025-08,5,2,72000
U03472,2025-12,0,2,68000
U03472,2025-12,1,5,408000
U03472,2025-12,2,3,141000
U03472,2025-12,3,5,312100
U03472,2025-12,4,6,495800
U03472,2025-12,5,4,356500
U03472,2025-12,6,4,267000
U03473,2025-05,0,4,136300
U03474,2025-08,0,5,285000
U03474,2025-08,1,2,146000
U03474,2025-08,2,4,240600
U03475,2025-12,0,7,421000
U03475,2025-12,1,6,374250
U03476,2025-08,0,3,188800
U03476,2025-08,1,8,497800
U03476,2025-08,2,1,48000
U03476,2025-08,3,13,702400
U03476,2025-08,4,5,329000
U03476,2025-08,5,4,364000
U03476,2025-08,6,8,614000
U03476,2025-08,7,5,259300
U03476,2025-08,8,8,361900
U03476,2025-08,9,12,931700
U03476,2025-08,10,7,244700
U03477,2025-10,0,4,271550
U03481,2025-02,0,6,335700
U03481,2025-02,1,8,393600
U03481,2025-02,2,5,281600
U03481,2025-02,3,2,40200
U03484,2026-02,0,7,410500
U03484,2026-02,1,2,303000
U03484,2026-02,2,7,602000
U03485,2025-11,0,7,331950
U03488,2026-03,0,6,423650
U03489,2026-06,0,7,476850
U03490,2025-02,0,6,330000
U03490,2025-02,1,8,420600
U03491,2026-05,0,8,893000
U03492,2026-03,0,6,368800
U03493,2025-03,0,5,204000
U03494,2026-03,0,6,233600
U03494,2026-03,1,9,621850
U03494,2026-03,2,4,179250
U03496,2025-12,0,7,489500
U03496,2025-12,1,4,365000
U03496,2025-12,2,4,104000
U03496,2025-12,3,7,326700
U03497,2025-04,0,5,247900
U03497,2025-04,1,4,166750
U03498,2026-05,0,11,802300
U03498,2026-05,1,8,344450
U03499,2025-07,0,3,126500
U03500,2025-02,0,7,447200
U03501,2026-05,0,7,292850
U03501,2026-05,1,4,296000
U03502,2025-02,0,7,132500
U03502,2025-02,1,3,138100
U03502,2025-02,2,9,458450
U03503,2026-05,0,8,428750
U03504,2026-05,0,4,191750
U03505,2025-03,0,12,522100
U03505,2025-03,1,4,292000
U03508,2026-05,0,5,242500
U03509,2025-04,0,3,92000
U03509,2025-04,1,4,185000
U03509,2025-04,2,4,183000
U03509,2025-04,3,6,143000
U03509,2025-04,4,4,123900
U03509,2025-04,5,7,455000
U03509,2025-04,6,6,396000
U03509,2025-04,7,5,226000
U03510,2025-09,0,4,254200
U03511,2026-04,0,7,512000
U03512,2025-08,0,7,379300
U03512,2025-08,1,3,133800
U03512,2025-08,2,5,554100
U03512,2025-08,3,6,370800
U03512,2025-08,4,6,400000
U03513,2026-03,0,8,513500
U03513,2026-03,1,1,80000
U03513,2026-03,2,8,560600
U03513,2026-03,3,8,625700
U03514,2026-03,0,6,609700
U03515,2025-08,0,4,173000
U03516,2025-09,0,1,88350
U03516,2025-09,1,6,274000
U03518,2025-04,0,3,196750
U03519,2025-12,0,3,491000
U03519,2025-12,1,2,40000
U03523,2025-08,0,9,622400
U03523,2025-08,1,3,152000
U03523,2025-08,2,11,625950
U03523,2025-08,3,4,273000
U03525,2026-06,0,7,699300
U03526,2026-04,0,9,408000
U03526,2026-04,1,6,411200
U03527,2025-12,0,10,689500
U03527,2025-12,1,1,37000
U03528,2025-03,0,3,153000
U03528,2025-03,1,7,388200
U03528,2025-03,2,5,238400
U03528,2025-03,3,4,164600
U03532,2026-03,0,3,182000
U03532,2026-03,1,3,123000
U03533,2025-10,0,2,108000
U03533,2025-10,1,3,138000
U03533,2025-10,2,2,83500
U03533,2025-10,3,5,119400
U03533,2025-10,4,2,99000
U03535,2025-02,0,4,154000
U03536,2025-01,0,13,655900
U03536,2025-01,1,8,285000
U03536,2025-01,2,10,334250
U03536,2025-01,3,6,231500
U03536,2025-01,4,7,307850
U03536,2025-01,5,7,383300
U03536,2025-01,6,5,329000
U03536,2025-01,7,3,110000
U03536,2025-01,8,7,602000
U03539,2025-06,0,10,519050
U03542,2025-09,0,3,169200
U03543,2025-06,0,7,557900
U03543,2025-06,1,2,88000
U03543,2025-06,2,3,295300
U03543,2025-06,3,3,81000
U03543,2025-06,4,5,376000
U03546,2025-04,0,6,368450
U03548,2025-03,0,3,116600
U03549,2025-12,0,6,334000
U03553,2026-01,0,8,373000
U03553,2026-01,1,5,183500
U03554,2025-12,0,5,390000
U03555,2026-03,0,3,450000
U03555,2026-03,1,3,200000
U03555,2026-03,2,10,590800
U03556,2026-06,0,2,148850
U03557,2026-06,0,4,162000
U03558,2025-12,0,6,486200
U03558,2025-12,1,3,255000
U03559,2025-12,0,5,407000
U03559,2025-12,1,5,198350
U03561,2025-01,0,16,739900
U03562,2025-03,0,9,410100
U03562,2025-03,1,3,305000
U03564,2025-06,0,4,239000
U03564,2025-06,1,4,116000
U03564,2025-06,2,4,271250
U03566,2025-09,0,4,218600
U03566,2025-09,1,6,336000
U03566,2025-09,2,5,315000
U03566,2025-09,3,8,581000
U03566,2025-09,4,1,14000
U03566,2025-09,5,5,170000
U03566,2025-09,6,6,208500
U03566,2025-09,7,6,284250
U03566,2025-09,8,2,110000
U03566,2025-09,9,6,219000
U03569,2025-05,0,6,304000
U03571,2025-02,0,5,261000
U03573,2025-11,0,5,303200
U03573,2025-11,1,6,414450
U03573,2025-11,2,5,242100
U03574,2025-10,0,8,450000
U03575,2025-12,0,7,527000
U03576,2026-01,0,4,376200
U03576,2026-01,1,10,685500
U03578,2025-08,0,5,188300
U03579,2026-04,0,2,193000
U03579,2026-04,1,10,655000
U03579,2026-04,2,5,187000
U03581,2025-09,0,9,502700
U03582,2025-11,0,7,551000
U03582,2025-11,1,5,341000
U03582,2025-11,2,8,497400
U03582,2025-11,3,5,318000
U03582,2025-11,4,9,508700
U03582,2025-11,5,7,519000
U03582,2025-11,6,7,296050
U03582,2025-11,7,7,586000
U03583,2025-11,0,10,773500
U03584,2025-08,0,5,175500
U03584,2025-08,1,8,508900
U03584,2025-08,2,6,392500
U03584,2025-08,3,9,504500
U03584,2025-08,4,3,92000
U03584,2025-08,5,12,601550
U03584,2025-08,6,3,275000
U03584,2025-08,7,5,437000
U03585,2025-09,0,5,318000
U03586,2025-06,0,9,368750
U03587,2026-03,0,5,395000
U03588,2026-04,0,10,588150
U03589,2025-11,0,9,593000
U03590,2026-06,0,4,432000
U03593,2025-08,0,6,301900
U03596,2025-11,0,3,100000
U03597,2026-04,0,9,652000
U03598,2025-05,0,9,390800
U03598,2025-05,1,7,423100
U03598,2025-05,2,7,365650
U03598,2025-05,3,9,229050
U03598,2025-05,4,6,354000
U03598,2025-05,5,6,330500
U03598,2025-05,6,2,73800
U03598,2025-05,7,5,146000
U03598,2025-05,8,7,336200
U03599,2025-07,0,5,221000
U03599,2025-07,1,4,296000
U03600,2026-04,0,5,246250
U03601,2025-12,0,7,278000
U03604,2025-03,0,2,203000
U03605,2025-05,0,8,533200
U03607,2025-10,0,10,727000
U03611,2025-12,0,3,242400
U03613,2026-04,0,9,410750
U03614,2025-08,0,2,82000
U03614,2025-08,1,4,175750
U03616,2025-09,0,4,182000
U03617,2026-04,0,5,248000
U03617,2026-04,1,2,87000
U03617,2026-04,2,4,238000
U03618,2025-05,0,4,207700
U03621,2025-07,0,5,345100
U03621,2025-07,1,8,458000
U03621,2025-07,2,7,379000
U03621,2025-07,3,2,138000
U03621,2025-07,4,7,314100
U03621,2025-07,5,4,111000
U03621,2025-07,6,7,675000
U03621,2025-07,7,5,471850
U03622,2026-05,0,2,50000
U03622,2026-05,1,11,536900
U03625,2025-04,0,4,126000
U03625,2025-04,1,7,418000
U03625,2025-04,2,6,478000
U03625,2025-04,3,9,463600
U03625,2025-04,4,8,542450
U03625,2025-04,5,3,150000
U03625,2025-04,6,3,234000
U03625,2025-04,7,3,100000
U03625,2025-04,8,4,234200
U03626,2026-06,0,6,497400
U03627,2025-08,0,3,85750
U03628,2026-01,0,8,634300
U03629,2026-05,0,3,170000
U03629,2026-05,1,7,549600
U03630,2025-06,0,9,468000
U03631,2025-12,0,3,321000
U03631,2025-12,1,5,195000
U03632,2026-03,0,4,261350
U03638,2025-07,0,5,187750
U03639,2025-06,0,4,143000
U03642,2026-01,0,1,262000
U03643,2025-02,0,8,300500
U03643,2025-02,1,2,73000
U03643,2025-02,2,6,261450
U03643,2025-02,3,9,494400
U03646,2025-08,0,12,547050
U03646,2025-08,1,9,293100
U03647,2025-03,0,8,406000
U03647,2025-03,1,8,507000
U03647,2025-03,2,7,419500
U03647,2025-03,3,7,456800
U03647,2025-03,4,6,352600
U03647,2025-03,5,7,332000
U03647,2025-03,6,6,636800
U03647,2025-03,7,6,318750
U03647,2025-03,8,10,608800
U03647,2025-03,9,3,131000
U03647,2025-03,10,6,601750
U03647,2025-03,11,4,187100
U03647,2025-03,12,3,82000
U03647,2025-03,13,3,217100
U03647,2025-03,14,3,84500
U03647,2025-03,15,6,289000
U03648,2025-07,0,2,76600
U03648,2025-07,1,5,314000
U03648,2025-07,2,4,129000
U03648,2025-07,3,5,357800
U03648,2025-07,4,3,97000
U03648,2025-07,5,3,225000
U03649,2026-01,0,4,295650
U03649,2026-01,1,12,632800
U03649,2026-01,2,4,408000
U03649,2026-01,3,4,243000
U03649,2026-01,4,5,310700
U03649,2026-01,5,4,99500
U03651,2026-04,0,3,102800
U03651,2026-04,1,9,624150
U03652,2025-11,0,6,334850
U03652,2025-11,1,5,296500
U03652,2025-11,2,5,163000
U03652,2025-11,3,6,305700
U03653,2026-02,0,8,343150
U03653,2026-02,1,8,389000
U03653,2026-02,2,3,128000
U03653,2026-02,3,4,245550
U03653,2026-02,4,8,287500
U03655,2026-06,0,13,639850
U03656,2025-07,1,7,315100
U03656,2025-07,2,10,716100
U03658,2025-07,0,1,36100
U03659,2026-02,0,4,307000
U03661,2025-11,0,6,313000
U03661,2025-11,1,7,320600
U03664,2026-02,0,3,121000
U03666,2025-09,0,7,414000
U03666,2025-09,1,8,587750
U03668,2025-04,0,4,210000
U03668,2025-04,1,3,197000
U03669,2025-01,0,11,542500
U03672,2025-09,0,5,244650
U03672,2025-09,1,3,221100
U03672,2025-09,3,3,104000
U03672,2025-09,4,6,379500
U03672,2025-09,5,7,359500
U03672,2025-09,6,6,278500
U03672,2025-09,7,6,275100
U03672,2025-09,8,3,173000
U03672,2025-09,9,5,275000
U03674,2025-09,0,4,162000
U03674,2025-09,1,6,336000
U03674,2025-09,2,3,251000
U03676,2025-09,0,7,439200
U03676,2025-09,1,9,599800
U03677,2025-04,0,8,523100
U03677,2025-04,1,7,397000
U03678,2025-11,0,5,316300
U03679,2026-06,0,8,260350
U03680,2025-07,0,6,275700
U03680,2025-07,1,7,466000
U03680,2025-07,2,5,399000
U03681,2025-02,0,7,484150
U03681,2025-02,1,3,251000
U03681,2025-02,2,6,304000
U03681,2025-02,3,10,576650
U03681,2025-02,4,9,450000
U03681,2025-02,5,4,323300
U03682,2025-08,0,7,469000
U03683,2025-12,0,3,159900
U03685,2025-10,0,12,678400
U03685,2025-10,1,9,626000
U03686,2025-12,0,7,485000
U03687,2025-01,0,13,644750
U03688,2025-01,0,10,452000
U03690,2026-01,0,7,396000
U03690,2026-01,1,3,114200
U03690,2026-01,2,5,212250
U03690,2026-01,3,5,320350
U03690,2026-01,4,6,422000
U03690,2026-01,5,5,173700
U03692,2026-03,0,3,168000
U03692,2026-03,1,2,135000
U03692,2026-03,2,8,547000
U03692,2026-03,3,4,289000
U03693,2026-01,0,6,228250
U03693,2026-01,1,5,315000
U03693,2026-01,2,11,726300
U03693,2026-01,3,9,475300
U03693,2026-01,4,9,472950
U03695,2025-03,0,8,412200
U03696,2025-01,0,13,761400
U03696,2025-01,1,8,281950
U03696,2025-01,2,7,261100
U03700,2025-12,0,5,147000
U03700,2025-12,1,6,294800
U03700,2025-12,2,6,160800
U03700,2025-12,3,8,266700
U03700,2025-12,4,9,387000
U03700,2025-12,5,7,321000
U03700,2025-12,6,14,872300
U03702,2026-02,0,2,149000
U03703,2025-02,0,3,149700
U03703,2025-02,1,9,416000
U03703,2025-02,2,9,585000
U03703,2025-02,3,5,324200
U03703,2025-02,4,3,98000
U03703,2025-02,5,6,262300
U03703,2025-02,6,4,98000
U03703,2025-02,7,13,932600
U03703,2025-02,8,6,312250
U03703,2025-02,9,7,520000
U03703,2025-02,10,2,184000
U03704,2025-03,5,3,196000
U03704,2025-03,6,5,372350
U03704,2025-03,7,4,180200
U03704,2025-03,8,10,630500
U03704,2025-03,9,7,399000
U03704,2025-03,10,5,227150
U03704,2025-03,11,9,547400
U03704,2025-03,12,6,287850
U03704,2025-03,13,2,47000
U03704,2025-03,14,2,168100
U03704,2025-03,15,12,801550
U03705,2025-09,0,3,135000
U03705,2025-09,1,6,230100
U03707,2025-12,0,2,115000
U03709,2025-03,0,4,213850
U03710,2025-02,0,5,157600
U03711,2026-04,0,6,389150
U03711,2026-04,1,5,259000
U03711,2026-04,2,4,174400
U03712,2025-12,0,5,369000
U03714,2025-09,0,2,309000
U03714,2025-09,1,5,344200
U03716,2026-03,0,6,476600
U03716,2026-03,1,4,189000
U03717,2025-12,1,5,193550
U03725,2025-09,0,6,631800
U03726,2025-09,0,5,247550
U03727,2025-01,0,11,499500
U03727,2025-01,1,4,148000
U03727,2025-01,2,6,309200
U03727,2025-01,3,8,350100
U03727,2025-01,4,6,230400
U03727,2025-01,5,6,413300
U03727,2025-01,6,7,474250
U03727,2025-01,7,3,218000
U03728,2025-02,0,11,318500
U03730,2026-06,0,6,419000
U03732,2026-03,0,1,45000
U03733,2026-05,0,7,460800
U03733,2026-05,1,5,360000
U03734,2026-04,0,6,381000
U03735,2026-03,0,2,345000
U03736,2025-09,0,2,79800
U03736,2025-09,1,2,82000
U03741,2025-10,0,2,110000
U03741,2025-10,1,4,157000
U03742,2026-06,0,9,435800
U03744,2026-02,0,1,25000
U03745,2025-04,0,7,341250
U03745,2025-04,1,5,310600
U03745,2025-04,2,7,294000
U03745,2025-04,3,6,331400
U03745,2025-04,4,4,210000
U03745,2025-04,5,2,232800
U03745,2025-04,6,4,463750
U03748,2026-03,0,5,299000
U03749,2026-03,0,4,385000
U03749,2026-03,1,6,271400
U03750,2025-09,0,5,346500
U03750,2025-09,1,7,449950
U03750,2025-09,2,5,245000
U03750,2025-09,3,1,18000
U03750,2025-09,4,7,331500
U03750,2025-09,5,3,255000
U03750,2025-09,6,8,309200
U03750,2025-09,7,5,229000
U03752,2025-01,0,7,276000
U03752,2025-01,1,4,173000
U03752,2025-01,2,7,482250
U03752,2025-01,3,5,233800
U03752,2025-01,4,2,122450
U03752,2025-01,5,3,107000
U03752,2025-01,6,3,213000
U03752,2025-01,7,2,167000
U03752,2025-01,8,2,93000
U03752,2025-01,9,10,473700
U03752,2025-01,10,6,444900
U03752,2025-01,11,2,111900
U03752,2025-01,12,5,445000
U03752,2025-01,13,3,119000
U03752,2025-01,14,6,242200
U03752,2025-01,16,5,414000
U03752,2025-01,17,4,306000
U03753,2025-02,0,6,279000
U03754,2025-05,0,4,244550
U03755,2026-06,0,8,519100
U03756,2026-05,0,6,237000
U03757,2026-05,0,6,484400
U03757,2026-05,1,6,233850
U03758,2025-09,0,2,70000
U03759,2025-10,0,4,116600
U03763,2025-08,5,4,195000
U03763,2025-08,6,6,354000
U03763,2025-08,7,9,533000
U03763,2025-08,8,7,312000
U03763,2025-08,9,8,352000
U03765,2025-05,0,7,351100
U03765,2025-05,1,7,424800
U03765,2025-05,2,7,529000
U03767,2025-03,0,4,192100
U03769,2026-03,0,4,354300
U03769,2026-03,1,6,391150
U03770,2025-03,0,6,222100
U03770,2025-03,1,3,174000
U03770,2025-03,2,2,124000
U03771,2025-12,0,3,57250
U03772,2026-01,0,2,39000
U03773,2026-01,0,3,197000
U03775,2026-04,0,4,245750
U03775,2026-04,1,4,251900
U03775,2026-04,2,8,476000
U03776,2025-05,0,7,373800
U03776,2025-05,1,4,370050
U03776,2025-05,2,10,450500
U03776,2025-05,3,8,652000
U03776,2025-05,4,1,161000
U03776,2025-05,5,4,219200
U03776,2025-05,6,8,453000
U03776,2025-05,7,3,178000
U03776,2025-05,8,5,208600
U03776,2025-05,9,7,451100
U03777,2025-10,0,8,390900
U03777,2025-10,1,3,149000
U03778,2025-01,0,10,405600
U03779,2025-07,0,2,292000
U03779,2025-07,1,6,350950
U03779,2025-07,2,8,523050
U03780,2026-03,0,7,349000
U03780,2026-03,1,7,280750
U03780,2026-03,2,4,127000
U03780,2026-03,3,5,236000
U03781,2026-04,0,6,425000
U03781,2026-04,1,3,197700
U03781,2026-04,2,5,195600
U03782,2026-01,0,3,200000
U03782,2026-01,1,4,139500
U03782,2026-01,2,3,66000
U03783,2026-06,0,5,409000
U03784,2025-03,0,8,373400
U03786,2026-02,0,6,170500
U03786,2026-02,1,4,264000
U03786,2026-02,2,3,152000
U03786,2026-02,3,4,257000
U03787,2026-01,0,5,314200
U03787,2026-01,1,3,459750
U03788,2025-07,0,4,200250
U03792,2026-04,0,5,261000
U03793,2025-02,0,10,642800
U03795,2025-07,0,9,579200
U03797,2025-03,0,6,408800
U03797,2025-03,1,1,18000
U03798,2026-02,0,3,221000
U03800,2026-06,0,3,54250
U03801,2026-05,0,4,387000
U03801,2026-05,1,2,195000
U03802,2025-12,0,8,688200
U03803,2026-04,0,5,326000
U03803,2026-04,1,2,97000
U03803,2026-04,2,4,543000
U03804,2025-12,0,3,72000
U03805,2025-02,0,3,190000
U03805,2025-02,1,11,551200
U03805,2025-02,2,13,616000
U03805,2025-02,3,6,210000
U03805,2025-02,4,7,226300
U03805,2025-02,5,5,185000
U03805,2025-02,6,5,530350
U03805,2025-02,7,4,160500
U03805,2025-02,8,5,261000
U03805,2025-02,9,8,501500
U03805,2025-02,10,3,146000
U03805,2025-02,11,7,523600
U03805,2025-02,12,4,275150
U03805,2025-02,13,5,244000
U03805,2025-02,14,7,493800
U03805,2025-02,15,2,237000
U03805,2025-02,16,4,243000
U03806,2026-06,0,3,146150
U03807,2025-12,0,4,285000
U03809,2025-11,0,8,582850
U03810,2025-11,0,3,378000
U03810,2025-11,1,5,251000
U03810,2025-11,2,3,165000
U03810,2025-11,3,2,84000
U03810,2025-11,4,8,514600
U03810,2025-11,5,4,131200
U03810,2025-11,6,3,102000
U03812,2026-01,0,6,386500
U03812,2026-01,1,5,420000
U03813,2026-03,0,5,383150
U03814,2025-07,0,8,470300
U03814,2025-07,1,4,265400
U03814,2025-07,2,1,18000
U03814,2025-07,3,10,669900
U03814,2025-07,4,6,426050
U03814,2025-07,5,3,149700
U03814,2025-07,6,5,148000
U03814,2025-07,7,6,314000
U03816,2025-11,0,5,640900
U03817,2025-12,0,9,610350
U03818,2025-08,0,7,264000
U03820,2025-02,0,14,651400
U03821,2025-08,0,11,721100
U03822,2025-07,0,8,439000
U03824,2025-01,0,19,1044300
U03825,2026-02,0,3,141000
U03826,2026-01,0,5,136200
U03827,2026-02,0,5,302000
U03828,2026-04,0,8,494400
U03829,2026-05,0,3,109000
U03830,2025-04,0,6,332400
U03831,2026-01,0,4,440250
U03832,2026-04,0,2,189100
U03832,2026-04,1,1,18000
U03832,2026-04,2,5,272000
U03834,2025-05,0,6,321000
U03835,2025-07,0,2,133500
U03838,2025-06,0,8,521750
U03839,2025-02,0,6,381600
U03839,2025-02,1,6,265850
U03840,2025-08,0,3,156000
U03840,2025-08,1,3,203000
U03840,2025-08,2,6,438100
U03840,2025-08,3,9,603000
U03840,2025-08,4,1,94000
U03842,2026-03,0,6,697650
U03844,2025-11,0,3,89000
U03844,2025-11,1,8,333400
U03844,2025-11,2,6,311000
U03844,2025-11,3,5,350000
U03844,2025-11,4,8,490300
U03844,2025-11,5,11,864450
U03844,2025-11,6,3,243000
U03844,2025-11,7,6,379350
U03846,2025-02,0,4,188000
U03846,2025-02,1,11,648900
U03847,2026-01,0,6,320650
U03849,2025-05,0,6,363000
U03850,2026-01,0,2,104000
U03851,2026-01,0,8,369700
U03852,2025-09,0,3,77000
U03853,2025-11,0,3,161000
U03854,2025-11,0,7,255000
U03855,2026-05,0,4,155000
U03856,2025-03,0,11,665500
U03857,2025-01,0,9,374500
U03859,2025-06,0,3,72000
U03859,2025-06,1,5,179000
U03859,2025-06,2,4,220100
U03859,2025-06,3,7,456000
U03859,2025-06,4,2,346000
U03859,2025-06,5,4,150500
U03859,2025-06,6,7,379300
U03859,2025-06,7,4,402750
U03859,2025-06,8,3,572000
U03859,2025-06,9,5,211800
U03861,2026-01,0,5,121000
U03863,2025-09,0,1,64000
U03864,2025-07,0,4,236800
U03864,2025-07,1,2,136000
U03864,2025-07,2,9,576250
U03864,2025-07,3,4,118000
U03865,2026-03,0,4,242000
U03866,2025-11,0,9,332200
U03866,2025-11,1,5,182200
U03866,2025-11,2,6,529000
U03866,2025-11,3,5,261000
U03866,2025-11,4,2,124000
U03866,2025-11,5,4,278000
U03867,2026-05,0,5,269250
U03869,2025-01,0,13,797700
U03869,2025-01,1,8,333050
U03870,2025-06,0,9,419600
U03871,2025-09,0,2,106000
U03871,2025-09,1,5,271000
U03872,2025-09,0,7,298000
U03872,2025-09,1,9,362150
U03875,2025-04,0,4,175300
U03876,2025-09,0,6,231000
U03877,2025-07,0,2,51000
U03877,2025-07,1,4,278000
U03877,2025-07,2,2,160000
U03878,2026-03,0,7,366000
U03878,2026-03,1,2,134900
U03878,2026-03,2,3,225000
U03878,2026-03,3,7,384000
U03879,2025-12,0,2,177000
U03879,2025-12,1,1,134000
U03879,2025-12,2,2,84450
U03879,2025-12,3,9,489000
U03880,2025-12,0,3,201000
U03881,2026-01,0,6,318200
U03881,2026-01,1,5,226500
U03881,2026-01,2,3,186000
U03881,2026-01,3,2,49000
U03882,2025-08,0,8,571850
U03882,2025-08,1,5,269000
U03882,2025-08,2,10,620400
U03882,2025-08,3,10,562600
U03882,2025-08,4,5,338650
U03882,2025-08,5,8,821500
U03885,2025-07,0,6,513450
U03888,2026-02,0,2,181100
U03888,2026-02,1,6,397000
U03888,2026-02,2,5,165100
U03889,2026-05,0,12,729250
U03889,2026-05,1,8,293000
U03891,2025-07,0,5,248350
U03891,2025-07,1,10,513500
U03893,2026-05,0,2,106000
U03894,2025-03,0,7,426400
U03894,2025-03,1,4,248000
U03894,2025-03,2,5,215750
U03894,2025-03,3,8,643050
U03894,2025-03,4,3,190000
U03894,2025-03,5,3,293000
U03894,2025-03,6,6,370150
U03894,2025-03,7,1,25000
U03894,2025-03,8,7,458000
U03894,2025-03,9,5,235000
U03894,2025-03,10,2,172250
U03894,2025-03,11,5,243000
U03894,2025-03,12,5,313000
U03894,2025-03,13,4,169000
U03894,2025-03,14,6,491000
U03894,2025-03,15,3,248000
U03895,2025-09,0,11,718150
U03895,2025-09,1,7,279100
U03897,2025-06,0,4,220500
U03898,2026-04,0,3,106000
U03898,2026-04,1,6,374100
U03898,2026-04,2,3,101000
U03899,2025-08,0,4,446000
U03902,2025-03,0,7,272800
U03902,2025-03,1,9,426600
U03902,2025-03,2,2,96500
U03903,2025-10,0,14,854600
U03903,2025-10,1,8,261000
U03903,2025-10,2,11,722300
U03903,2025-10,3,6,421000
U03903,2025-10,4,5,218400
U03903,2025-10,5,6,321500
U03903,2025-10,6,11,732050
U03903,2025-10,7,8,340000
U03903,2025-10,8,5,307950
U03904,2026-05,0,4,271000
U03904,2026-05,1,11,732000
U03907,2025-04,0,2,132000
U03908,2025-10,0,4,103000
U03910,2025-07,0,6,194700
U03910,2025-07,1,8,396000
U03910,2025-07,2,3,423000
U03910,2025-07,3,6,332000
U03912,2025-05,0,6,300600
U03912,2025-05,1,4,365800
U03913,2026-06,0,7,263750
U03916,2026-01,0,11,744000
U03916,2026-01,1,8,420000
U03918,2025-04,0,5,257000
U03918,2025-04,1,6,244650
U03918,2025-04,2,5,273250
U03918,2025-04,3,3,130000
U03918,2025-04,4,4,228100
U03918,2025-04,5,6,345800
U03918,2025-04,6,2,74000
U03918,2025-04,7,10,536250
U03918,2025-04,8,6,529000
U03918,2025-04,9,7,516650
U03918,2025-04,10,1,51000
U03918,2025-04,11,7,346750
U03919,2025-01,0,11,521200
U03921,2025-04,0,7,215750
U03921,2025-04,1,7,442000
U03921,2025-04,2,2,80000
U03921,2025-04,3,6,425800
U03921,2025-04,4,6,354000
U03921,2025-04,5,4,179200
U03921,2025-04,6,3,205000
U03922,2026-06,0,3,116000
U03924,2026-01,0,4,234000
U03924,2026-01,1,3,130000
U03926,2025-02,0,9,412300
U03928,2025-05,0,7,330000
U03928,2025-05,1,4,247500
U03928,2025-05,2,8,377800
U03928,2025-05,3,8,563500
U03930,2025-03,0,9,461650
U03930,2025-03,1,5,203200
U03930,2025-03,2,7,323350
U03930,2025-03,3,5,279000
U03930,2025-03,4,9,517400
U03930,2025-03,5,8,330400
U03930,2025-03,6,4,172250
U03930,2025-03,7,8,346000
U03931,2026-04,0,8,526000
U03932,2025-11,0,7,252000
U03933,2025-12,0,3,101000
U03933,2025-12,1,3,164400
U03933,2025-12,2,2,115000
U03933,2025-12,3,4,214000
U03933,2025-12,4,3,155750
U03937,2025-01,0,12,635000
U03938,2025-01,1,9,319800
U03938,2025-01,2,16,969200
U03938,2025-01,3,5,391000
U03938,2025-01,4,2,132000
U03938,2025-01,5,3,173500
U03938,2025-01,6,7,390700
U03940,2025-12,0,2,133000
U03942,2026-01,0,3,219000
U03942,2026-01,1,4,456000
U03942,2026-01,2,3,144000
U03942,2026-01,3,2,126000
U03942,2026-01,4,5,238000
U03944,2025-10,0,6,348900
U03944,2025-10,1,3,154000
U03946,2025-02,0,4,232500
U03947,2026-03,0,6,232000
U03947,2026-03,1,10,622900
U03948,2026-01,0,10,649000
U03948,2026-01,1,5,197200
U03949,2025-03,0,4,199000
U03949,2025-03,1,12,494300
U03950,2026-05,0,2,157000
U03954,2026-06,0,5,340000
U03956,2026-04,0,4,174200
U03958,2026-01,0,7,419500
U03958,2026-01,1,8,382000
U03961,2026-01,0,5,378600
U03962,2026-06,0,1,25000
U03963,2025-03,0,6,433500
U03963,2025-03,1,4,205100
U03965,2025-03,0,9,593000
U03965,2025-03,1,4,183000
U03967,2026-01,0,6,278200
U03969,2025-05,0,5,223750
U03969,2025-05,1,11,425000
U03969,2025-05,2,5,447100
U03969,2025-05,3,6,420650
U03969,2025-05,4,3,262000
U03969,2025-05,5,2,156000
U03969,2025-05,6,4,125800
U03969,2025-05,7,4,290000
U03969,2025-05,8,8,508300
U03969,2025-05,9,2,185000
U03969,2025-05,10,2,128500
U03969,2025-05,11,4,413000
U03969,2025-05,12,4,200750
U03970,2026-06,0,8,442450
U03971,2025-08,0,3,210000
U03972,2025-06,0,5,215500
U03973,2026-03,0,4,178000
U03974,2026-05,0,6,401500
U03974,2026-05,1,9,586150
U03975,2025-06,0,6,237900
U03975,2025-06,1,3,57000
U03977,2025-07,0,2,270000
U03977,2025-07,1,7,465850
U03977,2025-07,2,2,72000
U03977,2025-07,3,2,41600
U03977,2025-07,4,6,188000
U03978,2025-05,0,6,278000
U03980,2025-02,0,12,728000
U03982,2026-01,0,5,140000
U03983,2026-03,0,3,202000
U03983,2026-03,1,3,185000
U03984,2025-02,0,5,167000
U03986,2025-10,0,8,519800
U03986,2025-10,1,7,418350
U03986,2025-10,2,3,83950
U03987,2026-03,0,6,318000
U03987,2026-03,1,6,393900
U03989,2026-01,0,9,767500
U03989,2026-01,1,6,222000
U03990,2025-06,0,5,178450
U03990,2025-06,1,11,665000
U03990,2025-06,2,5,269000
U03991,2025-03,0,8,474000
U03993,2026-04,0,7,285600
U03995,2026-03,0,7,442950
U03997,2025-12,0,6,244350
U03999,2025-08,0,4,164000
U04001,2025-08,5,4,237000
U04001,2025-08,6,5,398000
U04001,2025-08,7,7,470000
U04001,2025-08,8,6,207500
U04002,2025-12,0,4,229000
U04003,2026-05,0,9,573000
U04003,2026-05,1,4,127000
U04008,2026-06,0,10,407800
U04009,2026-05,0,6,214350
U04009,2026-05,1,5,159100
U04010,2026-05,0,7,466000
U04012,2026-05,0,10,845600
U04014,2025-08,0,9,460850
U04017,2026-01,0,4,282700
U04017,2026-01,1,8,667400
U04017,2026-01,2,6,627350
U04017,2026-01,3,7,364200
U04017,2026-01,4,4,103000
U04017,2026-01,5,5,221350
U04019,2025-03,0,4,125000
U04019,2025-03,1,9,526750
U04019,2025-03,2,5,156400
U04019,2025-03,3,3,158000
U04019,2025-03,4,4,95800
U04019,2025-03,5,5,140800
U04019,2025-03,6,2,88400
U04019,2025-03,7,3,98000
U04019,2025-03,8,7,390800
U04019,2025-03,9,5,330250
U04019,2025-03,10,3,111000
U04019,2025-03,11,5,289000
U04019,2025-03,12,7,398200
U04019,2025-03,13,3,93000
U04019,2025-03,14,5,231650
U04019,2025-03,15,3,150900
U04020,2026-03,0,5,291050
U04021,2025-06,0,8,461700
U04025,2025-12,0,4,377900
U04025,2025-12,1,7,237900
U04027,2026-02,0,6,196000
U04027,2026-02,1,8,503900
U04028,2025-06,0,5,607000
U04028,2025-06,1,6,351850
U04029,2026-01,0,1,43000
U04029,2026-01,1,6,295000
U04030,2025-08,0,5,220900
U04030,2025-08,1,2,81000
U04035,2025-09,0,1,68000
U04035,2025-09,1,3,96100
U04036,2026-01,0,6,570000
U04036,2026-01,1,9,546250
U04036,2026-01,2,6,292000
U04036,2026-01,3,8,668300
U04036,2026-01,4,3,219400
U04036,2026-01,5,8,425750
U04037,2025-09,0,8,449000
U04037,2025-09,1,4,239300
U04040,2026-03,0,1,61000
U04041,2025-01,0,18,914450
U04041,2025-01,1,10,557200
U04041,2025-01,2,8,425000
U04041,2025-01,3,7,274000
U04041,2025-01,4,7,359750
U04041,2025-01,5,4,318100
U04041,2025-01,6,5,262500
U04041,2025-01,7,3,123000
U04041,2025-01,8,8,565300
U04041,2025-01,9,9,528200
U04041,2025-01,10,5,238000
U04041,2025-01,12,7,352000
U04041,2025-01,13,3,64400
U04041,2025-01,14,8,239000
U04041,2025-01,15,6,313200
U04041,2025-01,16,5,337500
U04042,2026-05,0,4,180000
U04042,2026-05,1,11,436500
U04043,2025-03,0,5,298400
U04043,2025-03,1,3,307000
U04043,2025-03,2,1,24000
U04043,2025-03,3,5,245350
U04043,2025-03,4,3,283200
U04043,2025-03,5,7,410000
U04043,2025-03,6,3,233000
U04043,2025-03,7,3,498000
U04043,2025-03,8,6,348900
U04044,2025-05,0,5,283600
U04044,2025-05,1,4,107200
U04044,2025-05,2,2,86100
U04044,2025-05,3,4,148000
U04044,2025-05,4,6,235950
U04044,2025-05,5,3,144000
U04044,2025-05,6,5,195350
U04044,2025-05,7,3,100900
U04046,2026-02,0,4,318200
U04046,2026-02,1,6,482800
U04047,2025-12,0,3,129900
U04047,2025-12,1,6,259100
U04049,2025-03,0,7,526200
U04049,2025-03,1,5,323100
U04049,2025-03,2,9,446050
U04049,2025-03,3,5,364000
U04049,2025-03,4,2,50000
U04049,2025-03,5,4,175200
U04049,2025-03,6,5,196300
U04049,2025-03,7,5,338000
U04049,2025-03,8,8,388250
U04049,2025-03,9,5,274000
U04049,2025-03,10,8,421900
U04049,2025-03,11,9,385000
U04050,2026-01,0,3,81000
U04052,2025-01,0,14,685800
U04052,2025-01,1,7,297000
U04052,2025-01,2,3,212250
U04052,2025-01,3,5,319700
U04052,2025-01,4,3,138000
U04052,2025-01,5,8,504600
U04052,2025-01,6,3,231000
U04052,2025-01,7,6,217000
U04052,2025-01,8,1,95950
U04052,2025-01,9,3,205200
U04052,2025-01,10,3,104000
U04052,2025-01,11,4,234000
U04052,2025-01,12,5,280000
U04052,2025-01,13,1,32400
U04052,2025-01,14,5,306800
U04052,2025-01,15,5,310750
U04052,2025-01,16,2,388000
U04052,2025-01,17,7,803400
U04053,2025-07,0,9,556300
U04054,2025-01,0,13,815400
U04054,2025-01,1,11,610000
U04058,2026-01,0,13,643800
U04058,2026-01,1,3,128850
U04059,2025-02,0,6,263000
U04059,2025-02,1,2,42000
U04060,2025-06,0,9,329000
U04061,2026-02,0,7,287650
U04062,2026-02,0,5,277000
U04062,2026-02,1,2,66000
U04066,2025-10,0,4,434500
U04068,2026-02,0,2,137000
U04069,2025-09,0,2,155950
U04070,2025-04,0,6,320500
U04070,2025-04,1,10,324000
U04071,2025-08,0,3,122000
U04072,2025-07,6,6,237200
U04072,2025-07,7,6,427000
U04073,2026-04,0,3,506150
U04074,2025-07,0,2,53000
U04074,2025-07,1,8,600250
U04075,2026-05,0,11,864200
U04075,2026-05,1,5,199750
U04076,2025-12,0,4,210800
U04076,2025-12,1,5,307000
U04076,2025-12,2,7,379000
U04076,2025-12,3,4,196000
U04076,2025-12,4,10,477000
U04076,2025-12,5,4,250000
U04076,2025-12,6,5,313000
U04078,2025-04,0,5,171000
U04079,2026-05,0,7,488000
U04079,2026-05,1,7,246200
U04082,2026-02,0,5,448000
U04083,2025-09,0,9,662000
U04085,2025-09,0,3,62000
U04086,2025-07,0,12,795300
U04086,2025-07,1,9,380850
U04087,2025-07,0,2,58000
U04088,2025-01,0,15,921550
U04088,2025-01,1,2,90000
U04088,2025-01,2,4,245000
U04088,2025-01,4,5,333000
U04088,2025-01,5,2,70600
U04088,2025-01,6,3,118000
U04088,2025-01,7,5,359000
U04088,2025-01,8,4,205000
U04088,2025-01,9,6,523000
U04088,2025-01,10,6,262000
U04088,2025-01,11,6,370800
U04088,2025-01,12,4,89250
U04088,2025-01,13,2,52000
U04088,2025-01,14,5,154000
U04088,2025-01,15,5,257000
U04088,2025-01,16,5,264000
U04089,2025-10,0,11,580500
U04089,2025-10,1,4,233000
U04089,2025-10,2,5,245650
U04089,2025-10,3,7,432000
U04091,2025-01,0,22,1141950
U04092,2025-09,0,4,274250
U04092,2025-09,1,6,479800
U04093,2025-08,0,4,201000
U04093,2025-08,1,1,72000
U04093,2025-08,2,5,393300
U04093,2025-08,3,4,276200
U04093,2025-08,4,3,136000
U04093,2025-08,5,7,269000
U04093,2025-08,6,7,534300
U04093,2025-08,7,2,120600
U04093,2025-08,8,3,104000
U04093,2025-08,9,3,396100
U04093,2025-08,10,6,207200
U04095,2026-05,0,5,407000
U04095,2026-05,1,4,327700
U04098,2026-04,0,7,354100
U04098,2026-04,1,2,46500
U04100,2026-04,0,6,442300
U04101,2025-04,0,5,255400
U04101,2025-04,1,6,454550
U04101,2025-04,2,5,401800
U04101,2025-04,3,5,181000
U04102,2025-03,0,7,422500
U04102,2025-03,1,8,330600
U04102,2025-03,2,8,478000
U04102,2025-03,3,8,630000
U04102,2025-03,4,6,333100
U04102,2025-03,5,1,95000
U04102,2025-03,6,5,244400
U04102,2025-03,7,5,380500
U04102,2025-03,8,8,406500
U04102,2025-03,9,5,308500
U04102,2025-03,10,4,239400
U04102,2025-03,11,3,116400
U04102,2025-03,12,4,399000
U04102,2025-03,13,6,239300
U04102,2025-03,14,8,348300
U04102,2025-03,15,2,108000
U04104,2025-11,0,1,82000
U04106,2026-01,0,3,109000
U04106,2026-01,1,4,155800
U04106,2026-01,2,4,303600
U04106,2026-01,3,3,99750
U04106,2026-01,4,3,146000
U04106,2026-01,5,6,386000
U04108,2025-09,0,4,238000
U04108,2025-09,1,2,194700
U04108,2025-09,2,9,463500
U04108,2025-09,3,8,333100
U04108,2025-09,4,9,492400
U04108,2025-09,5,11,777000
U04108,2025-09,6,6,367050
U04108,2025-09,7,7,371700
U04108,2025-09,8,5,599000
U04108,2025-09,9,8,416000
U04110,2025-05,0,3,198200
U04110,2025-05,1,5,153500
U04110,2025-05,2,6,654800
U04110,2025-05,3,3,244100
U04110,2025-05,4,6,627000
U04111,2025-11,0,6,370600
U04111,2025-11,1,5,317600
U04111,2025-11,2,4,318250
U04111,2025-11,3,3,179000
U04111,2025-11,4,4,315750
U04111,2025-11,5,7,527950
U04111,2025-11,6,7,291000
U04111,2025-11,7,3,164850
U04112,2025-03,0,7,548500
U04113,2025-11,0,4,281000
U04114,2026-02,0,3,260550
U04116,2025-01,1,7,359350
U04117,2025-09,0,5,162000
U04117,2025-09,1,6,416200
U04118,2025-10,0,2,98000
U04122,2026-01,0,7,461800
U04122,2026-01,1,3,186000
U04122,2026-01,2,3,149600
U04122,2026-01,3,4,242000
U04122,2026-01,4,5,353000
U04122,2026-01,5,7,298700
U04123,2025-12,0,8,631600
U04124,2025-03,0,3,182000
U04124,2025-03,1,8,365500
U04124,2025-03,2,6,383000
U04124,2025-03,3,8,498500
U04126,2026-04,0,12,1167800
U04126,2026-04,1,5,315700
U04126,2026-04,2,7,548000
U04127,2025-05,0,3,241000
U04127,2025-05,1,4,142000
U04127,2025-05,2,3,257000
U04128,2025-12,0,2,90950
U04128,2025-12,1,3,97000
U04128,2025-12,2,2,89000
U04128,2025-12,3,3,145000
U04128,2025-12,4,1,85500
U04128,2025-12,5,9,579300
U04128,2025-12,6,6,306000
U04129,2025-08,0,8,225900
U04130,2026-02,0,7,669300
U04130,2026-02,1,5,396000
U04130,2026-02,2,7,493250
U04130,2026-02,3,5,192000
U04130,2026-02,4,10,452800
U04131,2025-10,0,4,409000
U04132,2025-05,0,3,135200
U04134,2026-05,0,7,460350
U04135,2026-01,0,5,202200
U04136,2026-01,0,5,392000
U04136,2026-01,1,7,613850
U04137,2025-11,0,6,341000
U04138,2025-05,0,5,324000
U04140,2025-07,0,4,85250
U04141,2026-05,0,3,201350
U04141,2026-05,1,1,42000
U04143,2025-09,0,4,220000
U04143,2025-09,1,2,79000
U04143,2025-09,2,2,49000
U04143,2025-09,3,6,232500
U04144,2025-01,0,7,208850
U04145,2025-03,0,8,413600
U04147,2026-02,0,1,65000
U04148,2025-03,0,1,45000
U04148,2025-03,1,6,371600
U04148,2025-03,2,2,92000
U04148,2025-03,3,3,92700
U04148,2025-03,4,6,348600
U04148,2025-03,5,6,329000
U04148,2025-03,6,4,263000
U04148,2025-03,7,6,326200
U04148,2025-03,8,4,132800
U04148,2025-03,9,2,79000
U04148,2025-03,10,8,504000
U04148,2025-03,11,4,178700
U04148,2025-03,12,3,96900
U04148,2025-03,13,3,61000
U04148,2025-03,14,8,426000
U04148,2025-03,15,6,354000
U04149,2025-04,0,7,378900
U04149,2025-04,1,7,408000
U04149,2025-04,2,2,75000
U04150,2026-04,0,3,182000
U04152,2025-11,0,7,521300
U04152,2025-11,1,2,130000
U04152,2025-11,2,4,482750
U04152,2025-11,3,6,239400
U04152,2025-11,4,9,499600
U04153,2026-05,0,4,304000
U04154,2025-08,0,3,225000
U04154,2025-08,1,1,49000
U04154,2025-08,2,5,300000
U04154,2025-08,3,2,77000
U04154,2025-08,4,6,277500
U04154,2025-08,5,3,252000
U04154,2025-08,6,3,281600
U04154,2025-08,7,3,145000
U04154,2025-08,8,7,440400
U04155,2025-10,0,6,221000
U04155,2025-10,1,1,39000
U04155,2025-10,2,5,484000
U04156,2025-10,0,4,347000
U04156,2025-10,1,1,90000
U04156,2025-10,2,3,188000
U04156,2025-10,3,3,440300
U04156,2025-10,4,4,218000
U04156,2025-10,5,4,192000
U04157,2026-04,0,5,222750
U04157,2026-04,1,2,71000
U04158,2026-05,0,2,157000
U04158,2026-05,1,2,38000
U04162,2025-08,0,4,151200
U04162,2025-08,1,6,736000
U04162,2025-08,2,4,290000
U04162,2025-08,3,4,263100
U04163,2025-04,0,4,155000
U04164,2025-04,0,4,170000
U04165,2025-02,0,7,449000
U04166,2025-03,0,6,167000
U04166,2025-03,1,4,151000
U04166,2025-03,2,6,258350
U04166,2025-03,3,7,357200
U04166,2025-03,4,5,326600
U04167,2026-03,0,1,28000
U04167,2026-03,1,4,103000
U04167,2026-03,2,5,330000
U04167,2026-03,3,7,332800
U04169,2026-01,0,2,184000
U04169,2026-01,1,5,409300
U04169,2026-01,2,6,377200
U04169,2026-01,3,9,337100
U04169,2026-01,4,8,450500
U04169,2026-01,5,2,264000
U04173,2026-05,0,4,275000
U04175,2026-04,0,3,208000
U04176,2026-02,0,4,553000
U04177,2025-12,0,6,440900
U04177,2025-12,1,3,154000
U04177,2025-12,2,4,222200
U04177,2025-12,3,8,400000
U04177,2025-12,4,11,780000
U04178,2025-03,0,4,163000
U04180,2025-11,0,7,546550
U04180,2025-11,1,7,366000
U04180,2025-11,2,6,306000
U04182,2026-05,0,6,296100
U04182,2026-05,1,8,322500
U04184,2025-11,0,2,29250
U04184,2025-11,1,9,730200
U04184,2025-11,2,4,123500
U04184,2025-11,3,4,126000
U04184,2025-11,4,6,342500
U04184,2025-11,5,9,629650
U04184,2025-11,6,4,143200
U04184,2025-11,7,2,123000
U04185,2025-08,0,6,522000
U04186,2026-02,0,3,126600
U04186,2026-02,1,5,201000
U04187,2025-11,0,4,164000
U04188,2025-10,0,5,227050
U04189,2025-08,0,3,185000
U04189,2025-08,1,9,522700
U04189,2025-08,2,5,245400
U04189,2025-08,3,9,513750
U04191,2026-06,0,3,73000
U04192,2026-06,0,4,236200
U04193,2026-03,0,3,61000
U04194,2025-07,0,5,282000
U04194,2025-07,1,9,361000
U04194,2025-07,2,5,214000
U04194,2025-07,3,3,104300
U04194,2025-07,4,4,173100
U04194,2025-07,5,5,297100
U04194,2025-07,6,3,117000
U04194,2025-07,7,6,418200
U04194,2025-07,8,2,78000
U04194,2025-07,9,7,452550
U04194,2025-07,10,6,265000
U04194,2025-07,11,2,179000
U04195,2025-12,0,5,172800
U04196,2025-04,0,4,419900
U04197,2025-08,0,6,322000
U04197,2025-08,1,5,269000
U04198,2025-11,0,11,566950
U04198,2025-11,1,5,233000
U04198,2025-11,2,3,158400
U04198,2025-11,3,8,405000
U04198,2025-11,4,7,376000
U04198,2025-11,5,2,84650
U04201,2026-05,0,10,707800
U04202,2025-07,0,5,246100
U04204,2025-10,0,4,321000
U04204,2025-10,1,4,118100
U04204,2025-10,2,8,236800
U04204,2025-10,3,7,920000
U04204,2025-10,4,4,187000
U04204,2025-10,5,12,943400
U04204,2025-10,6,4,347000
U04204,2025-10,7,7,412000
U04204,2025-10,8,8,604800
U04206,2025-01,0,17,911200
U04208,2026-04,0,7,457000
U04210,2025-05,0,5,412000
U04210,2025-05,1,1,72000
U04210,2025-05,2,4,285800
U04210,2025-05,3,3,177000
U04211,2025-10,0,2,124000
U04211,2025-10,1,6,327300
U04213,2026-01,0,5,284000
U04213,2026-01,1,2,83000
U04213,2026-01,2,4,123000
U04213,2026-01,3,4,157000
U04215,2025-12,0,3,65000
U04215,2025-12,1,8,699200
U04215,2025-12,2,5,364000
U04215,2025-12,3,3,95000
U04215,2025-12,4,5,381000
U04216,2025-08,0,3,212000
U04216,2025-08,1,5,279000
U04216,2025-08,2,1,12000
U04217,2025-12,1,2,57000
U04218,2026-05,0,6,315500
U04219,2025-03,0,6,326000
U04220,2026-02,0,3,72000
U04220,2026-02,1,6,459500
U04222,2025-12,0,1,53000
U04222,2025-12,1,7,336300
U04222,2025-12,2,5,385900
U04222,2025-12,4,5,417250
U04222,2025-12,5,3,86000
U04223,2025-09,0,4,321800
U04223,2025-09,1,4,365000
U04223,2025-09,2,3,155000
U04223,2025-09,3,4,182000
U04223,2025-09,4,5,346000
U04223,2025-09,5,12,656050
U04223,2025-09,6,8,505550
U04223,2025-09,7,8,417950
U04223,2025-09,8,8,498600
U04223,2025-09,9,10,567750
U04224,2025-11,0,4,212800
U04225,2025-12,0,7,398000
U04226,2026-03,0,2,160000
U04228,2025-02,0,7,316000
U04230,2026-04,0,6,305450
U04230,2026-04,1,10,564400
U04230,2026-04,2,6,372000
U04232,2025-06,0,9,721050
U04232,2025-06,1,7,288000
U04232,2025-06,2,6,427200
U04235,2026-03,0,1,128000
U04236,2025-07,0,5,385000
U04240,2026-06,0,5,337000
U04242,2025-06,0,3,156000
U04245,2025-05,0,7,284800
U04245,2025-05,1,4,275300
U04245,2025-05,2,3,173500
U04245,2025-05,3,5,256500
U04245,2025-05,4,3,103000
U04245,2025-05,5,4,187000
U04245,2025-05,6,10,561000
U04245,2025-05,7,5,131500
U04245,2025-05,8,3,109000
U04245,2025-05,9,6,371250
U04245,2025-05,10,4,117600
U04245,2025-05,11,12,587350
U04245,2025-05,12,10,674000
U04245,2025-05,13,2,88000
U04246,2026-03,0,3,108000
U04247,2026-04,0,7,445700
U04247,2026-04,1,10,518000
U04249,2026-05,0,4,293500
U04252,2026-04,0,6,286550
U04252,2026-04,1,5,309000
U04252,2026-04,2,2,65000
U04253,2025-08,0,9,592000
U04254,2025-01,0,13,581400
U04254,2025-01,1,11,549000
U04255,2026-03,0,3,152000
U04255,2026-03,1,4,262000
U04255,2026-03,2,13,993800
U04255,2026-03,3,11,665600
U04256,2026-01,0,6,226250
U04256,2026-01,1,8,539800
U04256,2026-01,2,5,370350
U04256,2026-01,3,4,242200
U04256,2026-01,4,5,240000
U04259,2026-06,0,6,209250
U04260,2025-04,0,6,269200
U04260,2025-04,1,6,332000
U04260,2025-04,2,6,464000
U04260,2025-04,3,3,164000
U04260,2025-04,4,4,124800
U04260,2025-04,5,2,148000
U04260,2025-04,6,5,450500
U04260,2025-04,7,8,537200
U04260,2025-04,8,6,523200
U04260,2025-04,9,5,292000
U04260,2025-04,10,5,377000
U04260,2025-04,11,6,200600
U04260,2025-04,12,4,203700
U04260,2025-04,13,3,168000
U04260,2025-04,14,2,187000
U04261,2026-01,0,5,378050
U04261,2026-01,1,7,569950
U04261,2026-01,2,4,335000
U04261,2026-01,3,3,277000
U04261,2026-01,4,6,337000
U04261,2026-01,5,3,143000
U04262,2026-06,0,8,348600
U04263,2026-05,0,8,540250
U04263,2026-05,1,7,433000
U04264,2026-06,0,4,333750
U04265,2026-05,0,7,410200
U04265,2026-05,1,7,535100
U04266,2025-12,0,11,687450
U04266,2025-12,1,6,359000
U04267,2025-12,0,9,595000
U04270,2026-04,0,5,220000
U04271,2025-08,0,9,680000
U04271,2025-08,1,5,308450
U04272,2025-08,0,1,53000
U04272,2025-08,1,3,181600
U04272,2025-08,2,5,292500
U04272,2025-08,3,9,514300
U04272,2025-08,4,2,72500
U04272,2025-08,5,8,320550
U04272,2025-08,6,5,510200
U04272,2025-08,7,7,502200
U04273,2025-05,0,1,21600
U04273,2025-05,1,8,365000
U04274,2025-10,0,9,411100
U04278,2025-10,0,3,332000
U04279,2026-01,0,7,552000
U04279,2026-01,1,1,85500
U04279,2026-01,2,7,412000
U04280,2025-03,0,2,143000
U04280,2025-03,1,6,464100
U04280,2025-03,2,3,133000
U04280,2025-03,3,5,140300
U04280,2025-03,4,11,651200
U04280,2025-03,5,3,86700
U04280,2025-03,6,3,247000
U04280,2025-03,7,5,244000
U04280,2025-03,8,4,248000
U04280,2025-03,9,4,351100
U04280,2025-03,10,2,79750
U04280,2025-03,11,8,624000
U04280,2025-03,12,3,109900
U04280,2025-03,13,9,566450
U04280,2025-03,14,6,424700
U04280,2025-03,15,5,131450
U04283,2025-10,3,2,163000
U04284,2025-05,0,6,415800
U04286,2026-01,0,5,601000
U04288,2025-12,0,6,241500
U04290,2026-03,0,7,386500
U04291,2026-05,0,6,380000
U04291,2026-05,1,2,197000
U04293,2025-03,0,8,248000
U04294,2025-03,0,8,497500
U04294,2025-03,1,7,207250
U04295,2026-03,0,3,147000
U04295,2026-03,1,3,254600
U04295,2026-03,2,7,425600
U04295,2026-03,3,7,646050
U04302,2025-11,0,7,231600
U04303,2025-12,0,2,98000
U04306,2025-04,0,9,322000
U04306,2025-04,1,5,249000
U04306,2025-04,2,5,422800
U04306,2025-04,3,8,463600
U04307,2025-03,0,4,182900
U04307,2025-03,1,11,474400
U04307,2025-03,2,12,716400
U04307,2025-03,3,6,365000
U04307,2025-03,4,10,763200
U04307,2025-03,5,4,203900
U04309,2025-02,0,5,174400
U04310,2025-10,0,5,162200
U04311,2026-03,0,10,493600
U04313,2026-02,0,6,373600
U04313,2026-02,1,6,434300
U04314,2026-06,0,11,663400
U04316,2026-05,0,1,62000
U04317,2026-06,0,16,924400
U04318,2025-07,0,2,94000
U04318,2025-07,1,9,557850
U04319,2025-02,0,6,343000
U04319,2025-02,1,7,458750
U04320,2026-03,0,4,282900
U04320,2026-03,1,6,331000
U04320,2026-03,2,5,313000
U04320,2026-03,3,7,363250
U04321,2025-01,0,11,541400
U04323,2025-06,0,3,244000
U04323,2025-06,1,1,37000
U04323,2025-06,3,2,72500
U04323,2025-06,4,3,77000
U04323,2025-06,5,4,183250
U04324,2025-05,0,4,195450
U04325,2025-09,0,4,400000
U04325,2025-09,1,7,311500
U04325,2025-09,2,8,418950
U04326,2025-10,0,3,327500
U04326,2025-10,1,1,30000
U04328,2025-03,0,5,274800
U04328,2025-03,1,4,155000
U04330,2025-12,0,5,237000
U04330,2025-12,1,6,664850
U04330,2025-12,2,1,85500
U04330,2025-12,3,5,158500
U04330,2025-12,4,5,407300
U04330,2025-12,5,2,82000
U04330,2025-12,6,3,198800
U04331,2026-01,0,5,321000
U04332,2026-03,0,7,496750
U04333,2025-04,0,5,231800
U04335,2025-08,0,5,328500
U04336,2025-02,0,6,350000
U04338,2025-05,0,3,119700
U04339,2025-03,0,2,107000
U04339,2025-03,1,6,367000
U04340,2025-03,0,5,245700
U04340,2025-03,1,7,579000
U04340,2025-03,2,6,293000
U04340,2025-03,3,1,44000
U04341,2026-05,0,6,401000
U04341,2026-05,1,9,421700
U04343,2025-05,0,3,193000
U04344,2026-02,0,7,250600
U04344,2026-02,1,4,242200
U04346,2025-05,0,5,361000
U04346,2025-05,1,1,99000
U04346,2025-05,2,3,113000
U04346,2025-05,3,8,470000
U04347,2025-06,0,8,398000
U04347,2025-06,1,7,526750
U04349,2026-04,0,5,323000
U04350,2025-06,0,3,219000
U04351,2026-03,0,9,339800
U04351,2026-03,1,7,291000
U04351,2026-03,2,6,425800
U04351,2026-03,3,9,734000
U04352,2025-08,0,7,480000
U04352,2025-08,1,5,267000
U04352,2025-08,2,6,269850
U04354,2026-02,0,2,204000
U04356,2026-05,0,2,205500
U04357,2025-01,0,12,613450
U04357,2025-01,1,2,68000
U04362,2025-12,0,5,283400
U04362,2025-12,1,6,372000
U04362,2025-12,2,2,96000
U04362,2025-12,3,2,175000
U04362,2025-12,4,6,493400
U04362,2025-12,5,5,488000
U04362,2025-12,6,5,152000
U04363,2026-02,0,1,26100
U04363,2026-02,1,7,299800
U04363,2026-02,2,7,251250
U04363,2026-02,3,3,141250
U04363,2026-02,4,1,111000
U04364,2025-05,0,1,36000
U04364,2025-05,1,6,464000
U04364,2025-05,2,5,398750
U04367,2026-04,0,6,377300
U04368,2025-03,0,13,818000
U04368,2025-03,1,9,371000
U04372,2025-10,0,7,318500
U04372,2025-10,1,5,250750
U04372,2025-10,2,5,339350
U04373,2025-01,0,8,360450
U04374,2025-12,0,7,302100
U04375,2025-09,0,5,462300
U04377,2025-07,0,4,222000
U04382,2025-12,0,4,161250
U04382,2025-12,1,6,417500
U04383,2025-08,0,6,557750
U04383,2025-08,1,5,228450
U04384,2026-05,0,7,479700
U04384,2026-05,1,6,697800
U04386,2026-06,0,8,547200
U04387,2026-06,0,9,819000
U04388,2025-09,0,5,160500
U04388,2025-09,1,4,239200
U04388,2025-09,2,10,408600
U04388,2025-09,3,6,357000
U04388,2025-09,4,4,99250
U04390,2025-08,0,3,159350
U04390,2025-08,1,6,190200
U04390,2025-08,2,2,104000
U04390,2025-08,3,9,656400
U04390,2025-08,4,4,87800
U04390,2025-08,5,4,166800
U04390,2025-08,6,6,257200
U04391,2025-05,0,6,214500
U04391,2025-05,1,6,429500
U04391,2025-05,2,6,248800
U04391,2025-05,3,5,365000
U04391,2025-05,4,3,386850
U04391,2025-05,5,8,544400
U04391,2025-05,6,6,230000
U04391,2025-05,7,5,267800
U04391,2025-05,8,3,145500
U04391,2025-05,9,5,519500
U04391,2025-05,10,7,445000
U04391,2025-05,11,6,448900
U04393,2026-06,0,6,424000
U04394,2025-01,0,15,664200
U04396,2026-02,0,4,246000
U04397,2026-04,0,2,158000
U04400,2026-04,0,4,238000
U04400,2026-04,1,7,495200
U04400,2026-04,2,7,372700
U04401,2026-01,0,8,429000
U04404,2025-11,0,6,375000
U04404,2025-11,1,8,456000
U04404,2025-11,2,2,188000
U04405,2026-06,0,4,165750
U04406,2025-08,0,9,355550
U04406,2025-08,1,4,262000
U04406,2025-08,2,4,229000
U04406,2025-08,3,4,345000
U04406,2025-08,4,5,582000
U04406,2025-08,5,7,434500
U04406,2025-08,6,5,293800
U04406,2025-08,7,7,361700
U04406,2025-08,8,8,474650
U04406,2025-08,9,7,258750
U04406,2025-08,10,6,285000
U04411,2025-12,0,3,111000
U04413,2025-12,0,2,89000
U04413,2025-12,1,5,341000
U04413,2025-12,2,7,267050
U04413,2025-12,3,7,398300
U04413,2025-12,4,6,272700
U04413,2025-12,5,5,284050
U04413,2025-12,6,8,424450
U04415,2025-06,0,2,111000
U04417,2025-03,0,8,276300
U04419,2026-05,0,7,373000
U04421,2025-08,0,7,342100
U04425,2025-04,0,5,199000
U04425,2025-04,1,5,274000
U04425,2025-04,2,3,282000
U04425,2025-04,3,5,174400
U04425,2025-04,4,5,293000
U04425,2025-04,5,10,739500
U04425,2025-04,6,7,373500
U04426,2025-10,0,3,158600
U04426,2025-10,1,8,409800
U04426,2025-10,3,4,289000
U04426,2025-10,4,3,228250
U04426,2025-10,5,9,698450
U04426,2025-10,6,9,670300
U04426,2025-10,7,5,166000
U04430,2025-03,0,5,201800
U04432,2025-03,0,8,491150
U04433,2025-12,0,4,252100
U04433,2025-12,1,6,227000
U04433,2025-12,2,7,462100
U04433,2025-12,3,6,488000
U04433,2025-12,4,7,278100
U04435,2025-05,0,6,279100
U04435,2025-05,1,4,480000
U04435,2025-05,2,5,357100
U04435,2025-05,3,6,447000
U04435,2025-05,4,2,151000
U04436,2026-02,0,2,80000
U04439,2025-07,0,7,529000
U04439,2025-07,1,4,169750
U04440,2025-04,0,10,607700
U04440,2025-04,1,7,395000
U04442,2025-01,0,12,784750
U04442,2025-01,1,11,495000
U04442,2025-01,2,3,58000
U04445,2025-02,0,9,288250
U04445,2025-02,1,5,344300
U04447,2025-04,9,1,60000
U04447,2025-04,10,12,649850
U04447,2025-04,11,7,403850
U04447,2025-04,12,5,137900
U04447,2025-04,13,10,887700
U04447,2025-04,14,6,345300
U04449,2026-01,0,6,155000
U04450,2025-03,0,6,242800
U04453,2026-05,0,8,508000
U04453,2026-05,1,6,340000
U04454,2026-05,0,4,128700
U04454,2026-05,1,7,280000
U04455,2025-05,0,7,345200
U04456,2025-08,0,7,297000
U04456,2025-08,1,8,425850
U04456,2025-08,2,8,395000
U04456,2025-08,3,3,126000
U04456,2025-08,4,6,400200
U04457,2025-11,0,3,188000
U04458,2025-06,0,4,165000
U04458,2025-06,1,5,181000
U04458,2025-06,2,9,601350
U04460,2025-05,0,6,243300
U04460,2025-05,1,4,303750
U04460,2025-05,2,3,249000
U04463,2026-06,0,4,214200
U04464,2025-05,0,4,211600
U04466,2025-05,0,7,381500
U04466,2025-05,1,5,366000
U04466,2025-05,2,2,50000
U04466,2025-05,3,1,28000
U04466,2025-05,4,3,96900
U04466,2025-05,5,5,234400
U04466,2025-05,6,5,166600
U04466,2025-05,7,6,367000
U04466,2025-05,8,3,226300
U04466,2025-05,9,3,182000
U04466,2025-05,10,3,106000
U04466,2025-05,11,1,38700
U04466,2025-05,12,4,181900
U04466,2025-05,13,8,288550
U04471,2025-02,0,6,306000
U04472,2025-04,0,8,428000
U04473,2025-06,0,2,105300
U04474,2025-02,0,8,343100
U04475,2025-09,0,6,409000
U04477,2026-06,0,7,297000
U04479,2025-11,0,4,160000
U04479,2025-11,1,5,177000
U04481,2025-10,0,5,269050
U04483,2025-07,0,8,379000
U04484,2026-06,0,3,125000
U04485,2025-02,0,11,516250
U04485,2025-02,1,5,262000
U04488,2026-06,0,7,380450
U04489,2026-04,0,10,596700
U04489,2026-04,1,4,120150
U04489,2026-04,2,3,77000
U04496,2025-12,0,3,216700
U04496,2025-12,1,7,409100
U04496,2025-12,2,3,113100
U04496,2025-12,3,5,215000
U04496,2025-12,4,8,565000
U04496,2025-12,5,2,167000
U04496,2025-12,6,6,333000
U04497,2025-12,0,5,327500
U04497,2025-12,1,7,417000
U04497,2025-12,2,8,373300
U04499,2025-10,0,1,58000
U04500,2026-02,0,5,219000
U04500,2026-02,1,1,28000
U04500,2026-02,2,5,334300
U04500,2026-02,3,3,280000
U04500,2026-02,4,9,433000
U04501,2025-12,0,8,381150
U04502,2025-11,0,5,260000
U04502,2025-11,1,5,254000
U04502,2025-11,2,4,166000
U04502,2025-11,4,2,172000
U04502,2025-11,5,2,111000
U04502,2025-11,6,4,326000
U04504,2025-06,0,8,427000
U04504,2025-06,1,8,328000
U04505,2025-11,0,4,197000
U04505,2025-11,1,4,302000
U04506,2026-02,0,3,176000
U04506,2026-02,1,4,211000
U04506,2026-02,2,6,215700
U04506,2026-02,3,8,387000
U04506,2026-02,4,4,317300
U04507,2025-11,0,13,744100
U04508,2025-09,0,2,60000
U04508,2025-09,1,8,344250
U04509,2026-03,0,4,285000
U04509,2026-03,1,2,92500
U04509,2026-03,2,4,191000
U04510,2025-03,0,9,363550
U04511,2025-06,0,4,110100
U04512,2025-08,0,5,215000
U04512,2025-08,1,7,437000
U04512,2025-08,2,8,577000
U04512,2025-08,3,12,679650
U04512,2025-08,4,6,315150
U04512,2025-08,5,9,582200
U04513,2026-06,0,8,631150
U04514,2025-03,0,6,395000
U04515,2025-11,0,5,231000
U04515,2025-11,1,4,245250
U04516,2025-08,0,6,353200
U04517,2025-04,0,6,391050
U04517,2025-04,1,7,471200
U04517,2025-04,2,1,137750
U04517,2025-04,3,3,96000
U04518,2025-05,0,8,491000
U04524,2025-02,0,5,350000
U04528,2026-04,0,4,459000
U04528,2026-04,1,4,378000
U04528,2026-04,2,4,171000
U04529,2025-05,0,7,440000
U04529,2025-05,1,9,452800
U04537,2026-06,0,9,516000
U04538,2025-12,0,6,143200
U04538,2025-12,1,4,110000
U04538,2025-12,2,6,319250
U04540,2026-01,0,5,294000
U04540,2026-01,1,6,430000
U04541,2026-03,0,5,343300
U04541,2026-03,1,5,351000
U04542,2025-11,0,3,126000
U04542,2025-11,1,7,315600
U04543,2026-05,0,5,182800
U04543,2026-05,1,5,253200
U04545,2025-11,0,7,538700
U04545,2025-11,1,5,284300
U04547,2025-07,0,6,243350
U04548,2025-02,0,7,343000
U04549,2026-06,0,5,339400
U04551,2025-03,0,5,312000
U04551,2025-03,1,8,377800
U04551,2025-03,2,1,44000
U04551,2025-03,3,3,121250
U04551,2025-03,4,7,545000
U04551,2025-03,5,3,179000
U04551,2025-03,6,5,359300
U04551,2025-03,7,5,334000
U04551,2025-03,8,9,511100
U04551,2025-03,9,4,130000
U04551,2025-03,10,5,215200
U04551,2025-03,11,3,165000
U04551,2025-03,12,5,326850
U04551,2025-03,13,5,215000
U04551,2025-03,14,3,151000
U04551,2025-03,15,2,39000
U04554,2025-07,0,6,258300
U04556,2026-05,0,4,264000
U04556,2026-05,1,6,450000
U04557,2025-04,0,9,480700
U04559,2025-08,0,3,58000
U04559,2025-08,1,3,85250
U04559,2025-08,2,6,331550
U04560,2026-04,0,4,187600
U04563,2025-07,1,9,446450
U04563,2025-07,2,7,442000
U04563,2025-07,3,13,716050
U04563,2025-07,4,3,388800
U04563,2025-07,5,3,206250
U04563,2025-07,6,6,345000
U04563,2025-07,7,7,423600
U04564,2025-08,0,6,456150
U04565,2025-06,0,5,306600
U04566,2026-03,0,3,245000
U04566,2026-03,1,5,304000
U04567,2025-05,0,5,190800
U04567,2025-05,1,6,362500
U04567,2025-05,2,8,414000
U04567,2025-05,3,4,232600
U04567,2025-05,4,5,331000
U04567,2025-05,5,4,208000
U04567,2025-05,6,5,459000
U04570,2026-01,0,2,75000
U04571,2025-01,0,15,1025250
U04571,2025-01,1,4,211000
U04572,2026-03,0,5,229800
U04572,2026-03,1,2,342000
U04573,2026-06,0,3,173250
U04574,2026-01,0,5,299900
U04574,2026-01,1,3,68000
U04574,2026-01,2,7,379000
U04574,2026-01,3,6,418800
U04575,2025-10,0,3,121000
U04575,2025-10,1,1,171000
U04577,2025-01,0,15,954050
U04577,2025-01,1,3,214000
U04577,2025-01,2,8,545000
U04578,2026-01,0,8,304400
U04578,2026-01,1,7,300250
U04578,2026-01,2,9,485600
U04578,2026-01,3,4,166000
U04580,2026-05,0,9,517000
U04580,2026-05,1,5,299400
U04582,2025-08,0,5,288000
U04585,2026-06,0,4,163000
U04587,2025-10,0,7,326500
U04590,2025-07,0,4,220000
U04592,2025-07,0,5,300000
U04592,2025-07,1,1,45000
U04592,2025-07,2,4,191000
U04592,2025-07,3,5,303700
U04592,2025-07,4,3,233000
U04592,2025-07,5,4,158000
U04592,2025-07,6,8,346200
U04592,2025-07,7,2,147000
U04596,2026-02,0,10,478700
U04596,2026-02,1,2,81750
U04598,2026-04,0,5,445000
U04598,2026-04,2,3,222000
U04599,2025-07,0,7,388000
U04601,2025-09,0,3,116000
U04601,2025-09,1,4,211000
U04603,2025-09,0,6,456000
U04604,2026-05,0,8,380100
U04604,2026-05,1,9,522000
U04605,2025-08,0,4,222000
U04606,2025-11,0,2,84600
U04606,2025-11,1,1,48000
U04607,2025-07,0,5,238000
U04607,2025-07,1,15,838500
U04607,2025-07,2,7,358000
U04607,2025-07,3,5,270000
U04607,2025-07,4,8,489400
U04607,2025-07,5,5,251000
U04607,2025-07,6,7,702000
U04607,2025-07,7,6,167000
U04607,2025-07,8,5,408000
U04607,2025-07,9,11,472600
U04607,2025-07,10,4,216650
U04607,2025-07,11,2,98000
U04608,2026-05,0,9,487000
U04608,2026-05,1,8,444000
U04609,2025-09,0,3,274200
U04609,2025-09,1,8,393100
U04612,2025-04,0,1,100000
U04612,2025-04,1,8,395100
U04612,2025-04,2,2,70000
U04612,2025-04,3,5,198100
U04612,2025-04,4,4,196000
U04616,2025-04,0,3,230000
U04618,2025-06,0,2,191350
U04618,2025-06,1,5,310450
U04618,2025-06,2,6,278700
U04618,2025-06,3,9,536000
U04618,2025-06,4,8,590000
U04618,2025-06,5,2,261000
U04618,2025-06,6,7,226100
U04618,2025-06,7,4,216200
U04618,2025-06,8,7,361250
U04618,2025-06,9,5,204250
U04618,2025-06,10,5,242000
U04618,2025-06,11,6,338000
U04618,2025-06,12,3,266000
U04622,2026-02,0,5,329400
U04622,2026-02,1,7,306000
U04622,2026-02,2,4,461200
U04622,2026-02,3,6,336000
U04622,2026-02,4,4,207600
U04623,2025-11,0,3,187000
U04625,2025-01,0,10,625300
U04625,2025-01,1,8,465700
U04625,2025-01,2,9,470700
U04625,2025-01,3,4,259000
U04625,2025-01,4,7,314300
U04625,2025-01,5,6,332400
U04625,2025-01,6,13,725600
U04625,2025-01,7,7,388900
U04625,2025-01,8,5,309000
U04628,2025-09,0,4,242000
U04628,2025-09,1,7,284300
U04630,2026-05,0,6,297100
U04631,2025-12,0,9,599200
U04632,2026-06,0,6,490000
U04633,2025-12,0,5,307850
U04634,2025-09,0,1,36000
U04634,2025-09,1,1,15000
U04636,2025-10,0,4,152000
U04638,2025-01,0,12,783700
U04638,2025-01,1,11,753000
U04638,2025-01,2,5,199000
U04639,2025-09,0,6,382800
U04639,2025-09,1,5,344750
U04639,2025-09,2,10,572500
U04640,2026-02,0,7,325950
U04643,2026-05,0,2,68000
U04643,2026-05,1,1,76000
U04644,2025-02,0,4,177000
U04646,2025-03,0,5,277700
U04646,2025-03,1,11,608800
U04646,2025-03,2,10,561850
U04646,2025-03,3,4,231000
U04648,2025-01,0,16,629400
U04648,2025-01,1,10,346100
U04650,2025-08,0,4,223000
U04650,2025-08,1,6,374000
U04650,2025-08,2,3,175500
U04650,2025-08,3,7,304600
U04650,2025-08,4,5,295400
U04654,2025-02,0,5,278000
U04658,2025-01,0,16,804000
U04658,2025-01,1,10,426200
U04658,2025-01,2,8,388200
U04658,2025-01,3,12,417100
U04658,2025-01,4,11,527100
U04659,2025-03,0,5,293000
U04659,2025-03,1,4,200400
U04659,2025-03,2,9,326800
U04661,2025-04,0,5,218850
U04662,2026-03,0,6,262200
U04664,2025-12,0,4,214400
U04664,2025-12,1,4,261000
U04664,2025-12,2,2,84000
U04666,2026-04,0,9,413000
U04668,2026-05,0,4,234000
U04668,2026-05,1,5,288950
U04669,2025-04,0,5,276000
U04672,2025-11,0,5,390500
U04672,2025-11,1,8,543700
U04672,2025-11,2,4,275000
U04673,2025-07,0,4,130000
U04674,2025-11,2,2,259000
U04674,2025-11,3,6,326150
U04674,2025-11,4,6,458000
U04674,2025-11,5,6,209700
U04674,2025-11,6,9,411350
U04674,2025-11,7,9,462000
U04676,2025-01,1,3,148300
U04676,2025-01,2,5,105000
U04676,2025-01,3,8,557400
U04677,2025-03,0,5,204000
U04678,2025-09,0,7,282700
U04678,2025-09,1,4,193000
U04678,2025-09,2,6,499400
U04678,2025-09,3,5,383500
U04680,2025-06,0,5,292000
U04680,2025-06,1,4,207600
U04680,2025-06,2,5,289000
U04680,2025-06,3,11,721200
U04680,2025-06,4,5,255300
U04681,2025-03,0,8,390000
U04684,2025-12,0,5,203350
U04685,2026-01,0,7,723950
U04685,2026-01,1,5,269500
U04687,2025-09,0,1,57000
U04688,2025-12,0,2,71000
U04688,2025-12,1,10,571000
U04688,2025-12,3,4,120750
U04688,2025-12,4,3,308550
U04691,2026-05,0,11,518400
U04691,2026-05,1,10,658900
U04692,2025-08,0,6,435500
U04692,2025-08,1,3,248000
U04693,2025-08,0,8,393200
U04693,2025-08,1,5,388000
U04693,2025-08,2,8,555300
U04695,2026-06,0,5,295750
U04697,2025-08,1,3,103000
U04697,2025-08,2,2,45000
U04699,2026-05,0,6,214000
U04699,2026-05,1,5,341200
U04701,2025-05,0,3,174000
U04701,2025-05,1,5,284000
U04703,2025-03,0,12,651150
U04703,2025-03,1,5,242200
U04704,2025-01,0,12,601450
U04705,2025-09,0,3,331000
U04705,2025-09,1,9,450600
U04706,2025-09,0,8,461000
U04706,2025-09,1,11,384650
U04708,2026-02,0,2,216000
U04709,2025-06,0,4,210500
U04710,2026-01,0,2,69600
U04710,2026-01,1,7,395000
U04710,2026-01,2,8,496000
U04712,2026-06,0,7,422400
U04713,2026-01,0,3,127000
U04713,2026-01,1,12,689800
U04713,2026-01,2,8,532000
U04713,2026-01,3,5,350650
U04713,2026-01,4,6,285200
U04713,2026-01,5,11,840700
U04714,2026-05,0,8,364000
U04714,2026-05,1,7,350000
U04715,2025-09,0,5,136100
U04716,2026-01,0,3,217000
U04718,2026-02,0,10,692000
U04718,2026-02,1,6,364700
U04718,2026-02,2,4,172500
U04718,2026-02,3,3,99500
U04719,2025-10,0,3,221000
U04720,2025-11,0,11,808400
U04722,2025-01,0,14,636000
U04722,2025-01,1,5,210250
U04723,2026-06,0,3,137700
U04724,2026-02,0,6,225200
U04725,2026-05,0,7,490850
U04725,2026-05,1,7,435300
U04726,2025-11,0,3,129000
U04726,2025-11,1,1,78000
U04726,2025-11,2,7,321000
U04726,2025-11,3,2,147000
U04727,2025-12,0,4,220300
U04728,2026-05,0,7,508000
U04729,2025-08,0,4,323000
U04729,2025-08,1,10,645450
U04729,2025-08,2,5,344000
U04731,2025-09,0,7,304000
U04731,2025-09,1,4,141000
U04731,2025-09,2,7,420000
U04732,2026-05,0,3,109000
U04733,2025-05,0,7,376150
U04734,2025-03,0,3,209000
U04734,2025-03,1,4,126000
U04735,2025-11,2,3,109000
U04735,2025-11,3,7,375000
U04736,2025-02,0,7,321000
U04737,2025-11,0,2,76000
U04737,2025-11,1,3,155000
U04737,2025-11,2,4,238000
U04737,2025-11,3,4,359300
U04739,2025-07,0,3,79000
U04741,2025-04,0,12,538900
U04743,2025-01,0,9,536500
U04743,2025-01,1,8,301000
U04743,2025-01,2,6,278000
U04743,2025-01,3,6,296400
U04744,2025-07,0,4,183800
U04744,2025-07,1,5,182900
U04745,2025-02,6,10,432100
U04745,2025-02,7,4,84000
U04745,2025-02,8,10,473400
U04745,2025-02,9,8,629550
U04745,2025-02,10,5,230000
U04745,2025-02,11,8,525000
U04745,2025-02,12,4,287300
U04745,2025-02,13,8,707000
U04745,2025-02,14,7,517250
U04745,2025-02,15,9,625300
U04745,2025-02,16,5,351000
U04748,2026-04,0,3,180400
U04749,2025-08,0,5,393000
U04749,2025-08,1,4,144000
U04752,2025-06,0,8,394000
U04753,2025-03,0,6,473000
U04755,2025-12,0,4,286000
U04755,2025-12,1,4,296000
U04755,2025-12,2,4,325200
U04755,2025-12,3,5,263000
U04755,2025-12,4,6,333600
U04755,2025-12,5,6,473600
U04755,2025-12,6,1,133000
U04756,2026-02,0,8,594000
U04757,2026-03,0,7,716000
U04757,2026-03,1,4,410700
U04761,2026-01,0,6,495000
U04763,2026-01,0,8,529600
U04763,2026-01,1,4,144800
U04764,2026-03,0,8,455250
U04766,2025-11,0,8,214000
U04766,2025-11,1,1,43000
U04766,2025-11,2,8,451000
U04766,2025-11,3,9,559500
U04766,2025-11,4,10,581500
U04767,2025-05,0,5,284550
U04767,2025-05,1,7,417000
U04767,2025-05,2,4,253000
U04767,2025-05,3,2,129000
U04767,2025-05,4,5,325000
U04768,2026-03,0,10,533050
U04768,2026-03,1,8,461800
U04769,2025-12,0,3,147000
U04769,2025-12,2,3,208000
U04769,2025-12,3,3,98000
U04770,2025-04,4,12,980450
U04770,2025-04,5,9,590000
U04770,2025-04,6,6,288000
U04770,2025-04,7,8,613000
U04770,2025-04,8,6,238500
U04770,2025-04,9,6,420250
U04770,2025-04,10,4,181000
U04772,2026-04,0,7,297000
U04772,2026-04,1,1,77000
U04772,2026-04,2,3,228700
U04775,2026-03,0,6,228000
U04775,2026-03,1,6,346400
U04775,2026-03,2,4,206000
U04775,2026-03,3,2,122000
U04779,2025-04,0,6,217100
U04779,2025-04,1,6,336000
U04779,2025-04,2,7,425000
U04779,2025-04,3,5,360200
U04779,2025-04,4,4,216000
U04779,2025-04,5,2,175000
U04779,2025-04,6,4,402500
U04779,2025-04,7,6,409400
U04779,2025-04,8,7,259150
U04781,2026-05,0,10,881700
U04782,2026-03,0,7,333000
U04783,2025-02,0,13,721900
U04783,2025-02,1,8,317200
U04784,2025-11,0,8,288000
U04784,2025-11,1,7,585650
U04785,2026-02,0,7,726000
U04785,2026-02,1,4,269000
U04785,2026-02,2,5,419300
U04785,2026-02,3,9,463400
U04787,2025-10,0,2,67000
U04787,2025-10,1,3,571000
U04788,2025-05,0,4,164250
U04789,2026-04,0,8,414750
U04789,2026-04,1,5,293500
U04789,2026-04,2,6,297700
U04791,2026-05,0,6,426750
U04792,2025-03,0,10,505200
U04792,2025-03,1,7,249850
U04793,2025-09,0,5,267950
U04793,2025-09,1,6,261000
U04795,2025-02,1,4,158500
U04796,2025-10,0,3,81600
U04797,2026-01,0,6,241000
U04797,2026-01,1,9,432650
U04797,2026-01,2,6,447800
U04797,2026-01,3,7,372000
U04798,2026-05,0,4,147000
U04799,2025-09,0,9,626300
U04800,2025-09,0,5,431500
U04800,2025-09,1,10,757100
U04800,2025-09,2,12,828000
U04800,2025-09,3,8,781600
U04800,2025-09,4,6,277350
U04800,2025-09,5,6,415400
U04800,2025-09,6,7,394600
U04802,2025-10,0,8,520650
U04804,2026-05,0,3,126000
U04804,2026-05,1,10,539100
U04805,2026-03,0,9,745600
U04805,2026-03,1,9,461750
U04805,2026-03,2,4,183000
U04805,2026-03,3,6,318350
U04806,2025-04,0,3,193250
U04807,2026-06,0,3,96000
U04808,2026-03,0,5,463100
U04808,2026-03,1,4,372000
U04808,2026-03,2,4,180500
U04808,2026-03,3,6,501000
U04810,2026-02,0,2,43200
U04811,2026-01,0,2,160000
U04812,2025-12,0,4,150150
U04812,2025-12,1,2,80500
U04812,2025-12,2,5,516000
U04812,2025-12,3,2,56100
U04812,2025-12,4,6,430000
U04812,2025-12,5,7,582000
U04812,2025-12,6,9,762000
U04814,2025-07,0,6,564750
U04814,2025-07,1,3,86000
U04814,2025-07,2,6,433200
U04814,2025-07,3,5,156000
U04814,2025-07,4,2,257000
U04814,2025-07,5,4,347000
U04814,2025-07,6,5,228100
U04814,2025-07,7,4,126000
U04814,2025-07,8,7,410000
U04815,2025-02,0,7,577900
U04818,2026-06,0,9,548050
U04819,2026-05,0,12,1189950
U04819,2026-05,1,2,107750
U04820,2025-07,1,7,305000
U04820,2025-07,2,6,432000
U04820,2025-07,3,7,478750
U04820,2025-07,4,7,255600
U04820,2025-07,5,8,362500
U04820,2025-07,6,3,194000
U04820,2025-07,7,7,441000
U04820,2025-07,8,5,163000
U04820,2025-07,9,2,127000
U04820,2025-07,10,4,192600
U04820,2025-07,11,8,411700
U04823,2025-09,0,5,361850
U04824,2026-02,0,4,210350
U04825,2026-05,0,6,480600
U04826,2025-10,0,3,114000
U04829,2025-07,0,2,61000
U04830,2026-04,0,5,271000
U04830,2026-04,1,2,286000
U04830,2026-04,2,6,292000
U04831,2026-05,0,5,281000
U04831,2026-05,1,4,252000
U04832,2025-12,0,7,283800
U04832,2025-12,1,8,510000
U04832,2025-12,2,7,469000
U04833,2025-05,0,6,309400
U04834,2025-08,0,9,495000
U04834,2025-08,1,5,304000
U04834,2025-08,2,2,56900
U04834,2025-08,3,5,234250
U04834,2025-08,4,9,739000
U04834,2025-08,5,6,353000
U04834,2025-08,6,1,25000
U04834,2025-08,7,7,360000
U04834,2025-08,8,6,349200
U04834,2025-08,9,4,317000
U04834,2025-08,10,5,300000
U04835,2025-10,0,5,267300
U04835,2025-10,1,4,196000
U04835,2025-10,2,5,313500
U04838,2025-12,0,3,270750
U04839,2025-04,0,4,212000
U04839,2025-04,1,7,333000
U04840,2025-06,0,3,156800
U04840,2025-06,1,2,92000
U04840,2025-06,2,6,372200
U04840,2025-06,3,4,159000
U04840,2025-06,4,6,212000
U04840,2025-06,5,9,461000
U04840,2025-06,6,3,301800
U04840,2025-06,7,4,221000
U04840,2025-06,8,9,530750
U04840,2025-06,9,3,91200
U04840,2025-06,10,6,330000
U04840,2025-06,11,2,75000
U04840,2025-06,12,4,156000
U04842,2025-12,0,6,256000
U04844,2025-03,0,7,407000
U04846,2025-07,0,4,237100
U04847,2025-06,0,6,402100
U04847,2025-06,1,13,542750
U04847,2025-06,2,9,419550
U04847,2025-06,3,3,295000
U04847,2025-06,4,9,569000
U04847,2025-06,5,6,323500
U04847,2025-06,6,8,618000
U04847,2025-06,7,4,193000
U04847,2025-06,8,8,294000
U04847,2025-06,9,5,426700
U04847,2025-06,10,7,381000
U04847,2025-06,11,8,504100
U04847,2025-06,12,2,127700
U04848,2026-03,0,7,714350
U04849,2026-01,0,7,226200
U04849,2026-01,1,4,324600
U04849,2026-01,2,6,275000
U04850,2025-03,0,4,257800
U04851,2025-01,1,5,225000
U04851,2025-01,2,7,232000
U04851,2025-01,3,10,541200
U04853,2026-03,0,2,39000
U04853,2026-03,1,5,212000
U04855,2026-02,0,10,585050
U04855,2026-02,1,4,358000
U04855,2026-02,2,6,419100
U04855,2026-02,3,9,433000
U04856,2026-02,0,2,100900
U04856,2026-02,1,4,137600
U04857,2025-09,0,6,444000
U04860,2026-03,0,8,355800
U04861,2025-09,0,1,18000
U04861,2025-09,1,4,427700
U04862,2025-05,0,2,111000
U04863,2025-12,0,6,430400
U04863,2025-12,1,9,580000
U04863,2025-12,3,4,91000
U04863,2025-12,4,5,416450
U04863,2025-12,5,5,170500
U04863,2025-12,6,6,544000
U04864,2025-04,0,9,555000
U04864,2025-04,1,9,459600
U04865,2025-03,0,4,98850
U04866,2025-02,0,5,228300
U04866,2025-02,1,8,444000
U04867,2026-04,0,3,106000
U04868,2025-11,0,5,294000
U04868,2025-11,1,2,187000
U04869,2025-05,0,5,141000
U04869,2025-05,1,2,184000
U04869,2025-05,2,8,447000
U04869,2025-05,3,9,416400
U04869,2025-05,4,6,181000
U04869,2025-05,5,8,434500
U04869,2025-05,6,6,318100
U04869,2025-05,7,8,501500
U04869,2025-05,8,8,312250
U04869,2025-05,9,6,570900
U04870,2026-01,0,5,168700
U04871,2025-02,0,4,174000
U04872,2025-12,1,6,326000
U04873,2025-09,0,1,25000
U04874,2026-05,0,9,504250
U04875,2025-10,0,2,101600
U04875,2025-10,1,7,431000
U04877,2025-11,0,4,276000
U04878,2025-02,0,5,203200
U04878,2025-02,1,7,382200
U04882,2025-04,0,4,264000
U04882,2025-04,1,9,469200
U04882,2025-04,2,6,547350
U04882,2025-04,3,8,624000
U04882,2025-04,4,6,191250
U04882,2025-04,5,4,76200
U04882,2025-04,6,7,475000
U04883,2025-09,0,7,356250
U04883,2025-09,1,4,155000
U04884,2026-01,0,3,147300
U04886,2026-02,0,3,128000
U04886,2026-02,1,2,96000
U04886,2026-02,2,7,204500
U04886,2026-02,3,3,266000
U04886,2026-02,4,4,255000
U04887,2025-11,0,2,292000
U04889,2026-04,0,8,437250
U04890,2025-05,0,3,123700
U04891,2025-02,0,6,251000
U04891,2025-02,1,4,161000
U04893,2025-02,0,5,255250
U04894,2025-12,1,3,100000
U04894,2025-12,2,5,345700
U04896,2025-04,0,2,146000
U04897,2026-05,0,8,321000
U04897,2026-05,1,6,314500
U04898,2025-10,3,4,211500
U04898,2025-10,4,6,506000
U04898,2025-10,5,7,348700
U04898,2025-10,6,8,379200
U04899,2025-11,0,6,367000
U04900,2025-05,0,5,282950
U04900,2025-05,1,3,204500
U04900,2025-05,2,4,169000
U04901,2025-11,0,2,52000
U04902,2026-02,0,3,469000
U04902,2026-02,1,2,87300
U04902,2026-02,2,3,144400
U04902,2026-02,3,4,250000
U04903,2025-11,0,8,639000
U04903,2025-11,1,2,98000
U04903,2025-11,2,3,133800
U04903,2025-11,3,3,102600
U04903,2025-11,4,3,93200
U04903,2025-11,5,2,96000
U04903,2025-11,6,1,49000
U04903,2025-11,7,4,299400
U04904,2025-10,0,4,298000
U04904,2025-10,1,11,840500
U04904,2025-10,2,3,252900
U04907,2025-03,0,4,194000
U04908,2025-10,0,5,187000
U04910,2025-07,0,6,354600
U04910,2025-07,1,3,141000
U04910,2025-07,2,3,211000
U04910,2025-07,3,5,214000
U04910,2025-07,4,4,329300
U04910,2025-07,5,3,160700
U04910,2025-07,6,2,100000
U04910,2025-07,7,6,532000
U04910,2025-07,8,3,123400
U04913,2026-03,0,1,24000
U04913,2026-03,1,4,323000
U04913,2026-03,2,1,47000
U04913,2026-03,3,8,337000
U04914,2025-01,0,14,727800
U04914,2025-01,1,9,432250
U04914,2025-01,2,8,536850
U04915,2025-11,0,4,261000
U04915,2025-11,1,5,254100
U04917,2025-05,0,3,82000
U04918,2025-06,0,8,461800
U04918,2025-06,1,10,825000
U04918,2025-06,2,2,76000
U04922,2026-01,0,2,246000
U04922,2026-01,1,6,247000
U04923,2026-05,0,1,56700
U04923,2026-05,1,6,323500
U04926,2025-11,0,3,201000
U04927,2025-09,0,5,192900
U04929,2025-09,1,7,326700
U04929,2025-09,2,3,240000
U04929,2025-09,3,4,240000
U04929,2025-09,4,9,623600
U04929,2025-09,5,2,74000
U04929,2025-09,6,2,84000
U04929,2025-09,7,2,148000
U04929,2025-09,8,9,535000
U04929,2025-09,9,5,460000
U04932,2025-05,0,4,249000
U04934,2025-09,0,5,260250
U04934,2025-09,1,3,270000
U04934,2025-09,2,2,112000
U04935,2025-06,0,7,476800
U04936,2025-07,0,4,175000
U04937,2026-03,0,5,209200
U04937,2026-03,1,5,418000
U04937,2026-03,2,4,235550
U04937,2026-03,3,8,380000
U04938,2025-05,0,8,316600
U04939,2026-04,0,6,497450
U04939,2026-04,1,5,411000
U04939,2026-04,2,5,159350
U04943,2026-04,0,3,227000
U04943,2026-04,1,4,272000
U04944,2026-01,0,2,132000
U04944,2026-01,1,10,511800
U04945,2026-02,0,11,372000
U04946,2025-07,1,6,595000
U04946,2025-07,2,4,261500
U04946,2025-07,3,8,468000
U04946,2025-07,4,5,310000
U04946,2025-07,5,8,404000
U04946,2025-07,6,8,511000
U04946,2025-07,7,7,421000
U04946,2025-07,8,6,209000
U04946,2025-07,9,7,338300
U04946,2025-07,10,5,310850
U04946,2025-07,11,5,206000
U04947,2025-03,0,6,341000
U04949,2025-03,1,5,227000
U04950,2026-05,0,12,852000
U04950,2026-05,1,8,623450
U04951,2026-03,0,2,183050
U04951,2026-03,1,3,87000
U04952,2026-02,0,2,61000
U04952,2026-02,1,3,299000
U04952,2026-02,2,2,57000
U04953,2025-08,0,3,152400
U04954,2025-07,0,7,327000
U04955,2025-10,0,4,256000
U04955,2025-10,1,7,273700
U04956,2025-11,0,6,280000
U04956,2025-11,1,5,340000
U04956,2025-11,2,2,203000
U04958,2026-02,0,5,482000
U04958,2026-02,1,5,377500
U04961,2026-03,0,4,211250
U04961,2026-03,1,8,294000
U04961,2026-03,2,6,343200
U04962,2025-10,0,6,588800
U04962,2025-10,1,7,435350
U04963,2025-05,0,3,100000
U04965,2025-08,0,3,185800
U04965,2025-08,1,3,111000
U04966,2025-09,0,5,210250
U04966,2025-09,1,6,354450
U04966,2025-09,2,6,377000
U04966,2025-09,3,5,249250
U04967,2026-03,0,7,333250
U04967,2026-03,1,8,391800
U04967,2026-03,2,2,119000
U04968,2025-08,0,9,515200
U04968,2025-08,1,6,236200
U04970,2025-05,0,8,257400
U04970,2025-05,1,12,456600
U04970,2025-05,2,5,238550
U04971,2026-04,0,4,231000
U04971,2026-04,1,3,156000
U04971,2026-04,2,9,411000
U04972,2025-05,0,3,97500
U04972,2025-05,1,10,537900
U04975,2026-02,0,11,633700
U04975,2026-02,1,6,200400
U04975,2026-02,2,7,403250
U04975,2026-02,3,4,152900
U04975,2026-02,4,8,331200
U04976,2025-02,0,9,463000
U04976,2025-02,1,6,415850
U04976,2025-02,2,3,147500
U04977,2025-05,0,5,306750
U04977,2025-05,1,7,389000
U04977,2025-05,2,3,131000
U04978,2025-01,0,10,371950
U04978,2025-01,1,4,275000
U04981,2025-10,0,6,361500
U04981,2025-10,1,6,426300
U04981,2025-10,2,8,571800
U04981,2025-10,3,9,470000
U04981,2025-10,4,2,41500
U04981,2025-10,5,4,177500
U04981,2025-10,6,8,504700
U04981,2025-10,7,9,585500
U04983,2025-11,0,6,465000
U04989,2025-08,0,1,113050
U04991,2025-12,0,6,343500
U04991,2025-12,1,4,119000
U04992,2026-04,0,2,136000
U04992,2026-04,1,9,577750
U04992,2026-04,2,2,72800
U04994,2025-05,0,10,479000
U04995,2026-02,0,3,207800
U04995,2026-02,1,7,329950
U04995,2026-02,2,6,506000
U04995,2026-02,3,4,329950
U04995,2026-02,4,2,86000
U04996,2026-06,0,7,599250
U04998,2025-08,0,12,1109850
U04998,2025-08,1,1,89000
U04998,2025-08,2,8,344950
U04998,2025-08,3,5,336250
U04999,2025-05,0,5,286000
U04999,2025-05,1,7,444000
U05000,2025-12,0,3,158000
U05000,2025-12,2,5,248750
U05000,2025-12,3,4,125000
U05000,2025-12,4,11,580000
U05000,2025-12,5,5,401000
U05000,2025-12,6,4,355000
U05001,2026-03,0,2,148600
U05001,2026-03,1,3,119000
U05001,2026-03,2,8,468750
U05001,2026-03,3,4,291200
U05002,2025-06,0,4,333000
U05003,2025-02,0,10,405550
U05003,2025-02,1,7,352850
U05003,2025-02,2,8,549000
U05003,2025-02,3,4,94000
U05004,2025-04,0,8,427500
U05004,2025-04,1,7,329500
U05004,2025-04,2,5,299000
U05004,2025-04,3,5,249000
U05004,2025-04,4,5,255000
U05004,2025-04,5,4,194000
U05004,2025-04,6,3,472100
U05005,2025-09,0,5,277300
U05009,2026-04,0,5,364000
U05009,2026-04,1,3,202250
U05009,2026-04,2,12,717250
U05013,2025-07,0,4,72000
U05013,2025-07,1,7,216500
U05014,2026-01,0,5,498300
U05014,2026-01,1,6,295000
U05014,2026-01,2,3,143100
U05015,2026-02,0,4,352500
U05015,2026-02,1,6,324000
U05015,2026-02,2,4,210000
U05015,2026-02,3,7,379000
U05015,2026-02,4,7,512600
U05016,2025-08,0,6,616550
U05017,2026-03,0,5,188600
U05018,2025-03,0,5,187000
U05018,2025-03,1,5,206000
U05018,2025-03,2,7,232250
U05021,2025-02,0,8,466000
U05022,2025-03,0,6,192000
U05024,2026-05,0,4,105000
U05024,2026-05,1,15,861600
U05025,2026-04,0,3,267000
U05025,2026-04,1,2,61000
U05025,2026-04,2,2,73350
U05027,2026-06,0,7,264000
U05028,2025-11,0,9,571100
U05028,2025-11,1,4,139500
U05028,2025-11,2,6,369400
U05029,2025-03,0,7,369150
U05029,2025-03,1,1,21600
U05029,2025-03,2,7,363700
U05031,2025-09,0,4,175550
U05031,2025-09,1,4,353050
U05031,2025-09,2,7,227200
U05031,2025-09,3,2,50100
U05032,2025-09,0,5,403000
U05033,2025-09,0,6,462000
U05035,2025-05,0,6,278150
U05035,2025-05,1,3,249000
U05036,2026-06,0,7,331000
U05037,2025-07,0,4,319000
U05037,2025-07,1,3,88100
U05037,2025-07,2,7,361900
U05039,2026-01,0,5,233200
U05039,2026-01,1,7,282000
U05039,2026-01,2,4,264000
U05040,2025-12,0,4,248000
U05040,2025-12,1,5,468600
U05041,2025-12,0,3,131000
U05042,2025-03,0,6,380800
U05044,2025-08,0,2,63000
U05046,2025-03,0,7,497550
U05046,2025-03,1,3,138600
U05046,2025-03,2,10,516900
U05046,2025-03,3,3,133000
U05047,2025-02,0,8,402000
U05047,2025-02,1,9,400300
U05049,2026-03,0,8,361900
U05049,2026-03,1,3,159000
U05050,2026-06,0,9,575000
U05051,2025-01,0,6,288000
U05051,2025-01,1,8,384100
U05051,2025-01,2,5,253000
U05051,2025-01,3,8,362300
U05051,2025-01,4,1,50000
U05051,2025-01,5,2,208000
U05054,2026-01,0,6,364000
U05054,2026-01,1,4,376000
U05054,2026-01,2,8,679500
U05054,2026-01,3,5,214400
U05054,2026-01,5,8,206250
U05056,2025-02,0,8,485500
U05057,2025-05,0,4,261000
U05057,2025-05,1,3,57000
U05057,2025-05,2,8,716000
U05057,2025-05,3,4,186000
U05057,2025-05,4,9,388000
U05058,2025-05,0,2,183000
U05059,2026-05,0,13,631250
U05061,2025-05,0,11,607050
U05061,2025-05,1,2,83000
U05061,2025-05,2,5,484000
U05061,2025-05,3,6,229000
U05061,2025-05,4,7,477400
U05062,2025-04,0,5,247000
U05062,2025-04,1,7,296550
U05063,2026-02,0,7,444000
U05063,2026-02,1,3,244000
U05063,2026-02,2,2,51500
U05063,2026-02,3,5,390000
U05063,2026-02,4,6,539000
U05064,2025-03,0,8,477800
U05064,2025-03,1,9,483600
U05066,2025-12,0,4,154250
U05066,2025-12,1,4,258000
U05066,2025-12,2,5,274600
U05066,2025-12,3,5,230050
U05066,2025-12,4,7,665000
U05070,2025-11,0,5,457000
U05070,2025-11,1,3,89000
U05070,2025-11,2,8,391400
U05070,2025-11,3,6,377200
U05070,2025-11,4,5,386000
U05070,2025-11,5,8,537500
U05070,2025-11,6,3,162000
U05078,2025-10,0,3,185300
U05079,2026-03,0,7,530300
U05079,2026-03,1,3,88500
U05080,2026-04,0,8,487000
U05080,2026-04,1,3,219900
U05081,2025-11,0,4,134350
U05081,2025-11,1,3,86250
U05081,2025-11,2,4,308000
U05081,2025-11,3,5,138000
U05081,2025-11,4,8,333000
U05081,2025-11,5,3,78000
U05083,2025-02,0,7,365450
U05083,2025-02,1,6,258000
U05084,2026-01,0,5,450000
U05085,2025-09,0,4,240000
U05085,2025-09,1,7,279000
U05086,2025-10,0,3,79000
U05086,2025-10,1,3,88000
U05088,2026-03,0,1,123000
U05088,2026-03,1,6,339800
U05088,2026-03,2,3,399000
U05088,2026-03,3,5,280000
U05089,2025-04,0,7,295200
U05091,2025-08,0,9,483000
U05093,2025-03,0,1,44000
U05094,2025-02,0,8,335000
U05094,2025-02,1,5,366000
U05094,2025-02,2,6,389150
U05094,2025-02,3,1,54000
U05095,2025-05,0,5,485250
U05095,2025-05,1,1,30000
U05095,2025-05,2,6,301000
U05096,2025-08,0,8,412100
U05096,2025-08,1,3,225000
U05098,2025-12,0,2,136200
U05098,2025-12,1,6,342100
U05098,2025-12,2,8,438200
U05098,2025-12,3,7,284000
U05098,2025-12,4,5,282000
U05098,2025-12,5,7,480900
U05098,2025-12,6,5,362800
U05099,2026-06,0,3,303200
U05101,2025-03,0,6,383000
U05101,2025-03,1,5,207250
U05101,2025-03,2,5,442000
U05103,2025-09,0,2,107000
U05103,2025-09,1,1,36000
U05103,2025-09,2,6,309500
U05104,2025-10,0,8,337650
U05105,2025-09,0,2,158000
U05105,2025-09,1,4,558450
U05107,2025-11,0,5,201300
U05108,2025-06,0,5,329850
U05108,2025-06,1,3,495000
U05108,2025-06,2,1,56000
U05111,2025-08,0,10,603800
U05111,2025-08,1,6,274650
U05111,2025-08,2,5,279550
U05111,2025-08,3,9,477400
U05111,2025-08,4,7,360200
U05111,2025-08,5,7,651900
U05111,2025-08,6,8,494000
U05113,2026-03,0,8,446000
U05117,2025-07,0,4,124400
U05117,2025-07,1,4,462500
U05117,2025-07,2,6,411050
U05118,2026-01,0,8,538000
U05119,2026-01,0,11,891000
U05119,2026-01,1,4,555300
U05119,2026-01,2,4,195000
U05119,2026-01,3,8,499200
U05119,2026-01,4,6,512400
U05119,2026-01,5,8,415200
U05120,2025-10,0,4,474000
U05120,2025-10,1,5,260200
U05122,2026-02,0,5,224250
U05123,2025-06,0,6,300000
U05125,2025-03,0,8,302000
U05125,2025-03,1,8,544000
U05126,2026-01,0,6,329000
U05126,2026-01,1,6,277000
U05126,2026-01,2,3,66750
U05128,2025-11,0,7,445500
U05129,2026-05,0,1,65000
U05129,2026-05,1,7,346250
U05130,2025-06,2,10,374450
U05130,2025-06,3,4,100000
U05130,2025-06,4,8,689750
U05131,2025-02,0,3,120000
U05133,2026-01,0,6,202600
U05135,2025-05,3,6,261850
U05137,2025-04,0,10,489150
U05137,2025-04,1,8,431000
U05137,2025-04,2,5,258000
U05137,2025-04,3,2,37000
U05139,2025-08,0,7,282000
U05139,2025-08,1,5,336600
U05139,2025-08,2,8,699000
U05140,2026-05,0,6,292950
U05140,2026-05,1,6,227000
U05141,2025-02,0,2,133000
U05141,2025-02,1,12,540000
U05142,2026-05,0,5,196000
U05143,2025-04,0,7,448000
U05143,2025-04,1,7,399000
U05143,2025-04,2,1,131000
U05143,2025-04,3,4,246000
U05143,2025-04,4,4,120000
U05144,2025-11,0,4,370600
U05144,2025-11,1,5,305600
U05145,2026-03,1,2,98000
U05145,2026-03,2,4,265000
U05145,2026-03,3,7,376900
U05146,2025-04,0,7,292600
U05147,2025-07,0,2,46900
U05147,2025-07,1,6,344500
U05147,2025-07,2,6,384450
U05147,2025-07,3,8,715800
U05147,2025-07,4,6,207400
U05147,2025-07,5,2,80000
U05147,2025-07,6,5,175300
U05147,2025-07,7,6,382000
U05147,2025-07,8,5,315500
U05147,2025-07,9,6,300600
U05147,2025-07,10,3,195800
U05147,2025-07,11,5,264850
U05148,2025-01,0,11,551650
U05150,2025-10,0,13,869650
U05152,2025-05,0,10,437800
U05152,2025-05,1,2,100800
U05152,2025-05,2,9,529250
U05153,2025-01,1,5,192000
U05154,2025-06,0,4,214850
U05154,2025-06,1,5,279500
U05155,2025-01,0,13,663300
U05155,2025-01,1,9,405600
U05155,2025-01,2,11,431100
U05155,2025-01,3,6,299550
U05155,2025-01,4,4,177000
U05155,2025-01,5,4,398900
U05155,2025-01,6,9,409000
U05155,2025-01,7,6,366000
U05155,2025-01,8,5,296900
U05155,2025-01,9,5,214950
U05155,2025-01,10,4,197500
U05155,2025-01,11,9,503500
U05155,2025-01,12,5,330000
U05155,2025-01,13,8,332750
U05157,2025-11,0,6,314800
U05158,2025-03,0,4,139200
U05158,2025-03,1,3,157000
U05159,2025-05,0,10,429500
U05160,2025-11,0,5,213100
U05160,2025-11,1,4,207000
U05161,2026-03,0,5,155450
U05163,2026-05,0,11,345600
U05166,2025-10,0,9,536800
U05167,2025-02,0,3,161000
U05167,2025-02,1,4,237500
U05167,2025-02,2,4,285750
U05167,2025-02,3,5,350700
U05167,2025-02,4,9,521550
U05167,2025-02,5,10,522000
U05167,2025-02,6,2,181000
U05167,2025-02,7,5,365100
U05168,2026-01,0,8,458100
U05168,2026-01,1,4,335600
U05168,2026-01,2,8,467300
U05169,2025-06,0,8,450350
U05170,2025-08,0,2,142000
U05170,2025-08,1,2,52800
U05172,2025-06,0,5,180500
U05173,2025-01,0,7,260000
U05174,2025-03,0,8,429200
U05175,2025-05,8,2,107000
U05175,2025-05,9,9,612300
U05175,2025-05,10,10,602550
U05175,2025-05,11,7,391900
U05175,2025-05,12,3,232700
U05175,2025-05,13,7,509000
U05176,2026-05,0,7,281800
U05177,2025-03,0,5,208000
U05179,2025-11,0,7,392000
U05180,2025-04,0,8,346500
U05182,2025-01,1,7,286000
U05182,2025-01,2,4,254000
U05182,2025-01,3,7,298000
U05182,2025-01,4,5,218000
U05182,2025-01,5,2,231000
U05182,2025-01,6,4,408450
U05182,2025-01,7,6,221850
U05182,2025-01,8,3,69000
U05182,2025-01,9,5,290500
U05182,2025-01,10,3,105000
U05183,2025-05,0,4,165000
U05183,2025-05,1,5,359000
U05183,2025-05,2,7,473250
U05184,2025-05,0,5,146100
U05185,2025-11,0,5,311000
U05187,2025-10,0,9,637850
U05187,2025-10,2,1,24000
U05187,2025-10,3,5,261000
U05187,2025-10,4,6,549050
U05188,2025-04,9,4,93100
U05188,2025-04,10,4,238800
U05189,2025-02,0,9,395300
U05189,2025-02,1,7,524000
U05190,2025-12,0,4,158800
U05190,2025-12,1,1,25000
U05190,2025-12,2,4,162000
U05190,2025-12,3,3,104450
U05190,2025-12,4,6,325000
U05190,2025-12,5,3,111300
U05190,2025-12,6,5,249500
U05191,2026-06,0,5,334000
U05193,2026-05,0,4,214000
U05193,2026-05,1,5,141000
U05194,2025-07,0,7,488000
U05194,2025-07,1,5,440000
U05194,2025-07,2,3,85000
U05195,2026-06,0,6,707550
U05197,2026-05,0,4,415000
U05197,2026-05,1,5,229600
U05200,2025-05,0,8,288000
U05200,2025-05,1,7,391900
U05201,2025-10,0,7,274950
U05202,2025-07,0,4,235500
U05203,2025-10,0,6,259000
U05203,2025-10,1,9,504800
U05204,2026-01,0,1,22000
U05205,2025-07,0,7,606000
U05205,2025-07,1,8,438300
U05205,2025-07,2,3,260000
U05205,2025-07,3,3,220900
U05205,2025-07,4,4,165300
U05205,2025-07,5,2,58000
U05205,2025-07,6,3,334900
U05205,2025-07,7,4,268550
U05205,2025-07,8,5,384900
U05205,2025-07,9,6,403200
U05205,2025-07,10,6,350000
U05205,2025-07,11,1,80000
U05206,2025-09,0,2,45000
U05206,2025-09,1,4,157000
U05207,2026-02,0,2,172000
U05208,2026-04,0,8,707000
U05211,2026-04,0,13,724750
U05211,2026-04,1,6,299000
U05212,2025-11,0,6,314500
U05214,2025-08,0,5,280600
U05214,2025-08,1,5,287000
U05216,2025-10,0,3,174000
U05217,2026-05,0,2,166000
U05217,2026-05,1,6,299000
U05218,2025-08,0,5,376300
U05219,2026-02,0,10,656000
U05221,2025-03,0,7,417950
U05221,2025-03,1,8,294150
U05222,2025-06,0,4,435700
U05222,2025-06,1,3,145000
U05223,2025-05,0,5,198450
U05224,2025-04,4,6,297750
U05224,2025-04,5,4,195300
U05226,2026-06,0,7,355050
U05227,2025-12,0,1,25000
U05227,2025-12,1,6,541000
U05227,2025-12,2,5,228400
U05230,2025-01,0,16,881050
U05232,2025-03,0,6,298200
U05233,2026-03,0,2,101000
U05234,2025-08,0,2,162000
U05234,2025-08,1,1,33000
U05234,2025-08,2,9,625700
U05234,2025-08,3,9,470000
U05234,2025-08,4,5,316700
U05234,2025-08,5,3,277000
U05234,2025-08,6,8,420500
U05234,2025-08,7,6,307000
U05234,2025-08,8,5,354700
U05236,2025-10,0,8,415000
U05236,2025-10,1,6,245500
U05236,2025-10,2,2,53000
U05236,2025-10,3,4,291000
U05236,2025-10,4,6,324300
U05237,2025-09,0,4,247000
U05238,2025-06,0,5,324000
U05238,2025-06,1,6,318300
U05238,2025-06,2,2,109000
U05244,2025-03,0,12,466750
U05245,2025-01,0,8,451000
U05246,2025-08,0,4,301000
U05246,2025-08,1,3,72750
U05247,2025-03,10,4,112500
U05247,2025-03,11,8,390100
U05247,2025-03,12,8,312700
U05247,2025-03,13,7,417200
U05247,2025-03,14,6,205900
U05248,2025-08,0,1,75000
U05249,2026-02,0,6,585000
U05249,2026-02,1,4,144000
U05249,2026-02,2,7,377000
U05250,2025-10,0,3,166100
U05250,2025-10,1,2,66000
U05250,2025-10,2,4,215000
U05250,2025-10,3,5,506000
U05250,2025-10,4,3,193900
U05251,2025-05,0,3,153000
U05253,2026-05,0,6,276000
U05253,2026-05,1,4,264000
U05256,2025-07,0,3,225000
U05256,2025-07,1,3,172000
U05256,2025-07,2,7,644550
U05257,2026-04,0,5,143800
U05257,2026-04,1,4,345800
U05257,2026-04,2,12,892000
U05258,2025-04,0,4,235000
U05259,2026-03,0,4,290250
U05259,2026-03,1,2,69000
U05259,2026-03,2,1,50000
U05259,2026-03,3,7,382000
U05261,2025-10,0,4,230500
U05263,2025-10,0,9,482000
U05263,2025-10,1,6,380000
U05263,2025-10,2,2,41750
U05263,2025-10,3,7,336000
U05263,2025-10,4,3,234100
U05263,2025-10,5,5,183350
U05263,2025-10,6,5,433350
U05264,2026-06,0,4,398000
U05265,2026-02,0,7,308600
U05266,2025-09,0,2,55000
U05266,2025-09,1,5,245000
U05266,2025-09,2,4,372850
U05266,2025-09,3,4,146000
U05266,2025-09,4,6,329300
U05267,2025-05,0,13,627450
U05267,2025-05,1,4,322000
U05267,2025-05,2,1,25000
U05267,2025-05,3,6,440000
U05267,2025-05,4,6,162700
U05267,2025-05,5,8,380550
U05268,2025-09,0,4,182000
U05268,2025-09,1,2,156000
U05268,2025-09,2,2,105000
U05268,2025-09,3,2,69000
U05268,2025-09,4,4,262000
U05268,2025-09,5,2,128000
U05268,2025-09,6,3,180750
U05268,2025-09,7,5,280000
U05268,2025-09,8,10,644000
U05268,2025-09,9,2,48000
U05270,2025-05,0,5,213000
U05271,2025-05,0,3,117000
U05272,2025-08,0,5,356000
U05272,2025-08,1,3,206450
U05272,2025-08,2,2,93000
U05272,2025-08,3,4,255400
U05272,2025-08,4,2,155000
U05272,2025-08,5,2,112600
U05272,2025-08,6,1,61200
U05272,2025-08,7,3,86000
U05272,2025-08,8,5,269300
U05273,2025-12,0,3,91000
U05273,2025-12,1,4,409000
U05277,2025-05,0,3,170600
U05279,2026-06,0,8,464900
U05280,2026-05,0,3,131000
U05281,2025-11,0,6,217000
U05281,2025-11,1,5,253000
U05283,2025-04,0,7,240100
U05287,2025-04,0,9,352800
U05289,2025-03,0,4,126200
U05289,2025-03,1,6,207100
U05290,2025-10,0,5,438350
U05290,2025-10,1,3,162000
U05291,2026-01,0,6,352400
U05291,2026-01,1,7,487750
U05292,2025-07,0,7,444550
U05293,2025-07,0,4,150000
U05294,2025-03,0,8,349350
U05294,2025-03,1,10,483000
U05294,2025-03,2,6,298750
U05294,2025-03,3,5,287000
U05294,2025-03,4,3,159000
U05294,2025-03,5,5,289000
U05295,2025-05,0,6,241250
U05295,2025-05,1,4,188000
U05295,2025-05,2,2,90000
U05295,2025-05,3,4,228000
U05295,2025-05,4,5,305300
U05295,2025-05,5,5,197150
U05295,2025-05,6,3,267000
U05295,2025-05,7,5,205100
U05295,2025-05,8,5,330800
U05296,2025-08,0,3,108000
U05297,2025-01,0,14,730500
U05297,2025-01,1,4,157000
U05297,2025-01,2,6,308000
U05299,2026-03,0,7,949000
U05300,2026-01,0,5,290200
U05306,2025-11,0,6,394150
U05308,2025-09,0,8,496300
U05308,2025-09,1,9,531600
U05308,2025-09,2,8,352600
U05308,2025-09,3,5,183000
U05309,2025-05,0,9,573500
U05309,2025-05,1,3,58000
U05309,2025-05,2,5,322000
U05309,2025-05,3,10,691700
U05309,2025-05,4,2,80000
U05310,2025-08,0,5,401000
U05311,2025-05,0,3,147400
U05311,2025-05,1,3,174000
U05311,2025-05,2,7,373250
U05311,2025-05,3,7,321750
U05311,2025-05,4,2,180000
U05311,2025-05,5,8,476000
U05311,2025-05,6,10,557850
U05311,2025-05,7,3,174000
U05311,2025-05,8,4,184000
U05311,2025-05,9,9,460000
U05311,2025-05,10,3,239000
U05311,2025-05,11,6,523000
U05311,2025-05,12,3,290000
U05312,2025-11,0,6,472950
U05312,2025-11,1,4,182000
U05314,2025-08,0,3,168700
U05314,2025-08,1,5,314000
U05314,2025-08,2,3,262500
U05314,2025-08,3,9,453000
U05314,2025-08,4,6,474000
U05314,2025-08,5,2,97000
U05314,2025-08,6,6,589850
U05314,2025-08,7,3,125600
U05314,2025-08,8,3,152700
U05314,2025-08,9,6,200100
U05314,2025-08,10,3,344000
U05315,2025-10,0,4,467000
U05316,2025-12,0,7,434050
U05317,2025-06,0,8,463500
U05317,2025-06,1,2,130500
U05318,2026-05,0,12,1006150
U05319,2026-01,0,10,571850
U05319,2026-01,1,7,346600
U05319,2026-01,2,10,503200
U05321,2025-10,0,4,242500
U05321,2025-10,1,6,189000
U05322,2025-12,0,5,191500
U05322,2025-12,1,4,433000
U05324,2025-06,0,4,337000
U05324,2025-06,1,4,296000
U05324,2025-06,2,4,229100
U05324,2025-06,3,4,163600
U05324,2025-06,4,4,247000
U05324,2025-06,5,8,526000
U05324,2025-06,6,9,750500
U05324,2025-06,7,8,386000
U05324,2025-06,8,5,584800
U05324,2025-06,9,5,215000
U05324,2025-06,10,6,458500
U05326,2025-06,0,8,454500
U05326,2025-06,1,4,143000
U05327,2025-08,0,2,210850
U05330,2025-11,0,7,188350
U05331,2026-03,0,7,232750
U05331,2026-03,1,8,358900
U05332,2025-06,0,7,545250
U05332,2025-06,1,8,370600
U05332,2025-06,2,7,386350
U05336,2026-05,0,8,613500
U05336,2026-05,1,10,469550
U05337,2025-08,0,3,244000
U05338,2025-07,0,5,342400
U05338,2025-07,1,6,361000
U05339,2026-05,0,5,211200
U05340,2025-05,0,8,538000
U05340,2025-05,1,9,571000
U05342,2025-05,0,7,265000
U05342,2025-05,1,5,194000
U05343,2025-10,0,4,487900
U05344,2025-12,0,3,91000
U05344,2025-12,1,5,266000
U05344,2025-12,2,2,61000
U05344,2025-12,3,5,307550
U05344,2025-12,4,5,373900
U05344,2025-12,5,5,356000
U05344,2025-12,6,2,151400
U05345,2025-12,0,10,429000
U05346,2025-10,0,4,166000
U05347,2025-08,0,5,327300
U05347,2025-08,1,5,357000
U05348,2025-11,0,5,237000
U05349,2025-06,0,2,114000
U05349,2025-06,1,7,385450
U05351,2026-05,0,3,259600
U05351,2026-05,1,11,808200
U05353,2026-06,0,4,246000
U05354,2025-06,0,4,270000
U05354,2025-06,1,9,492150
U05356,2025-02,0,6,340000
U05356,2025-02,1,9,380500
U05356,2025-02,2,12,832000
U05357,2025-02,0,8,435000
U05359,2026-04,0,4,504600
U05360,2026-05,0,7,436900
U05360,2026-05,1,2,296000
U05362,2025-04,0,5,268000
U05362,2025-04,1,10,445000
U05364,2025-03,0,10,547800
U05365,2026-02,0,6,417450
U05365,2026-02,1,2,87000
U05365,2026-02,2,6,194500
U05365,2026-02,3,3,193600
U05367,2026-03,0,8,390750
U05367,2026-03,1,7,658900
U05367,2026-03,2,6,307100
U05367,2026-03,3,8,726300
U05368,2026-04,0,3,474000
U05369,2025-05,0,8,524800
U05369,2025-05,1,6,574000
U05369,2025-05,2,3,97000
U05369,2025-05,3,6,549000
U05370,2025-10,0,5,426800
U05370,2025-10,1,4,225250
U05370,2025-10,2,4,274950
U05370,2025-10,3,5,221000
U05370,2025-10,5,1,25000
U05371,2025-05,0,5,218050
U05372,2026-02,0,3,208500
U05373,2025-12,0,4,300000
U05373,2025-12,1,5,403000
U05373,2025-12,2,6,417000
U05374,2026-06,0,6,453000
U05375,2026-05,0,6,354000
U05375,2026-05,1,4,160200
U05378,2025-12,0,3,123000
U05380,2025-06,0,7,362300
U05384,2025-06,0,4,201000
U05385,2026-02,0,9,328000
U05385,2026-02,1,3,152500
U05385,2026-02,2,4,293000
U05385,2026-02,3,2,119350
U05385,2026-02,4,5,219400
U05386,2025-01,0,11,537500
U05389,2026-05,0,4,272000
U05389,2026-05,1,8,496000
U05390,2026-02,0,3,83800
U05390,2026-02,1,2,58000
U05390,2026-02,2,1,138000
U05391,2026-04,0,5,238150
U05391,2026-04,1,6,370600
U05392,2025-12,0,7,309650
U05393,2026-05,0,11,686200
U05393,2026-05,1,5,256000
U05396,2025-12,0,7,332000
U05399,2025-12,0,3,124000
U05401,2026-04,0,8,306000
U05401,2026-04,1,13,745650
U05402,2026-06,0,5,282550
U05403,2026-03,0,5,201000
U05406,2025-01,1,5,249000
U05406,2025-01,2,8,386150
U05409,2026-05,0,7,353050
U05411,2025-01,1,4,264000
U05411,2025-01,2,6,317000
U05411,2025-01,3,4,122000
U05411,2025-01,4,5,212000
U05411,2025-01,5,5,309800
U05411,2025-01,6,4,498850
U05411,2025-01,7,9,658500
U05411,2025-01,8,4,233500
U05411,2025-01,9,3,173400
U05412,2025-07,0,6,295500
U05412,2025-07,1,8,764800
U05414,2026-03,0,6,431000
U05414,2026-03,1,7,584850
U05414,2026-03,2,5,368800
U05414,2026-03,3,6,311000
U05415,2025-05,0,5,326000
U05416,2025-08,0,3,116000
U05416,2025-08,1,5,211200
U05416,2025-08,2,7,349000
U05416,2025-08,3,8,543750
U05416,2025-08,4,6,380450
U05416,2025-08,5,6,539100
U05418,2025-05,0,5,281600
U05419,2025-12,0,5,224200
U05423,2025-10,0,4,295000
U05423,2025-10,1,2,99000
U05424,2025-07,0,10,607400
U05425,2025-10,0,5,219000
U05425,2025-10,1,4,284000
U05426,2026-06,0,6,697500
U05427,2025-02,0,5,176000
U05428,2025-05,0,7,187200
U05428,2025-05,1,3,399500
U05428,2025-05,2,4,334000
U05428,2025-05,3,7,602450
U05428,2025-05,4,4,189000
U05428,2025-05,5,5,182800
U05430,2026-03,0,5,678700
U05430,2026-03,1,6,298000
U05430,2026-03,2,3,188700
U05431,2025-05,0,5,187750
U05432,2026-05,0,5,234000
U05434,2026-06,0,4,173000
U05437,2025-11,0,8,239900
U05439,2025-11,0,7,331800
U05439,2025-11,1,6,372000
U05439,2025-11,2,1,25000
U05439,2025-11,3,6,245000
U05439,2025-11,4,5,445450
U05439,2025-11,5,3,371100
U05439,2025-11,6,6,373000
U05439,2025-11,7,5,256800
U05441,2026-01,0,2,97200
U05442,2025-11,0,10,520600
U05442,2025-11,1,5,311050
U05446,2026-04,0,6,279800
U05447,2026-03,0,6,528000
U05449,2026-04,0,4,310250
U05450,2025-09,0,6,234000
U05452,2026-03,0,4,182050
U05454,2025-12,0,6,322000
U05454,2025-12,1,4,151350
U05454,2025-12,2,2,90000
U05457,2025-07,0,4,131600
U05457,2025-07,1,4,122000
U05457,2025-07,2,4,187000
U05460,2025-08,0,1,24000
U05461,2025-06,0,3,165000
U05462,2025-03,0,8,538500
U05462,2025-03,1,8,429800
U05462,2025-03,2,3,169100
U05463,2026-03,0,4,334850
U05465,2025-07,0,7,199600
U05468,2025-02,0,3,253000
U05469,2025-10,0,4,313000
U05469,2025-10,1,6,291000
U05470,2026-04,0,5,249200
U05470,2026-04,1,8,481300
U05470,2026-04,2,5,242000
U05473,2026-03,0,6,446000
U05473,2026-03,1,5,235200
U05474,2025-04,0,5,185300
U05480,2025-10,0,7,460800
U05483,2025-07,1,3,92000
U05483,2025-07,2,8,414800
U05483,2025-07,3,6,243000
U05483,2025-07,4,6,628000
U05484,2026-04,0,6,468200
U05484,2026-04,1,4,243900
U05484,2026-04,2,9,632100
U05485,2026-03,0,1,64000
U05486,2025-12,0,7,333700
U05486,2025-12,1,7,345600
U05486,2025-12,2,6,367500
U05486,2025-12,3,5,287600
U05486,2025-12,4,4,217900
U05486,2025-12,5,4,219000
U05486,2025-12,6,12,650050
U05487,2026-05,0,6,387000
U05488,2025-07,0,5,362000
U05488,2025-07,1,1,50000
U05489,2025-10,0,8,517750
U05489,2025-10,1,5,333000
U05489,2025-10,2,2,78000
U05489,2025-10,3,4,235600
U05491,2025-03,0,4,132000
U05497,2025-12,0,5,257200
U05497,2025-12,1,7,361250
U05497,2025-12,2,3,183900
U05500,2025-01,0,6,323000
U05501,2025-04,0,4,135200
U05502,2026-04,0,5,263000
U05504,2026-04,0,11,707800
U05504,2026-04,1,11,588950
U05504,2026-04,2,6,333850
U05505,2025-03,0,7,283000
U05506,2026-01,0,4,350000
U05506,2026-01,1,10,478500
U05506,2026-01,2,6,387500
U05508,2025-02,0,9,341000
U05508,2025-02,1,5,335200
U05510,2025-07,0,5,420000
U05512,2025-05,0,3,171650
U05513,2025-03,0,6,361100
U05513,2025-03,1,8,321000
U05513,2025-03,2,3,77000
U05513,2025-03,3,5,163500
U05513,2025-03,4,5,294100
U05513,2025-03,5,1,90250
U05513,2025-03,6,1,50000
U05513,2025-03,7,6,601800
U05514,2025-08,0,1,108000
U05516,2025-02,0,7,324000
U05518,2025-05,0,10,505900
U05518,2025-05,1,2,52400
U05519,2025-06,0,2,43000
U05519,2025-06,1,6,525400
U05519,2025-06,2,3,83400
U05523,2025-08,0,8,411950
U05523,2025-08,1,5,175300
U05524,2026-03,0,3,139000
U05526,2025-12,0,3,157800
U05528,2025-01,0,8,284600
U05528,2025-01,1,7,432200
U05528,2025-01,2,7,342600
U05528,2025-01,3,6,166000
U05528,2025-01,4,11,369000
U05528,2025-01,5,2,143000
U05528,2025-01,6,4,375700
U05528,2025-01,7,3,195000
U05528,2025-01,8,4,257000
U05528,2025-01,9,6,321700
U05530,2025-09,0,6,311000
U05531,2025-09,0,3,148000
U05531,2025-09,1,2,115000
U05533,2025-06,0,2,91000
U05534,2025-05,0,8,379000
U05537,2026-04,0,8,599000
U05540,2025-08,0,5,336850
U05540,2025-08,1,5,179250
U05541,2025-05,0,6,317000
U05543,2025-03,0,3,88000
U05543,2025-03,1,3,140550
U05543,2025-03,2,3,57000
U05543,2025-03,3,9,376150
U05543,2025-03,4,3,284000
U05543,2025-03,5,5,414000
U05543,2025-03,6,1,25000
U05543,2025-03,7,4,214000
U05543,2025-03,8,6,506000
U05543,2025-03,9,6,303500
U05543,2025-03,10,5,500000
U05544,2026-06,0,2,126000
U05548,2025-12,0,7,535250
U05549,2026-05,0,1,80000
U05551,2025-06,0,6,381200
U05551,2025-06,1,4,201000
U05551,2025-06,2,10,868500
U05552,2026-01,0,8,535700
U05553,2025-07,0,4,234000
U05554,2026-05,0,3,129700
U05554,2026-05,1,8,682800
U05556,2026-02,0,7,419000
U05558,2025-09,0,6,375200
U05558,2025-09,1,4,106300
U05558,2025-09,2,4,109000
U05559,2025-04,0,6,248000
U05561,2026-02,0,15,1057200
U05562,2026-05,0,4,270850
U05562,2026-05,1,3,221000
U05564,2026-05,0,10,492000
U05565,2025-07,0,3,140000
U05565,2025-07,1,5,202000
U05566,2025-12,0,3,181000
U05571,2025-04,0,8,322000
U05572,2025-07,0,9,556750
U05572,2025-07,1,5,278500
U05573,2025-08,0,5,218500
U05574,2026-06,0,2,273000
U05576,2025-07,0,6,359000
U05576,2025-07,1,4,277000
U05577,2025-06,0,5,174000
U05577,2025-06,1,4,173600
U05577,2025-06,2,4,265000
U05577,2025-06,3,7,474350
U05578,2025-09,0,4,224000
U05578,2025-09,1,12,662700
U05578,2025-09,2,1,18000
U05578,2025-09,3,5,298000
U05578,2025-09,4,2,53000
U05578,2025-09,5,7,526900
U05578,2025-09,6,10,354000
U05578,2025-09,7,8,750000
U05578,2025-09,8,5,191900
U05578,2025-09,9,6,446400
U05579,2026-03,0,9,615000
U05582,2025-04,0,8,454000
U05582,2025-04,1,8,354600
U05586,2026-02,0,5,226500
U05588,2026-02,0,5,512500
U05589,2025-11,0,8,361800
U05589,2025-11,1,3,70000
U05589,2025-11,2,3,243700
U05589,2025-11,3,9,489150
U05589,2025-11,4,11,597450
U05589,2025-11,5,6,304000
U05589,2025-11,6,6,245000
U05591,2026-04,0,4,162500
U05591,2026-04,1,5,309000
U05591,2026-04,2,6,264750
U05592,2025-06,0,5,200800
U05593,2026-03,0,3,86000
U05593,2026-03,1,2,79800
U05593,2026-03,2,1,65000
U05593,2026-03,3,6,280000
U05594,2026-03,0,2,147000
U05595,2025-09,0,2,36000
U05595,2025-09,1,3,321000
U05595,2025-09,2,6,524200
U05595,2025-09,3,2,67000
U05596,2026-03,0,6,333650
U05598,2025-06,0,6,257000
U05598,2025-06,1,7,382000
U05599,2025-04,0,5,133600
U05600,2026-03,0,5,105200
U05600,2026-03,1,2,49000
U05602,2026-01,0,13,949150
U05602,2026-01,1,5,230600
U05602,2026-01,2,6,276000
U05602,2026-01,3,4,166100
U05602,2026-01,4,5,236300
U05602,2026-01,5,6,266000
U05603,2025-07,0,5,236650
U05603,2025-07,1,4,205500
U05603,2025-07,2,5,519500
U05603,2025-07,3,1,24000
U05604,2025-07,0,7,349000
U05606,2025-10,0,8,434400
U05609,2025-12,0,7,396300
U05612,2025-04,0,8,325500
U05612,2025-04,1,4,134000
U05613,2025-03,0,7,265800
U05614,2025-11,0,6,208800
U05616,2026-02,0,5,480100
U05618,2026-05,0,1,76000
U05618,2026-05,1,3,83000
U05620,2026-04,0,8,432000
U05621,2026-01,0,5,208000
U05621,2026-01,1,5,164000
U05621,2026-01,2,4,276000
U05621,2026-01,3,4,359000
U05624,2026-04,0,10,803900
U05627,2026-01,0,3,120600
U05628,2025-02,0,5,108000
U05629,2025-11,0,3,206000
U05630,2025-06,0,7,379800
U05630,2025-06,1,2,116000
U05632,2025-06,0,5,411000
U05635,2025-04,0,1,44000
U05635,2025-04,1,3,215500
U05637,2025-01,1,3,57800
U05638,2025-06,0,5,310000
U05639,2025-10,0,2,51000
U05639,2025-10,1,3,80500
U05640,2025-10,0,4,173000
U05640,2025-10,1,3,203500
U05641,2026-03,0,4,177000
U05643,2025-12,0,4,201100
U05643,2025-12,1,2,64000
U05644,2025-06,0,6,817800
U05645,2025-07,0,4,259100
U05645,2025-07,1,7,443550
U05648,2026-01,0,6,407000
U05648,2026-01,1,6,571500
U05649,2026-05,0,6,384200
U05649,2026-05,1,2,80000
U05650,2025-09,0,3,110000
U05650,2025-09,1,3,186200
U05651,2026-01,0,2,89000
U05653,2026-03,0,5,320000
U05653,2026-03,1,1,93100
U05654,2025-09,0,7,290200
U05657,2025-09,0,3,79000
U05657,2025-09,1,2,180000
U05657,2025-09,2,5,247500
U05657,2025-09,3,7,389000
U05657,2025-09,4,5,184000
U05660,2025-09,0,3,152700
U05660,2025-09,1,4,255400
U05662,2025-04,0,7,224500
U05662,2025-04,1,3,119400
U05663,2025-08,0,8,437500
U05663,2025-08,1,1,31500
U05663,2025-08,2,8,469800
U05663,2025-08,3,2,90000
U05663,2025-08,4,2,42000
U05663,2025-08,5,6,396700
U05664,2025-06,0,7,329000
U05664,2025-06,1,3,238000
U05665,2026-01,0,3,96000
U05665,2026-01,2,4,221000
U05665,2026-01,3,4,281000
U05666,2026-06,0,6,297850
U05667,2025-03,0,6,282400
U05668,2025-11,0,4,191500
U05672,2025-06,0,3,296000
U05673,2026-06,0,7,294100
U05674,2025-11,0,2,115000
U05674,2025-11,1,5,260100
U05674,2025-11,2,2,423000
U05674,2025-11,3,2,98000
U05674,2025-11,4,4,195700
U05674,2025-11,5,2,280000
U05674,2025-11,6,6,614000
U05674,2025-11,7,7,433000
U05675,2025-06,0,4,185000
U05675,2025-06,1,5,293050
U05676,2025-05,0,4,326000
U05676,2025-05,1,5,251000
U05677,2025-09,0,8,582100
U05678,2025-07,0,2,36000
U05678,2025-07,1,4,130600
U05679,2026-05,0,2,112600
U05680,2026-06,0,8,572000
U05681,2025-04,0,2,50000
U05681,2025-04,1,6,291800
U05682,2026-02,0,5,446500
U05683,2026-03,0,3,121000
U05685,2025-05,0,3,160000
U05685,2025-05,1,6,360300
U05686,2025-10,3,1,37000
U05686,2025-10,4,8,279200
U05686,2025-10,5,7,529000
U05690,2026-01,0,4,388850
U05690,2026-01,1,9,485400
U05690,2026-01,2,8,373550
U05691,2025-01,0,13,750700
U05691,2025-01,1,6,269850
U05691,2025-01,2,10,578100
U05691,2025-01,3,4,287000
U05691,2025-01,4,2,117000
U05691,2025-01,5,5,480000
U05691,2025-01,6,5,396000
U05692,2025-06,0,3,199000
U05692,2025-06,1,6,429800
U05694,2026-03,0,3,281000
U05695,2025-08,0,3,194000
U05697,2025-09,0,5,282800
U05697,2025-09,1,4,388550
U05697,2025-09,2,7,437500
U05697,2025-09,3,1,101000
U05697,2025-09,4,3,146000
U05703,2025-03,0,4,106600
U05703,2025-03,1,9,350050
U05703,2025-03,2,5,212600
U05703,2025-03,3,5,348350
U05703,2025-03,4,5,284000
U05704,2025-06,0,7,269500
U05705,2025-02,0,8,469550
U05705,2025-02,1,7,512000
U05706,2025-07,0,5,409600
U05706,2025-07,1,9,482400
U05707,2025-04,0,11,523750
U05707,2025-04,1,5,316300
U05707,2025-04,2,6,344800
U05707,2025-04,3,3,203000
U05707,2025-04,4,6,280450
U05707,2025-04,5,2,233000
U05709,2025-11,0,12,669900
U05709,2025-11,1,9,519900
U05709,2025-11,2,7,427600
U05709,2025-11,3,8,676900
U05709,2025-11,4,8,502000
U05709,2025-11,5,5,436000
U05709,2025-11,6,3,96000
U05709,2025-11,7,3,127000
U05710,2025-11,0,7,483000
U05710,2025-11,1,6,340800
U05710,2025-11,2,5,443700
U05710,2025-11,3,9,613500
U05710,2025-11,4,7,406850
U05710,2025-11,5,8,417200
U05710,2025-11,6,9,788000
U05711,2026-05,0,7,352000
U05711,2026-05,1,4,271350
U05713,2025-03,0,8,479000
U05716,2026-05,0,5,243000
U05716,2026-05,1,7,322000
U05719,2025-08,0,5,334000
U05720,2026-06,0,5,259200
U05721,2025-08,0,3,101000
U05722,2025-02,0,6,263450
U05723,2025-03,0,4,245200
U05723,2025-03,1,3,174000
U05723,2025-03,2,6,282850
U05723,2025-03,3,3,210000
U05723,2025-03,4,6,281200
U05723,2025-03,5,6,428400
U05723,2025-03,6,4,216000
U05723,2025-03,7,3,77000
U05724,2025-08,0,5,206600
U05726,2025-09,0,3,150000
U05726,2025-09,1,2,188000
U05726,2025-09,2,5,258300
U05726,2025-09,3,6,209650
U05727,2025-12,0,7,183650
U05729,2025-12,0,5,462000
U05730,2026-05,0,3,224000
U05731,2025-05,0,5,236000
U05731,2025-05,1,5,333600
U05732,2025-07,0,3,271600
U05734,2026-01,0,7,715000
U05735,2025-05,0,7,195650
U05736,2025-01,1,7,298300
U05736,2025-01,2,9,486200
U05738,2025-01,0,14,536200
U05741,2025-09,0,3,147800
U05742,2025-07,0,7,454000
U05742,2025-07,1,8,546000
U05744,2025-07,0,5,315000
U05744,2025-07,1,3,176350
U05744,2025-07,2,2,79000
U05745,2026-04,0,3,64000
U05745,2026-04,1,6,322000
U05746,2025-08,0,2,281100
U05747,2025-06,0,10,502000
U05749,2026-03,0,3,150000
U05749,2026-03,1,6,167200
U05749,2026-03,2,4,293000
U05752,2025-07,0,5,474000
U05752,2025-07,1,6,270000
U05752,2025-07,2,6,223000
U05752,2025-07,3,4,303000
U05752,2025-07,4,4,217600
U05752,2025-07,5,6,513400
U05752,2025-07,6,9,422000
U05752,2025-07,7,4,180000
U05752,2025-07,8,4,137000
U05752,2025-07,9,4,176000
U05754,2025-06,0,8,444000
U05755,2025-10,3,5,116150
U05755,2025-10,4,6,557350
U05755,2025-10,5,6,241200
U05755,2025-10,6,7,403000
U05755,2025-10,7,10,450500
U05755,2025-10,8,17,1024800
U05757,2026-03,0,3,142100
U05757,2026-03,1,6,268800
U05757,2026-03,2,5,184700
U05757,2026-03,3,8,517000
U05759,2025-09,0,3,500000
U05761,2025-09,0,5,461000
U05761,2025-09,1,1,73150
U05762,2025-04,0,8,358150
U05763,2025-02,0,3,64000
U05764,2026-01,0,2,180000
U05765,2026-05,0,7,477000
U05766,2025-04,0,2,96000
U05766,2025-04,1,4,168500
U05766,2025-04,2,10,616500
U05766,2025-04,3,5,140800
U05766,2025-04,4,3,118500
U05766,2025-04,5,3,162000
U05766,2025-04,6,3,301000
U05766,2025-04,7,4,546000
U05766,2025-04,8,7,656000
U05766,2025-04,9,5,270750
U05766,2025-04,10,4,234000
U05766,2025-04,11,8,315850
U05766,2025-04,12,4,214200
U05766,2025-04,13,4,182000
U05766,2025-04,14,1,70000
U05768,2025-11,0,4,259000
U05772,2025-05,0,7,253200
U05772,2025-05,1,7,471100
U05772,2025-05,2,1,81000
U05772,2025-05,3,3,241000
U05773,2026-01,0,3,100000
U05773,2026-01,1,6,267900
U05773,2026-01,2,11,605700
U05774,2026-03,0,7,527450
U05774,2026-03,1,1,25000
U05774,2026-03,2,2,32000
U05774,2026-03,3,7,574000
U05776,2026-05,0,7,327000
U05776,2026-05,1,15,964400
U05777,2026-02,0,3,136000
U05778,2025-05,0,6,250000
U05778,2025-05,1,5,334000
U05779,2026-01,0,4,111100
U05779,2026-01,1,3,127000
U05779,2026-01,2,4,203700
U05780,2025-07,0,6,398800
U05781,2025-08,5,3,199000
U05781,2025-08,6,6,330000
U05781,2025-08,7,11,766300
U05781,2025-08,8,5,301000
U05781,2025-08,9,4,313000
U05781,2025-08,10,12,552900
U05782,2025-10,0,9,464000
U05782,2025-10,1,3,233350
U05782,2025-10,2,5,284000
U05783,2025-02,0,10,564900
U05784,2025-06,0,6,272000
U05784,2025-06,1,7,334000
U05786,2026-04,0,7,455250
U05787,2025-01,0,16,969450
U05788,2026-06,0,6,341200
U05791,2025-08,0,3,359000
U05792,2026-01,0,5,359400
U05793,2025-08,0,4,294800
U05793,2025-08,1,5,372000
U05796,2026-01,0,2,125000
U05797,2026-05,0,6,315000
U05798,2025-04,0,6,341000
U05798,2025-04,1,7,386500
U05798,2025-04,2,3,102600
U05798,2025-04,3,3,131000
U05798,2025-04,4,6,531950
U05798,2025-04,6,7,407850
U05798,2025-04,7,9,387500
U05798,2025-04,8,4,245000
U05798,2025-04,9,11,690500
U05798,2025-04,10,5,559000
U05798,2025-04,11,9,658000
U05800,2025-08,0,5,229800
U05804,2025-04,0,7,304000
U05807,2025-10,0,4,212000
U05807,2025-10,1,1,117000
U05809,2026-03,0,8,424000
U05809,2026-03,1,6,352750
U05809,2026-03,2,10,608000
U05809,2026-03,3,8,683200
U05810,2026-03,0,2,93000
U05810,2026-03,1,2,75850
U05812,2025-02,0,5,188300
U05813,2025-06,0,5,249000
U05813,2025-06,1,5,273800
U05813,2025-06,2,6,307050
U05813,2025-06,3,2,61900
U05813,2025-06,4,4,138000
U05813,2025-06,5,8,605000
U05813,2025-06,6,2,158000
U05813,2025-06,7,6,444300
U05813,2025-06,8,4,279000
U05813,2025-06,9,6,426000
U05813,2025-06,10,5,232800
U05815,2025-01,0,10,377950
U05819,2025-12,0,6,559000
U05819,2025-12,1,7,305800
U05819,2025-12,2,7,455200
U05820,2025-07,1,4,189400
U05821,2026-01,0,3,187000
U05821,2026-01,1,4,250000
U05821,2026-01,2,4,149100
U05823,2026-03,0,2,203000
U05823,2026-03,1,6,301000
U05823,2026-03,2,7,314050
U05823,2026-03,3,4,202000
U05824,2026-02,0,6,342000
U05824,2026-02,1,9,526000
U05826,2025-12,0,8,503700
U05827,2026-06,0,2,46600
U05828,2025-02,0,7,412400
U05828,2025-02,1,8,289350
U05828,2025-02,2,10,516500
U05829,2026-02,0,4,178100
U05829,2026-02,1,7,411800
U05832,2025-09,0,4,264000
U05833,2026-04,0,5,345000
U05833,2026-04,1,3,148000
U05835,2025-04,0,2,105000
U05837,2026-04,0,4,180600
U05837,2026-04,1,5,272000
U05842,2025-08,0,7,602100
U05843,2026-02,0,4,244000
U05843,2026-02,1,4,428000
U05843,2026-02,2,6,325000
U05844,2025-04,0,4,124100
U05846,2026-01,0,8,426900
U05847,2025-09,0,5,467400
U05849,2025-05,0,6,168200
U05849,2025-05,1,8,479300
U05850,2025-02,0,9,422800
U05851,2025-01,0,18,944200
U05852,2026-03,0,7,265600
U05852,2026-03,1,2,49800
U05852,2026-03,2,7,381000
U05852,2026-03,3,4,238000
U05854,2026-05,0,3,272000
U05856,2025-08,0,3,151000
U05857,2025-04,4,8,476300
U05860,2025-04,0,2,78100
U05860,2025-04,1,5,259000
U05861,2026-06,0,7,234300
U05862,2026-03,0,6,336800
U05863,2025-07,1,10,438200
U05863,2025-07,2,8,279200
U05864,2025-04,0,8,458200
U05865,2026-02,0,7,371500
U05865,2026-02,1,5,272800
U05865,2026-02,2,9,578000
U05865,2026-02,3,7,412200
U05865,2026-02,4,6,379400
U05866,2026-04,0,5,321000
U05867,2026-04,0,7,409850
U05869,2025-06,0,6,391000
U05869,2025-06,1,3,55000
U05869,2025-06,2,4,194000
U05871,2025-05,0,7,241000
U05873,2025-06,0,4,258100
U05874,2026-04,0,5,210500
U05874,2026-04,1,8,476500
U05874,2026-04,2,8,599900
U05875,2025-04,0,4,196850
U05875,2025-04,1,7,374300
U05875,2025-04,2,6,370900
U05875,2025-04,3,4,146850
U05875,2025-04,4,5,203000
U05877,2025-08,0,4,211800
U05878,2025-05,0,5,264500
U05878,2025-05,1,7,412000
U05880,2026-01,0,5,266000
U05882,2025-11,0,6,240000
U05882,2025-11,1,2,118800
U05882,2025-11,2,2,43000
U05882,2025-11,3,3,212700
U05882,2025-11,4,5,338000
U05883,2026-01,0,5,226000
U05886,2025-11,0,4,298000
U05887,2025-01,1,4,132000
U05889,2025-07,6,3,278900
U05889,2025-07,7,7,331000
U05889,2025-07,8,4,169000
U05889,2025-07,9,5,254950
U05889,2025-07,10,5,214000
U05889,2025-07,11,11,680100
U05893,2025-12,0,3,110200
U05893,2025-12,1,4,269000
U05893,2025-12,2,2,167250
U05894,2025-04,0,6,328900
U05895,2025-11,0,6,389800
U05895,2025-11,1,3,287100
U05895,2025-11,2,4,203000
U05896,2025-07,0,7,546000
U05896,2025-07,1,5,226300
U05897,2026-01,0,3,200000
U05897,2026-01,1,2,234000
U05897,2026-01,2,3,105000
U05897,2026-01,3,6,481000
U05897,2026-01,4,6,573600
U05897,2026-01,5,3,181600
U05898,2026-01,0,9,473200
U05900,2026-06,0,8,599000
U05901,2026-04,0,3,79000
U05901,2026-04,1,6,349000
U05902,2026-04,0,4,221000
U05903,2025-06,2,13,659200
U05903,2025-06,3,8,565900
U05903,2025-06,4,7,469600
U05904,2025-04,0,6,520000
U05904,2025-04,1,5,211000
U05904,2025-04,2,6,498000
U05906,2026-03,0,5,321000
U05906,2026-03,1,8,415000
U05908,2025-03,0,8,466200
U05908,2025-03,1,9,592300
U05909,2025-01,0,13,653250
U05910,2026-04,0,1,45000
U05910,2026-04,1,4,158000
U05910,2026-04,2,4,254100
U05911,2026-06,0,4,407000
U05913,2025-02,0,7,421400
U05914,2025-09,0,6,252500
U05915,2025-09,0,8,397750
U05915,2025-09,1,5,271350
U05915,2025-09,2,5,256300
U05915,2025-09,3,6,306000
U05915,2025-09,4,6,447000
U05915,2025-09,5,5,156200
U05915,2025-09,6,4,473400
U05915,2025-09,7,5,257000
U05915,2025-09,8,4,253300
U05916,2025-03,0,5,200600
U05916,2025-03,1,9,310600
U05919,2025-06,2,7,637000
U05919,2025-06,3,11,715350
U05919,2025-06,4,8,561250
U05919,2025-06,5,9,658450
U05920,2026-06,0,6,581000
U05922,2026-04,0,6,317900
U05922,2026-04,1,5,158300
U05922,2026-04,2,9,515200
U05925,2025-06,0,4,172600
U05925,2025-06,1,5,502000
U05926,2025-02,0,11,766700
U05926,2025-02,1,3,75450
U05926,2025-02,2,3,209000
U05926,2025-02,3,4,320000
U05926,2025-02,4,4,275450
U05926,2025-02,5,5,371000
U05926,2025-02,6,2,65000
U05926,2025-02,7,5,127000
U05926,2025-02,8,6,414000
U05926,2025-02,9,2,393500
U05926,2025-02,10,3,117000
U05926,2025-02,11,4,187000
U05926,2025-02,12,6,315750
U05927,2026-04,0,4,295550
U05928,2025-11,0,4,112300
U05929,2025-09,0,1,63000
U05929,2025-09,1,8,579200
U05929,2025-09,2,1,45900
U05929,2025-09,3,2,101000
U05929,2025-09,4,4,280000
U05929,2025-09,5,2,61000
U05929,2025-09,6,4,415400
U05929,2025-09,7,4,229600
U05929,2025-09,8,6,388400
U05930,2026-01,0,7,246000
U05931,2025-04,0,8,397850
U05932,2026-05,0,6,622000
U05932,2026-05,1,7,329000
U05934,2026-02,0,7,467000
U05934,2026-02,1,4,204250
U05935,2025-03,0,5,160650
U05936,2026-04,0,9,595000
U05938,2026-02,0,7,594000
U05938,2026-02,1,4,291000
U05938,2026-02,2,8,386500
U05940,2025-07,0,5,468000
U05940,2025-07,1,5,478000
U05940,2025-07,2,4,250700
U05940,2025-07,3,5,387000
U05940,2025-07,4,5,170100
U05940,2025-07,5,7,315350
U05940,2025-07,6,6,249400
U05940,2025-07,7,4,143000
U05941,2025-10,0,5,399250
U05941,2025-10,1,3,204000
U05944,2025-05,0,5,337500
U05944,2025-05,1,7,332000
U05945,2026-06,0,5,270200
U05948,2025-12,0,6,276000
U05951,2025-03,0,6,329900
U05952,2026-01,0,10,715300
U05952,2026-01,1,4,179000
U05952,2026-01,2,4,221000
U05952,2026-01,3,9,331200
U05953,2025-07,0,4,270000
U05955,2025-04,4,3,121000
U05955,2025-04,5,4,202800
U05955,2025-04,6,9,577700
U05956,2025-03,0,2,74150
U05957,2025-08,0,5,248000
U05958,2026-03,0,4,167400
U05958,2026-03,1,4,450000
U05958,2026-03,2,4,219500
U05960,2026-01,0,6,253000
U05961,2025-05,3,10,703800
U05961,2025-05,4,8,498200
U05963,2025-04,0,9,434100
U05963,2025-04,1,7,336000
U05964,2025-12,0,3,171000
U05966,2025-05,0,6,362000
U05967,2025-03,0,6,301800
U05969,2025-11,0,2,79000
U05974,2025-08,0,8,510200
U05975,2025-07,0,3,193650
U05975,2025-07,1,4,247000
U05977,2025-08,0,4,269800
U05979,2026-05,0,8,603000
U05979,2026-05,1,4,239000
U05980,2025-01,0,20,1236850
U05980,2025-01,1,7,265000
U05980,2025-01,2,6,516200
U05981,2025-12,1,4,226000
U05981,2025-12,2,3,393000
U05981,2025-12,3,6,449000
U05981,2025-12,4,7,379200
U05983,2025-10,0,2,96000
U05984,2025-01,0,13,783900
U05989,2025-12,0,4,128200
U05990,2025-10,0,3,121600
U05991,2026-04,0,2,67600
U05991,2026-04,1,5,421750
U05992,2026-05,0,8,297100
U05992,2026-05,1,7,547650
U05994,2025-11,0,5,345000
U05996,2026-03,0,3,76000
U05996,2026-03,1,6,214000
U05998,2025-09,0,2,116250
U06002,2025-02,0,2,116550
U06003,2025-03,5,6,261800
U06003,2025-03,6,5,268000
U06003,2025-03,7,5,308500
U06003,2025-03,8,6,426600
U06003,2025-03,10,5,502000
U06003,2025-03,11,5,329200
U06005,2025-09,0,6,594200
U06005,2025-09,1,4,263500
U06007,2025-02,0,10,495450
U06008,2025-05,0,8,266200
U06008,2025-05,1,4,217000
U06010,2025-11,0,3,109000
U06010,2025-11,1,4,165000
U06010,2025-11,2,10,504750
U06010,2025-11,3,6,268900
U06010,2025-11,4,3,120000
U06010,2025-11,5,5,350000
U06010,2025-11,6,10,603200
U06010,2025-11,7,4,336700
U06013,2026-05,0,6,242900
U06014,2026-05,0,4,175600
U06015,2025-10,0,9,377000
U06015,2025-10,1,1,252000
U06015,2025-10,2,7,306000
U06015,2025-10,3,5,541000
U06015,2025-10,4,5,245650
U06015,2025-10,5,8,523000
U06015,2025-10,6,5,267900
U06017,2026-01,0,8,386950
U06018,2025-02,0,5,307000
U06018,2025-02,1,5,285100
U06018,2025-02,2,6,274000
U06018,2025-02,3,3,117300
U06018,2025-02,4,7,484000
U06020,2025-05,0,12,757000
U06020,2025-05,1,4,389000
U06020,2025-05,2,5,237000
U06020,2025-05,3,5,303000
U06021,2025-07,0,6,630000
U06023,2026-06,0,4,304000
U06025,2025-11,0,8,266250
U06025,2025-11,1,4,186000
U06025,2025-11,2,7,327000
U06025,2025-11,3,1,74000
U06026,2025-01,0,14,911700
U06029,2025-08,0,4,107000
U06031,2026-05,0,7,412200
U06035,2025-09,0,4,143000
U06037,2026-04,0,7,315000
U06037,2026-04,1,3,170000
U06037,2026-04,2,9,633700
U06038,2026-02,0,3,154000
U06039,2025-05,0,7,428000
U06040,2025-10,0,4,292000
U06043,2026-02,0,5,282000
U06043,2026-02,1,7,489000
U06043,2026-02,2,10,550900
U06043,2026-02,3,10,561400
U06044,2025-08,0,6,459150
U06045,2025-09,0,5,275000
U06047,2025-08,0,1,24000
U06047,2025-08,1,4,247700
U06048,2026-06,0,2,96000
U06049,2025-07,0,3,152000
U06049,2025-07,1,2,119000
U06049,2025-07,2,7,674900
U06049,2025-07,3,3,176000
U06049,2025-07,4,10,773300
U06049,2025-07,5,2,41200
U06049,2025-07,6,6,480000
U06049,2025-07,7,3,70400
U06049,2025-07,8,5,347000
U06049,2025-07,9,8,447500
U06051,2025-01,0,10,592000
U06052,2026-03,0,6,337200
U06052,2026-03,1,5,307000
U06052,2026-03,2,3,166050
U06054,2025-06,0,7,372000
U06054,2025-06,1,5,406000
U06054,2025-06,2,3,224600
U06054,2025-06,3,3,184000
U06054,2025-06,4,2,90000
U06055,2025-02,0,5,198300
U06057,2025-02,0,11,394250
U06057,2025-02,1,14,725300
U06057,2025-02,2,10,522000
U06058,2026-05,0,2,154200
U06058,2026-05,1,5,311500
U06060,2025-12,0,3,206000
U06061,2025-08,0,1,24000
U06063,2025-03,0,6,330400
U06066,2025-06,0,4,200000
U06066,2025-06,1,6,398400
U06066,2025-06,2,4,177000
U06066,2025-06,3,5,415700
U06067,2025-12,0,5,356000
U06068,2025-02,0,13,658400
U06068,2025-02,1,4,166000
U06068,2025-02,2,7,303300
U06069,2025-04,0,6,348200
U06070,2026-06,0,6,357000
U06071,2025-10,0,9,581800
U06072,2026-02,0,7,420000
U06074,2026-04,0,8,694050
U06074,2026-04,1,7,497450
U06075,2025-06,0,1,149000
U06079,2026-03,0,3,213000
U06080,2026-02,0,7,273650
U06080,2026-02,1,5,187000
U06080,2026-02,2,4,293000
U06080,2026-02,3,1,97000
U06080,2026-02,4,1,25000
U06081,2025-02,0,6,357250
U06082,2026-02,0,5,452700
U06082,2026-02,1,4,368000
U06082,2026-02,2,11,211700
U06082,2026-02,3,5,225000
U06083,2025-12,1,4,343000
U06083,2025-12,2,8,388100
U06085,2025-07,0,6,356500
U06085,2025-07,1,7,440000
U06085,2025-07,2,4,198750
U06085,2025-07,3,5,322800
U06085,2025-07,4,12,555200
U06085,2025-07,5,5,261650
U06085,2025-07,6,4,173500
U06086,2026-05,0,8,388000
U06086,2026-05,1,5,229800
U06087,2025-10,0,4,213900
U06087,2025-10,1,4,179800
U06087,2025-10,2,2,62000
U06087,2025-10,3,3,178800
U06087,2025-10,4,6,240000
U06087,2025-10,5,5,282500
U06087,2025-10,6,5,196800
U06087,2025-10,7,7,307000
U06088,2026-04,0,6,586000
U06088,2026-04,1,6,616100
U06088,2026-04,2,7,217800
U06089,2025-09,0,3,295000
U06090,2025-07,0,7,447000
U06090,2025-07,1,3,284000
U06091,2026-01,0,5,158400
U06091,2026-01,1,7,413300
U06093,2025-10,0,3,123800
U06093,2025-10,1,2,154000
U06094,2025-08,0,5,241400
U06094,2025-08,1,6,590550
U06094,2025-08,2,3,150450
U06094,2025-08,3,1,104400
U06094,2025-08,4,2,279000
U06095,2026-02,0,10,694700
U06095,2026-02,1,3,84350
U06096,2025-01,0,14,835500
U06096,2025-01,1,8,461300
U06099,2026-01,0,4,267000
U06099,2026-01,1,6,289900
U06100,2025-06,0,8,805000
U06101,2025-05,0,6,282000
U06106,2025-08,0,5,210000
U06106,2025-08,1,8,573900
U06106,2025-08,2,3,173000
U06108,2026-04,0,5,261600
U06108,2026-04,1,5,576000
U06108,2026-04,2,7,349400
U06109,2025-10,0,3,112000
U06109,2025-10,1,3,177000
U06109,2025-10,2,4,157400
U06109,2025-10,3,3,127100
U06109,2025-10,4,6,564000
U06112,2025-07,0,3,138800
U06112,2025-07,1,9,617700
U06112,2025-07,2,3,132000
U06112,2025-07,3,4,243000
U06112,2025-07,4,5,195000
U06113,2025-04,0,1,22000
U06113,2025-04,1,11,443100
U06115,2025-04,0,7,456000
U06115,2025-04,1,5,193950
U06115,2025-04,2,5,151000
U06116,2026-01,0,4,305700
U06119,2025-05,0,5,316700
U06119,2025-05,1,12,505200
U06121,2025-09,0,5,136000
U06123,2025-10,0,8,399250
U06124,2025-10,0,6,356000
U06124,2025-10,1,10,760300
U06124,2025-10,2,8,570600
U06125,2025-05,0,9,439900
U06126,2026-01,0,1,85000
U06126,2026-01,1,5,283000
U06126,2026-01,2,1,45000
U06126,2026-01,3,2,41600
U06126,2026-01,4,3,180850
U06126,2026-01,5,7,483400
U06128,2025-05,0,6,210000
U06130,2025-09,0,8,313550
U06130,2025-09,1,7,395000
U06130,2025-09,2,9,436150
U06130,2025-09,3,7,450200
U06130,2025-09,4,5,230500
U06130,2025-09,5,3,100000
U06130,2025-09,6,3,146000
U06130,2025-09,7,2,44000
U06130,2025-09,8,7,275000
U06130,2025-09,9,7,317200
U06131,2026-05,0,5,411350
U06133,2026-05,0,4,245000
U06134,2025-05,0,7,443950
U06136,2025-08,0,10,494100
U06137,2025-12,0,5,459800
U06139,2026-02,0,2,162100
U06145,2026-04,0,6,323350
U06145,2026-04,1,12,756600
U06147,2025-02,0,6,353100
U06147,2025-02,1,13,502700
U06147,2025-02,2,7,345700
U06147,2025-02,3,4,224400
U06148,2025-01,7,5,191250
U06148,2025-01,8,8,408000
U06150,2026-06,0,10,389000
U06151,2025-05,0,3,158000
U06152,2025-08,0,9,300550
U06153,2025-05,1,6,588000
U06155,2025-01,1,5,212000
U06157,2025-07,0,4,182700
U06157,2025-07,1,2,55000
U06159,2025-01,0,14,849350
U06160,2025-02,0,11,631100
U06160,2025-02,1,4,355000
U06160,2025-02,2,8,342500
U06161,2026-02,0,5,414000
U06162,2025-02,0,8,586600
U06164,2025-10,0,5,316000
U06165,2026-03,0,8,568500
U06166,2026-05,0,4,153000
U06166,2026-05,1,8,508400
U06167,2025-08,0,5,348000
U06168,2025-05,0,5,151000
U06168,2025-05,1,4,254800
U06168,2025-05,2,5,413100
U06169,2026-01,0,7,410600
U06169,2026-01,1,4,258000
U06169,2026-01,2,13,695500
U06169,2026-01,3,4,142100
U06169,2026-01,4,4,165600
U06169,2026-01,5,8,278400
U06170,2025-10,0,5,662000
U06170,2025-10,1,5,367100
U06170,2025-10,2,8,469000
U06170,2025-10,3,7,215600
U06171,2025-04,0,2,76000
U06171,2025-04,1,5,181100
U06171,2025-04,2,4,229000
U06171,2025-04,3,3,84800
U06172,2025-08,0,7,223850
U06173,2025-09,0,5,204000
U06173,2025-09,1,6,246000
U06173,2025-09,2,2,122000
U06173,2025-09,3,4,191000
U06173,2025-09,4,7,708750
U06173,2025-09,5,8,857900
U06173,2025-09,6,2,96000
U06173,2025-09,7,2,64000
U06173,2025-09,8,9,915850
U06173,2025-09,9,9,568600
U06174,2025-12,0,5,380050
U06174,2025-12,1,5,341000
U06174,2025-12,2,6,313600
U06177,2026-02,0,8,442700
U06178,2025-03,0,7,361850
U06180,2025-11,0,3,95000
U06181,2026-03,0,6,309700
U06181,2026-03,1,1,47000
U06181,2026-03,2,3,187600
U06181,2026-03,3,3,166000
U06182,2026-04,0,8,613200
U06186,2025-06,0,5,220000
U06186,2025-06,1,2,80000
U06186,2025-06,2,2,82900
U06186,2025-06,3,5,249300
U06187,2025-06,0,7,566000
U06187,2025-06,1,1,50000
U06189,2025-12,0,6,255500
U06189,2025-12,1,4,265500
U06190,2025-10,0,9,656150
U06192,2025-10,0,12,1076000
U06192,2025-10,1,11,615000
U06192,2025-10,2,3,223000
U06192,2025-10,3,7,373000
U06195,2025-09,0,1,121000
U06196,2025-07,1,5,224000
U06198,2025-02,0,11,722750
U06198,2025-02,1,8,259200
U06198,2025-02,2,8,359150
U06198,2025-02,3,8,403650
U06198,2025-02,4,6,571200
U06198,2025-02,5,5,321000
U06198,2025-02,6,5,372000
U06198,2025-02,7,7,291000
U06198,2025-02,8,6,356000
U06198,2025-02,9,9,619600
U06198,2025-02,10,5,360000
