pelanggan_id,tanggal_daftar,kota,kanal_akuisisi,tahun_lahir,jenis_kelamin,member_premium,tipe_pelanggan
U00001,2026-04-06,Jakarta,iklan_google,1992,P,False,biasa
U00002,2025-04-07,Jakarta,gojek_grab,1992,L,False,biasa
U00003,2025-01-15,Surabaya,referral,1996,L,False,setia
U00004,2025-12-12,Jakarta,iklan_meta,1982,L,False,biasa
U00005,2025-07-17,Surabaya,gojek_grab,1986,L,False,biasa
U00006,2025-09-10,Jakarta,iklan_meta,1988,L,False,biasa
U00007,2025-02-13,Denpasar,iklan_meta,1985,P,True,biasa
U00008,2025-07-20,Jakarta,iklan_meta,1996,L,False,biasa
U00009,2025-12-14,Bandung,iklan_meta,1979,P,False,biasa
U00010,2025-07-11,Surabaya,iklan_meta,1979,L,False,setia
U00011,2026-03-25,Jakarta,referral,1992,P,False,biasa
U00012,2026-03-03,Jakarta,iklan_google,1982,L,False,biasa
U00013,2026-01-16,Bandung,gojek_grab,2004,L,True,biasa
U00014,2026-05-04,Yogyakarta,iklan_google,1982,P,False,biasa
U00015,2026-01-25,Bandung,gojek_grab,1985,P,False,biasa
U00016,2025-04-06,Jakarta,iklan_meta,1993,P,True,biasa
U00017,2026-04-09,Surabaya,iklan_google,1977,P,False,biasa
U00018,2025-12-19,Jakarta,gojek_grab,1983,L,False,biasa
U00019,2025-02-23,Surabaya,gojek_grab,1979,L,False,setia
U00020,2025-06-11,Jakarta,organik,1985,L,True,setia
U00021,2025-03-31,Bandung,iklan_meta,1987,P,True,biasa
U00022,2026-06-07,Jakarta,referral,1999,L,False,biasa
U00023,2026-01-29,Jakarta,iklan_meta,1988,L,False,biasa
U00024,2026-05-12,Bandung,organik,1981,L,False,biasa
U00025,2025-06-02,Bandung,gojek_grab,1995,L,False,biasa
U00026,2025-12-10,Yogyakarta,iklan_meta,1999,P,False,biasa
U00027,2025-11-23,Surabaya,organik,1975,P,False,biasa
U00028,2026-02-11,Bandung,iklan_google,2002,P,False,biasa
U00029,2025-03-05,Jakarta,referral,1995,L,False,setia
U00030,2025-10-06,Jakarta,iklan_meta,2001,P,False,biasa
U00031,2025-12-15,Jakarta,referral,1989,P,False,biasa
U00032,2026-03-22,Yogyakarta,organik,1983,L,False,biasa
U00033,2025-12-21,Jakarta,referral,1976,P,True,biasa
U00034,2025-08-31,Bandung,iklan_meta,1981,P,False,setia
U00035,2025-09-06,Bandung,iklan_meta,1989,P,False,biasa
U00036,2025-07-02,Jakarta,organik,1978,P,False,biasa
U00037,2025-03-26,Bandung,iklan_meta,1975,P,False,biasa
U00038,2025-05-31,Yogyakarta,organik,1990,P,False,biasa
U00039,2025-03-20,Surabaya,iklan_meta,1981,L,True,biasa
U00040,2025-05-03,Surabaya,iklan_google,1990,L,False,biasa
U00041,2026-04-07,Denpasar,referral,1995,P,True,biasa
U00042,2025-10-11,Bandung,iklan_meta,1976,P,False,biasa
U00043,2025-02-19,Jakarta,iklan_google,1978,L,False,biasa
U00044,2025-08-21,Jakarta,iklan_meta,1991,P,True,biasa
U00045,2025-05-27,Jakarta,referral,1983,P,False,biasa
U00046,2025-12-25,Bandung,iklan_google,1998,P,False,biasa
U00047,2026-03-25,Yogyakarta,iklan_meta,1979,P,False,biasa
U00048,2025-01-07,Jakarta,iklan_google,1998,P,False,biasa
U00049,2025-09-09,Jakarta,organik,1999,P,False,setia
U00050,2025-08-30,Jakarta,gojek_grab,1989,P,False,biasa
U00051,2026-06-19,Jakarta,gojek_grab,1984,L,False,biasa
U00052,2025-07-17,Jakarta,organik,1981,P,False,biasa
U00053,2025-03-31,Bandung,referral,2000,L,False,setia
U00054,2025-04-16,Surabaya,organik,1995,L,False,biasa
U00055,2025-09-15,Jakarta,iklan_google,2005,P,False,setia
U00056,2025-11-18,Surabaya,gojek_grab,1980,P,True,setia
U00057,2025-06-26,Bandung,iklan_google,2001,L,False,biasa
U00058,2025-08-24,Jakarta,iklan_meta,1993,P,False,setia
U00059,2025-12-25,Yogyakarta,iklan_meta,1990,L,True,setia
U00060,2025-06-11,Jakarta,gojek_grab,1995,P,False,setia
U00061,2026-06-05,Surabaya,iklan_meta,1976,P,False,biasa
U00062,2025-04-24,Surabaya,iklan_meta,1985,L,False,biasa
U00063,2026-05-21,Jakarta,iklan_meta,1977,P,False,setia
U00064,2026-04-18,Surabaya,referral,1997,P,False,setia
U00065,2026-06-01,Jakarta,organik,1996,L,False,biasa
U00066,2026-03-07,Jakarta,organik,1988,P,True,biasa
U00067,2025-10-13,Yogyakarta,iklan_google,2001,P,False,setia
U00068,2025-11-24,Jakarta,organik,2005,P,False,biasa
U00069,2025-04-22,Surabaya,iklan_meta,1981,L,False,biasa
U00070,2025-07-06,Yogyakarta,iklan_google,2006,L,False,biasa
U00071,2025-09-08,Bandung,organik,1978,L,False,biasa
U00072,2026-05-27,Jakarta,organik,1979,P,False,setia
U00073,2026-03-06,Yogyakarta,iklan_google,1979,P,False,biasa
U00074,2025-11-01,Surabaya,iklan_meta,1994,P,False,setia
U00075,2025-11-18,Bandung,iklan_meta,1997,P,False,setia
U00076,2025-08-22,Jakarta,gojek_grab,1996,P,True,biasa
U00077,2025-08-15,Surabaya,iklan_google,1985,L,False,biasa
U00078,2026-05-02,Surabaya,organik,1989,L,False,biasa
U00079,2025-01-03,Jakarta,organik,2001,P,False,biasa
U00080,2025-06-22,Jakarta,iklan_google,2005,P,False,biasa
U00081,2025-08-09,Yogyakarta,iklan_google,2005,P,False,biasa
U00082,2026-01-11,Yogyakarta,organik,1978,L,False,biasa
U00083,2025-08-11,Bandung,organik,1980,L,False,setia
U00084,2025-06-19,Jakarta,organik,1999,P,False,biasa
U00085,2025-02-12,Surabaya,gojek_grab,1988,L,False,biasa
U00086,2025-05-22,Bandung,referral,1994,L,False,biasa
U00087,2025-02-27,Bandung,gojek_grab,2001,P,False,biasa
U00088,2026-01-14,Jakarta,iklan_google,2001,P,False,biasa
U00089,2025-08-20,Jakarta,referral,1980,P,False,setia
U00090,2025-05-04,Jakarta,gojek_grab,1997,P,True,biasa
U00091,2025-10-19,Jakarta,referral,1983,L,True,setia
U00092,2025-09-24,Surabaya,organik,1999,P,False,setia
U00093,2025-09-13,Denpasar,organik,1978,L,False,biasa
U00094,2025-11-10,Jakarta,referral,1982,L,True,setia
U00095,2025-12-05,Surabaya,gojek_grab,1999,L,False,biasa
U00096,2025-04-13,Jakarta,iklan_meta,1988,P,False,biasa
U00097,2025-03-25,Jakarta,iklan_google,1983,P,False,biasa
U00098,2026-01-30,Jakarta,organik,1996,L,False,biasa
U00099,2026-06-10,Bandung,iklan_google,2000,L,False,biasa
U00100,2025-10-24,Yogyakarta,organik,1983,P,False,setia
U00101,2025-09-01,Jakarta,organik,1977,L,False,biasa
U00102,2025-12-02,Yogyakarta,referral,1980,P,False,biasa
U00103,2025-01-19,Surabaya,iklan_google,1976,L,True,biasa
U00104,2025-07-20,Surabaya,referral,1985,L,False,biasa
U00105,2025-07-13,Bandung,iklan_meta,1993,P,False,biasa
U00106,2025-08-15,Jakarta,gojek_grab,1989,P,False,biasa
U00107,2026-02-06,Yogyakarta,organik,1989,L,False,setia
U00108,2025-09-25,Bandung,organik,1983,L,False,setia
U00109,2026-04-08,Denpasar,organik,1981,P,False,setia
U00110,2025-09-11,Surabaya,organik,1988,P,False,biasa
U00111,2025-01-19,Jakarta,iklan_google,1980,P,False,biasa
U00112,2025-12-31,Surabaya,gojek_grab,2003,L,False,biasa
U00113,2026-03-07,Jakarta,iklan_meta,1981,L,False,biasa
U00114,2025-11-08,Bandung,organik,2003,P,False,biasa
U00115,2026-05-22,Bandung,organik,1984,P,False,biasa
U00116,2025-08-13,Jakarta,referral,1981,P,False,biasa
U00117,2026-03-07,Yogyakarta,organik,2004,P,True,biasa
U00118,2025-01-01,Jakarta,referral,2006,L,False,biasa
U00119,2025-01-22,Surabaya,organik,1996,L,False,setia
U00120,2026-03-05,Bandung,referral,1982,P,False,biasa
U00121,2026-04-17,Surabaya,iklan_google,1988,P,False,biasa
U00122,2025-10-08,Bandung,iklan_meta,1992,L,False,biasa
U00123,2026-02-11,Jakarta,organik,1975,P,False,biasa
U00124,2025-06-26,Bandung,iklan_google,2001,L,True,biasa
U00125,2026-01-28,Bandung,iklan_google,2006,P,False,biasa
U00126,2025-09-27,Jakarta,organik,1997,P,False,biasa
U00127,2025-06-13,Jakarta,iklan_meta,1984,L,False,biasa
U00128,2025-02-20,Jakarta,referral,1991,L,True,setia
U00129,2025-04-05,Jakarta,organik,2002,L,False,biasa
U00130,2026-05-04,Jakarta,referral,2005,L,False,biasa
U00131,2025-08-28,Yogyakarta,iklan_meta,1988,L,True,biasa
U00132,2026-06-19,Bandung,iklan_google,2005,L,True,biasa
U00133,2025-07-10,Jakarta,gojek_grab,1996,L,False,biasa
U00134,2025-02-01,Bandung,organik,1977,L,True,setia
U00135,2025-05-19,Denpasar,gojek_grab,2004,P,False,biasa
U00136,2025-07-13,Bandung,gojek_grab,1985,P,False,biasa
U00137,2026-01-14,Jakarta,iklan_meta,1991,L,True,biasa
U00138,2026-01-30,Jakarta,organik,1978,L,False,biasa
U00139,2026-02-02,Surabaya,referral,1984,P,False,biasa
U00140,2025-06-19,Jakarta,iklan_google,2001,P,False,biasa
U00141,2025-07-25,Jakarta,iklan_meta,1979,L,False,biasa
U00142,2025-11-03,Jakarta,organik,1978,P,False,biasa
U00143,2025-11-24,Jakarta,iklan_meta,2000,P,True,biasa
U00144,2025-08-13,Denpasar,organik,2002,P,False,biasa
U00145,2025-04-13,Surabaya,iklan_meta,1991,L,False,biasa
U00146,2026-02-23,Jakarta,organik,1995,L,False,biasa
U00147,2025-10-09,Denpasar,iklan_google,1976,P,False,biasa
U00148,2026-06-02,Yogyakarta,iklan_google,1978,P,False,biasa
U00149,2026-05-26,Denpasar,organik,2006,L,True,biasa
U00150,2026-04-25,Surabaya,iklan_google,1982,P,False,biasa
U00151,2026-06-03,Jakarta,organik,1979,L,False,biasa
U00152,2025-12-02,Bandung,organik,1983,P,True,setia
U00153,2025-06-11,Jakarta,iklan_meta,1976,L,True,biasa
U00154,2025-03-28,Surabaya,organik,1997,L,False,setia
U00155,2025-02-26,Jakarta,iklan_meta,1980,P,False,biasa
U00156,2026-05-27,Surabaya,iklan_google,1980,P,False,biasa
U00157,2025-05-26,Yogyakarta,iklan_meta,1995,P,False,biasa
U00158,2025-01-13,Denpasar,iklan_meta,1975,P,False,biasa
U00159,2025-01-21,Jakarta,gojek_grab,2002,P,False,biasa
U00160,2025-06-10,Jakarta,gojek_grab,2000,P,False,biasa
U00161,2026-06-13,Yogyakarta,organik,2006,P,False,biasa
U00162,2025-06-02,Surabaya,iklan_google,1975,P,False,biasa
U00163,2025-02-25,Bandung,organik,1996,L,True,biasa
U00164,2025-12-29,Surabaya,iklan_meta,2004,L,False,biasa
U00165,2025-02-02,Surabaya,iklan_meta,1982,P,False,biasa
U00166,2025-09-21,Jakarta,organik,1990,P,False,biasa
U00167,2025-02-16,Yogyakarta,gojek_grab,1978,P,True,setia
U00168,2025-02-20,Jakarta,iklan_meta,1991,P,False,biasa
U00169,2025-07-14,Jakarta,iklan_meta,1987,P,False,biasa
U00170,2025-01-07,Surabaya,referral,1981,P,False,biasa
U00171,2026-04-05,Yogyakarta,iklan_google,1995,L,True,biasa
U00172,2025-11-23,Surabaya,gojek_grab,1994,L,False,biasa
U00173,2026-05-20,Denpasar,organik,1999,P,False,setia
U00174,2025-09-23,Surabaya,organik,1982,P,False,biasa
U00175,2025-10-28,Jakarta,organik,1998,L,False,setia
U00176,2025-11-21,Bandung,iklan_google,1983,L,False,biasa
U00177,2025-09-09,Jakarta,iklan_google,1975,P,False,setia
U00178,2025-11-01,Yogyakarta,organik,1985,P,False,biasa
U00179,2025-11-06,Jakarta,organik,1983,P,False,biasa
U00180,2026-04-26,Bandung,iklan_meta,2002,L,False,biasa
U00181,2025-06-13,Surabaya,gojek_grab,1987,P,False,biasa
U00182,2026-05-11,Jakarta,organik,2005,L,False,setia
U00183,2025-04-04,Bandung,iklan_meta,1975,L,False,setia
U00184,2025-04-12,Yogyakarta,referral,1985,P,True,biasa
U00185,2025-05-18,Jakarta,referral,2004,P,True,biasa
U00186,2026-05-24,Bandung,iklan_google,2000,L,False,setia
U00187,2025-05-13,Jakarta,referral,1995,L,True,biasa
U00188,2026-03-02,Bandung,iklan_meta,2001,P,True,biasa
U00189,2025-11-11,Denpasar,referral,1975,P,False,biasa
U00190,2025-12-12,Jakarta,organik,1996,P,False,biasa
U00191,2025-02-11,Jakarta,organik,1985,P,True,biasa
U00192,2025-12-23,Jakarta,iklan_google,1983,P,False,biasa
U00193,2025-02-07,Bandung,referral,1975,P,False,setia
U00194,2025-10-22,Jakarta,gojek_grab,1994,P,False,biasa
U00195,2026-03-02,Bandung,iklan_meta,1995,P,False,biasa
U00196,2026-05-11,Surabaya,iklan_google,1994,P,False,biasa
U00197,2026-06-19,Jakarta,gojek_grab,1984,P,False,setia
U00198,2025-05-06,Jakarta,gojek_grab,2000,P,False,biasa
U00199,2026-02-19,Bandung,iklan_meta,1992,P,False,biasa
U00200,2025-11-20,Jakarta,iklan_meta,1989,P,False,biasa
U00201,2026-02-01,Surabaya,organik,1981,P,True,setia
U00202,2026-03-16,Bandung,iklan_meta,1977,L,False,setia
U00203,2025-09-14,Surabaya,organik,1986,L,False,setia
U00204,2025-03-14,Jakarta,organik,1991,P,False,setia
U00205,2026-03-02,Denpasar,iklan_meta,1978,L,True,biasa
U00206,2025-11-29,Denpasar,iklan_meta,1995,P,False,biasa
U00207,2025-03-14,Surabaya,organik,2001,L,True,biasa
U00208,2025-08-06,Jakarta,iklan_meta,2003,P,False,biasa
U00209,2025-03-20,Surabaya,iklan_meta,2006,P,False,biasa
U00210,2026-02-18,Jakarta,gojek_grab,1996,L,False,biasa
U00211,2025-06-30,Surabaya,organik,1975,P,True,biasa
U00212,2025-02-06,Bandung,organik,1979,P,False,biasa
U00213,2025-06-03,Surabaya,gojek_grab,1978,P,False,setia
U00214,2025-11-24,Yogyakarta,iklan_meta,1979,P,True,biasa
U00215,2025-11-16,Jakarta,organik,2002,L,False,biasa
U00216,2026-04-08,Bandung,referral,1988,P,False,biasa
U00217,2025-07-14,Jakarta,gojek_grab,1980,P,False,biasa
U00218,2025-12-06,Yogyakarta,organik,1980,L,False,setia
U00219,2026-05-26,Denpasar,gojek_grab,1997,P,True,biasa
U00220,2025-06-23,Jakarta,iklan_meta,1998,P,True,biasa
U00221,2025-01-17,Surabaya,referral,1980,L,False,biasa
U00222,2025-12-21,Jakarta,referral,1981,P,False,biasa
U00223,2025-11-21,Bandung,iklan_meta,1981,P,False,biasa
U00224,2025-07-02,Surabaya,iklan_meta,2004,P,False,biasa
U00225,2025-10-31,Surabaya,iklan_meta,1998,L,True,biasa
U00226,2025-12-28,Denpasar,iklan_meta,2001,L,False,biasa
U00227,2026-03-18,Bandung,organik,2003,P,False,setia
U00228,2025-03-11,Bandung,organik,1980,L,False,biasa
U00229,2025-09-12,Surabaya,organik,1995,P,False,biasa
U00230,2025-06-01,Bandung,organik,1977,L,False,biasa
U00231,2025-06-30,Denpasar,referral,1978,L,False,biasa
U00232,2025-01-18,Yogyakarta,iklan_meta,1983,P,False,biasa
U00233,2025-08-16,Bandung,organik,1988,P,False,biasa
U00234,2025-02-15,Bandung,organik,1978,L,False,setia
U00235,2026-05-16,Jakarta,iklan_google,2004,P,False,biasa
U00236,2025-10-27,Bandung,iklan_google,1988,L,False,biasa
U00237,2025-08-16,Denpasar,organik,1983,L,True,setia
U00238,2025-05-06,Surabaya,iklan_meta,1994,P,False,biasa
U00239,2026-05-23,Bandung,iklan_google,1998,L,False,biasa
U00240,2025-10-06,Denpasar,iklan_google,1982,P,False,biasa
U00241,2026-06-17,Surabaya,organik,1990,L,False,setia
U00242,2025-12-23,Yogyakarta,iklan_meta,1992,P,False,biasa
U00243,2026-06-21,Denpasar,iklan_meta,1990,P,False,biasa
U00244,2026-04-21,Jakarta,iklan_meta,1981,L,False,biasa
U00245,2026-02-05,Surabaya,referral,1989,P,False,biasa
U00246,2025-07-11,Bandung,iklan_google,1993,L,False,biasa
U00247,2026-02-24,Yogyakarta,iklan_meta,2005,P,False,biasa
U00248,2025-06-22,Yogyakarta,iklan_google,1989,P,False,biasa
U00249,2026-04-10,Yogyakarta,gojek_grab,1982,L,False,biasa
U00250,2025-06-19,Jakarta,organik,1998,L,False,biasa
U00251,2025-02-11,Jakarta,referral,2005,L,False,setia
U00252,2025-03-05,Surabaya,iklan_meta,1996,L,True,biasa
U00253,2025-09-03,Jakarta,iklan_meta,1983,L,False,biasa
U00254,2025-12-25,Yogyakarta,referral,2003,L,False,biasa
U00255,2025-06-06,Jakarta,gojek_grab,1995,L,True,biasa
U00256,2026-03-19,Bandung,iklan_google,1989,P,False,biasa
U00257,2025-05-19,Yogyakarta,gojek_grab,1978,L,False,biasa
U00258,2025-09-13,Yogyakarta,organik,1980,P,False,biasa
U00259,2025-07-01,Jakarta,organik,1998,L,False,biasa
U00260,2025-10-29,Denpasar,iklan_google,1992,L,False,setia
U00261,2025-04-13,Bandung,iklan_meta,1998,P,False,biasa
U00262,2026-06-02,Denpasar,organik,1985,L,True,biasa
U00263,2026-05-15,Jakarta,referral,1975,P,False,biasa
U00264,2026-01-13,Jakarta,gojek_grab,1995,L,True,biasa
U00265,2025-10-14,Jakarta,iklan_meta,1980,P,True,biasa
U00266,2026-02-07,Surabaya,iklan_meta,1988,P,False,setia
U00267,2025-09-11,Jakarta,organik,2005,L,False,biasa
U00268,2026-04-26,Bandung,gojek_grab,1978,L,False,biasa
U00269,2025-02-05,Yogyakarta,gojek_grab,1994,L,False,setia
U00270,2025-04-27,Jakarta,iklan_google,1989,P,False,setia
U00271,2025-09-04,Jakarta,iklan_meta,1975,L,True,biasa
U00272,2025-12-18,Jakarta,organik,1990,P,False,biasa
U00273,2026-01-17,Jakarta,iklan_meta,1999,P,False,biasa
U00274,2026-01-23,Jakarta,organik,1981,P,False,biasa
U00275,2026-05-23,Denpasar,gojek_grab,1985,L,True,biasa
U00276,2026-03-31,Jakarta,organik,1986,P,False,setia
U00277,2026-05-10,Jakarta,organik,1982,P,False,setia
U00278,2025-07-05,Jakarta,organik,1993,P,False,setia
U00279,2026-01-11,Surabaya,iklan_google,1994,P,False,biasa
U00280,2026-01-07,Bandung,iklan_meta,1981,P,False,biasa
U00281,2025-11-23,Jakarta,iklan_meta,1975,P,False,biasa
U00282,2025-11-23,Surabaya,iklan_meta,1976,P,False,biasa
U00283,2025-10-11,Surabaya,organik,2006,P,False,biasa
U00284,2025-08-10,Denpasar,iklan_meta,1980,L,False,biasa
U00285,2025-03-15,Jakarta,organik,1975,L,False,setia
U00286,2025-02-24,Surabaya,gojek_grab,1980,P,True,biasa
U00287,2025-01-02,Jakarta,gojek_grab,1985,L,False,biasa
U00288,2025-07-10,Bandung,iklan_meta,1976,P,False,setia
U00289,2025-07-21,Yogyakarta,referral,1990,P,False,biasa
U00290,2026-06-05,Jakarta,iklan_meta,1996,P,False,biasa
U00291,2025-05-11,Denpasar,organik,2000,P,False,biasa
U00292,2025-04-27,Bandung,organik,2001,L,False,biasa
U00293,2025-01-24,Jakarta,iklan_meta,1989,P,False,setia
U00294,2025-03-03,Bandung,organik,1993,P,False,biasa
U00295,2025-12-22,Jakarta,referral,2001,L,False,biasa
U00296,2025-07-18,Surabaya,referral,1990,L,False,biasa
U00297,2025-12-01,Jakarta,gojek_grab,2001,L,False,biasa
U00298,2025-02-24,Denpasar,gojek_grab,1992,P,False,biasa
U00299,2026-02-16,Surabaya,iklan_meta,1981,P,False,biasa
U00300,2025-05-25,Yogyakarta,referral,1979,L,False,biasa
U00301,2025-02-01,Bandung,iklan_google,1989,P,False,setia
U00302,2026-05-09,Denpasar,organik,1976,L,False,setia
U00303,2025-07-14,Jakarta,iklan_meta,2005,P,False,biasa
U00304,2025-06-22,Jakarta,organik,1990,P,False,biasa
U00305,2025-01-26,Jakarta,organik,1980,P,False,biasa
U00306,2025-11-13,Surabaya,referral,1994,P,False,setia
U00307,2025-05-31,Jakarta,iklan_google,1982,L,False,biasa
U00308,2025-05-09,Jakarta,iklan_meta,1976,L,False,biasa
U00309,2026-01-01,Surabaya,iklan_google,1999,P,False,biasa
U00310,2025-12-27,Jakarta,organik,2001,L,False,biasa
U00311,2025-03-20,Jakarta,iklan_meta,1976,L,False,biasa
U00312,2025-03-10,Bandung,iklan_meta,1987,P,False,biasa
U00313,2025-05-11,Surabaya,organik,1989,L,False,biasa
U00314,2026-03-03,Jakarta,gojek_grab,1982,L,False,biasa
U00315,2025-05-24,Surabaya,gojek_grab,1995,L,False,biasa
U00316,2025-08-17,Bandung,iklan_meta,1989,L,False,biasa
U00317,2025-03-11,Yogyakarta,organik,1994,P,False,biasa
U00318,2025-04-10,Surabaya,organik,1990,L,False,biasa
U00319,2025-12-26,Surabaya,iklan_meta,1978,P,False,biasa
U00320,2026-02-14,Jakarta,referral,1976,L,False,biasa
U00321,2026-04-13,Surabaya,organik,1977,L,False,biasa
U00322,2025-10-27,Jakarta,gojek_grab,1979,L,False,biasa
U00323,2025-05-30,Surabaya,iklan_google,1993,P,False,setia
U00324,2025-08-25,Jakarta,gojek_grab,1990,P,False,biasa
U00325,2025-03-26,Surabaya,gojek_grab,1991,L,False,biasa
U00326,2025-05-10,Denpasar,iklan_google,1984,L,False,biasa
U00327,2025-09-17,Jakarta,organik,1994,P,False,biasa
U00328,2026-02-26,Jakarta,iklan_google,1993,P,False,biasa
U00329,2025-05-20,Surabaya,iklan_meta,1993,P,False,biasa
U00330,2025-07-17,Jakarta,iklan_meta,1995,P,False,biasa
U00331,2025-01-21,Jakarta,iklan_meta,1980,P,False,biasa
U00332,2025-01-24,Jakarta,organik,1994,L,False,biasa
U00333,2025-10-23,Jakarta,iklan_meta,1981,L,False,biasa
U00334,2026-06-06,Yogyakarta,organik,1980,P,False,biasa
U00335,2025-11-07,Yogyakarta,gojek_grab,1989,P,False,biasa
U00336,2025-01-17,Surabaya,organik,1992,L,False,biasa
U00337,2025-11-06,Jakarta,organik,1986,P,False,setia
U00338,2025-03-07,Yogyakarta,iklan_meta,1976,P,False,biasa
U00339,2026-01-09,Jakarta,referral,1999,P,False,biasa
U00340,2025-09-09,Jakarta,gojek_grab,1994,P,False,biasa
U00341,2025-07-16,Yogyakarta,iklan_meta,1994,P,False,biasa
U00342,2025-04-23,Jakarta,iklan_meta,1978,L,False,biasa
U00343,2025-04-06,Bandung,organik,1983,L,True,setia
U00344,2025-06-30,Denpasar,gojek_grab,1981,L,False,biasa
U00345,2025-09-01,Jakarta,organik,1998,L,False,setia
U00346,2025-11-03,Jakarta,organik,2004,P,False,setia
U00347,2026-01-08,Yogyakarta,organik,1988,L,False,setia
U00348,2026-06-02,Jakarta,iklan_google,1987,P,False,biasa
U00349,2025-01-18,Jakarta,organik,1975,L,False,biasa
U00350,2026-05-21,Jakarta,gojek_grab,1999,P,False,biasa
U00351,2025-10-31,Jakarta,referral,1976,L,False,biasa
U00352,2025-02-09,Bandung,referral,1982,L,False,biasa
U00353,2026-04-14,Yogyakarta,organik,1977,P,False,biasa
U00354,2026-04-06,Jakarta,iklan_google,1982,P,False,biasa
U00355,2025-06-05,Bandung,gojek_grab,1996,L,False,setia
U00356,2025-04-01,Denpasar,referral,1982,L,False,biasa
U00357,2025-06-12,Denpasar,organik,1993,P,False,biasa
U00358,2026-03-15,Jakarta,organik,1995,P,False,biasa
U00359,2026-05-12,Surabaya,iklan_meta,2000,L,False,biasa
U00360,2025-06-10,Yogyakarta,organik,1993,P,False,biasa
U00361,2025-09-14,Bandung,organik,1995,L,False,biasa
U00362,2026-01-23,Denpasar,organik,2004,P,False,setia
U00363,2025-04-08,Denpasar,iklan_meta,1993,P,False,biasa
U00364,2026-01-24,Yogyakarta,iklan_google,1998,P,False,biasa
U00365,2025-05-02,Denpasar,organik,1997,L,False,biasa
U00366,2026-04-05,Surabaya,organik,1975,P,False,biasa
U00367,2025-03-14,Jakarta,organik,1991,L,False,biasa
U00368,2026-06-13,Jakarta,referral,1984,P,False,biasa
U00369,2026-01-25,Bandung,organik,1987,L,False,setia
U00370,2025-05-29,Bandung,organik,2006,P,False,biasa
U00371,2026-03-12,Jakarta,gojek_grab,1991,L,True,biasa
U00372,2025-12-06,Surabaya,referral,2003,P,False,biasa
U00373,2025-09-15,Denpasar,organik,2004,L,False,biasa
U00374,2026-02-04,Bandung,organik,1997,P,False,biasa
U00375,2026-01-08,Yogyakarta,gojek_grab,1989,P,True,biasa
U00376,2025-02-12,Surabaya,organik,2001,P,True,biasa
U00377,2025-05-04,Denpasar,referral,1975,P,False,biasa
U00378,2025-12-24,Bandung,iklan_meta,1982,P,False,biasa
U00379,2025-08-07,Yogyakarta,referral,1988,L,False,setia
U00380,2025-06-23,Jakarta,iklan_meta,1999,P,False,biasa
U00381,2025-10-22,Jakarta,iklan_meta,1978,L,False,biasa
U00382,2025-03-29,Jakarta,organik,1991,L,True,biasa
U00383,2026-06-15,Surabaya,iklan_google,1984,P,False,biasa
U00384,2025-10-24,Bandung,gojek_grab,1984,L,False,biasa
U00385,2025-01-04,Surabaya,iklan_meta,2002,P,False,biasa
U00386,2025-09-07,Bandung,iklan_meta,1978,L,False,setia
U00387,2026-02-06,Denpasar,referral,1999,P,False,biasa
U00388,2025-11-08,Jakarta,iklan_google,1981,P,False,biasa
U00389,2025-10-03,Jakarta,referral,1997,P,False,setia
U00390,2025-12-13,Jakarta,organik,2001,P,False,biasa
U00391,2025-01-14,Jakarta,referral,1997,P,False,setia
U00392,2025-09-27,Surabaya,gojek_grab,1975,L,True,biasa
U00393,2025-08-06,Yogyakarta,iklan_google,1983,L,False,biasa
U00394,2026-05-04,Bandung,organik,1994,P,False,biasa
U00395,2025-11-12,Jakarta,iklan_google,2001,L,False,biasa
U00396,2025-04-07,Jakarta,iklan_meta,1993,P,False,biasa
U00397,2026-04-06,Jakarta,gojek_grab,1998,L,False,setia
U00398,2025-06-05,Bandung,iklan_google,2005,L,False,setia
U00399,2026-06-22,Jakarta,iklan_meta,1998,P,False,biasa
U00400,2025-07-12,Bandung,iklan_meta,1998,P,True,setia
U00401,2026-04-04,Bandung,organik,1995,L,False,biasa
U00402,2026-02-23,Bandung,gojek_grab,1986,P,False,biasa
U00403,2026-01-26,Surabaya,iklan_google,1987,P,False,biasa
U00404,2025-12-19,Bandung,referral,1983,P,False,biasa
U00405,2025-01-13,Jakarta,iklan_google,1977,P,True,biasa
U00406,2025-04-22,Jakarta,organik,1990,L,False,biasa
U00407,2026-04-17,Bandung,iklan_google,1997,P,True,biasa
U00408,2026-02-06,Jakarta,organik,1997,L,False,biasa
U00409,2025-09-07,Surabaya,organik,2005,L,False,biasa
U00410,2026-02-21,Bandung,iklan_meta,1986,L,True,setia
U00411,2025-12-21,Jakarta,iklan_meta,1992,P,False,setia
U00412,2026-02-20,Bandung,iklan_google,1987,L,True,biasa
U00413,2025-10-15,Jakarta,gojek_grab,1977,L,False,biasa
U00414,2025-02-12,Denpasar,iklan_meta,1990,P,False,setia
U00415,2025-08-09,Jakarta,referral,2000,P,False,biasa
U00416,2025-04-25,Jakarta,iklan_meta,1983,P,False,biasa
U00417,2026-04-11,Bandung,referral,1999,L,True,biasa
U00418,2026-04-29,Bandung,iklan_google,1990,L,True,biasa
U00419,2025-04-20,Jakarta,iklan_meta,1983,P,False,biasa
U00420,2026-04-20,Jakarta,iklan_meta,1979,P,False,biasa
U00421,2025-06-27,Jakarta,iklan_meta,1984,L,False,biasa
U00422,2025-04-22,Jakarta,iklan_google,1990,L,False,biasa
U00423,2025-05-27,Bandung,referral,1976,L,False,setia
U00424,2025-10-25,Surabaya,organik,1984,L,False,biasa
U00425,2025-05-10,Denpasar,iklan_meta,2001,L,False,biasa
U00426,2025-05-22,Jakarta,referral,1998,L,False,setia
U00427,2026-01-13,Jakarta,iklan_meta,2002,L,False,biasa
U00428,2025-08-13,Jakarta,iklan_google,2004,L,False,biasa
U00429,2026-01-12,Bandung,gojek_grab,1994,P,True,biasa
U00430,2025-01-12,Denpasar,iklan_meta,1990,L,False,biasa
U00431,2025-02-22,Jakarta,gojek_grab,1978,P,False,biasa
U00432,2025-06-02,Yogyakarta,organik,1986,L,True,biasa
U00433,2025-07-15,Bandung,iklan_google,1995,P,False,setia
U00434,2025-05-27,Jakarta,iklan_google,2003,L,False,biasa
U00435,2025-08-02,Jakarta,iklan_meta,1997,P,False,biasa
U00436,2026-05-12,Jakarta,organik,1988,L,False,biasa
U00437,2025-09-06,Bandung,organik,1991,P,True,biasa
U00438,2025-11-14,Jakarta,iklan_google,1977,P,False,setia
U00439,2026-03-03,Yogyakarta,organik,1993,P,False,biasa
U00440,2025-04-06,Bandung,iklan_meta,1985,L,False,biasa
U00441,2025-03-19,Jakarta,iklan_google,1997,L,True,biasa
U00442,2025-08-19,Jakarta,gojek_grab,1987,L,True,biasa
U00443,2025-12-02,Jakarta,gojek_grab,1976,L,False,biasa
U00444,2025-09-24,Jakarta,iklan_google,1991,P,False,biasa
U00445,2025-03-06,Jakarta,gojek_grab,1981,P,False,biasa
U00446,2025-12-11,Yogyakarta,iklan_google,2001,L,False,biasa
U00447,2026-05-15,Yogyakarta,iklan_google,1991,P,False,biasa
U00448,2025-10-15,Jakarta,iklan_meta,1976,L,False,biasa
U00449,2026-05-01,Yogyakarta,referral,1990,P,False,setia
U00450,2025-08-16,Jakarta,organik,1994,P,False,biasa
U00451,2025-08-05,Jakarta,organik,1991,P,False,biasa
U00452,2025-06-17,Jakarta,iklan_google,1999,L,False,biasa
U00453,2025-10-08,Jakarta,referral,1980,P,False,biasa
U00454,2025-11-07,Surabaya,organik,1985,L,False,biasa
U00455,2025-02-27,Yogyakarta,gojek_grab,1985,P,False,biasa
U00456,2026-06-11,Denpasar,referral,1981,L,False,biasa
U00457,2025-03-24,Surabaya,organik,1989,L,False,biasa
U00458,2025-10-26,Jakarta,referral,1997,P,False,biasa
U00459,2025-06-17,Denpasar,organik,1977,L,False,biasa
U00460,2026-04-24,Surabaya,referral,2003,L,False,setia
U00461,2025-12-14,Surabaya,organik,1991,P,False,setia
U00462,2025-01-09,Jakarta,organik,1992,P,False,biasa
U00463,2025-01-15,Jakarta,iklan_meta,2006,L,False,biasa
U00464,2025-04-20,Bandung,iklan_google,2002,L,False,biasa
U00465,2026-03-20,Yogyakarta,iklan_google,1999,P,False,biasa
U00466,2026-04-12,Bandung,iklan_meta,1993,P,True,biasa
U00467,2025-10-25,Jakarta,referral,1991,L,False,biasa
U00468,2025-11-04,Jakarta,iklan_meta,1983,P,False,setia
U00469,2025-12-16,Jakarta,iklan_meta,1975,P,False,biasa
U00470,2025-09-21,Yogyakarta,iklan_google,1976,P,False,biasa
U00471,2025-10-03,Denpasar,referral,1979,P,False,setia
U00472,2025-07-19,Bandung,gojek_grab,2005,P,False,biasa
U00473,2025-09-22,Bandung,organik,1977,L,True,biasa
U00474,2025-06-09,Jakarta,gojek_grab,1992,P,False,biasa
U00475,2026-02-08,Bandung,organik,1997,L,True,biasa
U00476,2026-01-02,Bandung,organik,1995,L,True,biasa
U00477,2026-01-23,Jakarta,iklan_google,2000,L,True,biasa
U00478,2025-07-17,Denpasar,organik,1979,L,True,biasa
U00479,2025-08-02,Jakarta,iklan_google,1998,P,False,biasa
U00480,2025-08-24,Jakarta,iklan_meta,2003,P,False,biasa
U00481,2025-11-22,Jakarta,gojek_grab,1989,P,False,biasa
U00482,2026-02-24,Jakarta,referral,1991,L,False,setia
U00483,2025-01-05,Bandung,iklan_meta,1999,P,False,biasa
U00484,2026-05-26,Jakarta,iklan_google,2001,L,False,biasa
U00485,2026-04-11,Denpasar,organik,1990,P,False,setia
U00486,2026-06-21,Surabaya,iklan_meta,2002,L,False,setia
U00487,2025-05-30,Jakarta,referral,1977,P,False,setia
U00488,2025-09-19,Surabaya,iklan_meta,1981,P,True,biasa
U00489,2025-10-23,Yogyakarta,iklan_meta,1998,P,False,biasa
U00490,2025-03-16,Jakarta,organik,2005,P,False,setia
U00491,2025-07-12,Surabaya,iklan_meta,1993,L,False,biasa
U00492,2025-01-14,Bandung,referral,1983,L,True,setia
U00493,2025-03-06,Surabaya,referral,1985,L,False,setia
U00494,2025-09-25,Jakarta,organik,1976,P,True,setia
U00495,2025-06-20,Surabaya,iklan_meta,1991,L,False,biasa
U00496,2025-02-11,Jakarta,iklan_meta,1993,L,False,biasa
U00497,2026-03-28,Surabaya,iklan_meta,1989,P,False,biasa
U00498,2025-03-05,Surabaya,gojek_grab,1984,L,False,setia
U00499,2025-05-06,Jakarta,referral,1993,L,False,biasa
U00500,2025-05-07,Jakarta,organik,1982,P,True,biasa
U00501,2025-10-06,Bandung,iklan_google,2004,L,True,setia
U00502,2026-06-20,Denpasar,organik,1986,L,True,biasa
U00503,2025-01-16,Jakarta,iklan_meta,1996,L,False,biasa
U00504,2025-03-29,Jakarta,iklan_google,1977,P,False,biasa
U00505,2025-06-29,Jakarta,iklan_meta,1999,P,False,biasa
U00506,2025-03-01,Bandung,iklan_meta,1994,L,False,biasa
U00507,2025-01-04,Jakarta,iklan_meta,1997,L,False,biasa
U00508,2026-05-10,Jakarta,organik,1995,L,False,biasa
U00509,2025-05-01,Denpasar,organik,1981,P,False,setia
U00510,2025-12-02,Jakarta,iklan_google,1981,L,False,biasa
U00511,2026-04-23,Surabaya,iklan_google,2006,L,True,biasa
U00512,2026-02-04,Bandung,gojek_grab,1991,P,False,biasa
U00513,2025-01-23,Denpasar,organik,1994,P,False,biasa
U00514,2025-07-11,Surabaya,gojek_grab,1993,P,False,biasa
U00515,2025-01-28,Jakarta,organik,1984,L,True,biasa
U00516,2026-05-20,Denpasar,referral,1991,P,False,biasa
U00517,2025-09-08,Jakarta,iklan_meta,1992,P,True,biasa
U00518,2026-06-12,Jakarta,gojek_grab,1988,P,False,biasa
U00519,2025-08-05,Surabaya,organik,1977,P,False,biasa
U00520,2025-10-29,Yogyakarta,organik,2003,L,False,biasa
U00521,2025-02-03,Denpasar,iklan_google,1977,P,False,biasa
U00522,2026-06-17,Jakarta,referral,1989,P,False,biasa
U00523,2026-04-09,Yogyakarta,referral,1993,P,False,biasa
U00524,2025-10-01,Jakarta,gojek_grab,2000,P,False,biasa
U00525,2025-05-06,Surabaya,referral,1988,P,False,setia
U00526,2025-08-26,Bandung,gojek_grab,2001,L,False,biasa
U00527,2025-08-24,Bandung,organik,1976,P,False,setia
U00528,2026-03-01,Jakarta,iklan_meta,1990,L,False,biasa
U00529,2025-06-10,Jakarta,organik,1980,P,False,biasa
U00530,2025-12-14,Jakarta,referral,1979,P,True,setia
U00531,2026-03-14,Denpasar,iklan_meta,1995,P,False,biasa
U00532,2025-04-19,Jakarta,iklan_meta,1987,P,False,biasa
U00533,2026-02-24,Bandung,organik,2002,L,False,biasa
U00534,2025-10-06,Jakarta,gojek_grab,1994,L,True,biasa
U00535,2025-04-21,Bandung,iklan_meta,1991,P,False,biasa
U00536,2025-01-09,Yogyakarta,organik,1992,L,False,biasa
U00537,2026-04-23,Surabaya,organik,1993,L,False,biasa
U00538,2026-04-18,Jakarta,iklan_google,2000,L,False,setia
U00539,2025-02-04,Jakarta,iklan_google,1981,L,False,biasa
U00540,2025-10-20,Yogyakarta,referral,1992,L,False,setia
U00541,2025-02-20,Yogyakarta,organik,1994,P,False,biasa
U00542,2025-01-25,Bandung,organik,2004,P,False,biasa
U00543,2025-02-01,Jakarta,iklan_meta,1983,P,True,biasa
U00544,2026-05-22,Surabaya,organik,1986,P,False,setia
U00545,2025-10-01,Jakarta,iklan_google,1985,P,False,biasa
U00546,2026-06-24,Jakarta,gojek_grab,1992,P,False,biasa
U00547,2026-02-21,Surabaya,iklan_meta,2004,L,False,biasa
U00548,2026-02-03,Bandung,organik,1995,P,False,biasa
U00549,2025-02-27,Jakarta,gojek_grab,1998,P,False,biasa
U00550,2025-08-21,Jakarta,gojek_grab,1989,L,False,biasa
U00551,2025-11-01,Surabaya,iklan_meta,1992,P,False,biasa
U00552,2025-11-16,Yogyakarta,referral,1995,P,False,setia
U00553,2025-03-16,Bandung,organik,1986,P,False,setia
U00554,2025-01-06,Jakarta,referral,1984,P,False,biasa
U00555,2025-11-27,Bandung,organik,1990,P,False,biasa
U00556,2025-02-28,Denpasar,referral,1982,L,False,biasa
U00557,2026-05-21,Denpasar,organik,1978,L,False,setia
U00558,2025-06-28,Surabaya,iklan_meta,1991,P,False,biasa
U00559,2026-05-16,Yogyakarta,iklan_google,2005,L,False,setia
U00560,2025-08-11,Jakarta,gojek_grab,1978,P,False,biasa
U00561,2025-08-17,Bandung,iklan_meta,1980,P,False,biasa
U00562,2026-02-13,Yogyakarta,iklan_meta,1989,P,True,setia
U00563,2026-05-01,Jakarta,organik,1998,P,False,biasa
U00564,2025-04-03,Jakarta,iklan_meta,1995,L,False,biasa
U00565,2025-08-28,Bandung,iklan_meta,1978,P,True,biasa
U00566,2025-03-04,Jakarta,iklan_meta,1998,L,True,setia
U00567,2026-01-14,Yogyakarta,iklan_google,2005,P,True,biasa
U00568,2026-01-12,Denpasar,gojek_grab,1987,P,False,biasa
U00569,2025-03-18,Surabaya,organik,1987,P,False,biasa
U00570,2026-04-25,Denpasar,iklan_meta,1992,L,False,biasa
U00571,2026-06-14,Bandung,organik,1982,P,False,biasa
U00572,2026-04-21,Surabaya,organik,1981,L,True,setia
U00573,2026-03-10,Yogyakarta,organik,1981,L,False,biasa
U00574,2026-02-05,Denpasar,gojek_grab,1982,L,False,setia
U00575,2025-05-31,Yogyakarta,gojek_grab,2003,L,False,biasa
U00576,2026-06-16,Bandung,organik,1996,P,False,biasa
U00577,2025-06-15,Denpasar,referral,1983,L,False,biasa
U00578,2025-10-09,Denpasar,organik,1979,L,True,setia
U00579,2026-01-15,Bandung,iklan_meta,1977,L,True,biasa
U00580,2026-02-23,Jakarta,iklan_meta,1989,P,False,biasa
U00581,2025-06-26,Surabaya,referral,1992,L,False,setia
U00582,2025-08-14,Jakarta,iklan_meta,1995,L,False,setia
U00583,2025-09-14,Jakarta,referral,1979,L,False,biasa
U00584,2025-07-10,Surabaya,referral,1986,P,False,setia
U00585,2025-06-26,Bandung,gojek_grab,2005,L,False,biasa
U00586,2026-05-07,Denpasar,iklan_google,1989,P,False,biasa
U00587,2025-05-11,Denpasar,iklan_google,1988,P,False,biasa
U00588,2025-08-21,Jakarta,iklan_meta,1986,L,False,biasa
U00589,2025-03-22,Jakarta,iklan_meta,1990,P,False,biasa
U00590,2026-02-08,Jakarta,organik,1979,P,False,setia
U00591,2026-03-12,Jakarta,referral,2004,L,False,setia
U00592,2025-09-26,Bandung,organik,1995,L,False,biasa
U00593,2025-02-03,Denpasar,organik,1983,P,False,biasa
U00594,2025-03-02,Bandung,iklan_meta,1999,L,False,biasa
U00595,2025-05-17,Jakarta,iklan_meta,1992,P,True,biasa
U00596,2025-03-10,Jakarta,gojek_grab,2003,P,False,setia
U00597,2025-05-02,Surabaya,iklan_google,1975,P,False,biasa
U00598,2025-10-03,Jakarta,iklan_meta,1990,P,False,biasa
U00599,2025-11-12,Yogyakarta,gojek_grab,1993,P,False,biasa
U00600,2026-01-18,Surabaya,gojek_grab,1982,L,True,biasa
U00601,2026-05-19,Jakarta,iklan_google,1984,L,False,biasa
U00602,2026-02-05,Jakarta,organik,1975,L,False,setia
U00603,2025-09-13,Jakarta,iklan_meta,1990,P,False,biasa
U00604,2025-07-01,Surabaya,gojek_grab,1982,L,False,setia
U00605,2026-04-15,Bandung,iklan_google,1980,P,False,biasa
U00606,2025-01-05,Denpasar,organik,1980,L,False,setia
U00607,2026-01-30,Surabaya,iklan_meta,1991,L,False,biasa
U00608,2025-10-16,Jakarta,iklan_google,1977,L,False,setia
U00609,2025-09-23,Jakarta,iklan_meta,1985,L,False,biasa
U00610,2025-04-13,Jakarta,iklan_google,1987,P,False,biasa
U00611,2025-06-03,Bandung,gojek_grab,2003,P,False,biasa
U00612,2025-06-22,Yogyakarta,organik,2000,L,False,setia
U00613,2025-01-23,Surabaya,iklan_google,1999,P,False,biasa
U00614,2025-11-02,Denpasar,gojek_grab,1985,L,False,biasa
U00615,2025-11-04,Jakarta,iklan_meta,1997,P,False,biasa
U00616,2025-07-31,Jakarta,iklan_meta,1981,P,True,biasa
U00617,2026-05-02,Bandung,iklan_meta,1990,L,False,biasa
U00618,2025-09-05,Jakarta,iklan_meta,2002,P,False,biasa
U00619,2025-02-09,Surabaya,referral,2004,P,False,biasa
U00620,2025-01-28,Yogyakarta,referral,1991,P,False,biasa
U00621,2025-07-18,Yogyakarta,iklan_google,1984,L,False,biasa
U00622,2025-04-09,Surabaya,iklan_google,1997,P,False,biasa
U00623,2026-04-11,Surabaya,referral,1984,P,False,biasa
U00624,2026-03-31,Bandung,organik,1989,P,False,biasa
U00625,2026-06-05,Jakarta,iklan_google,1975,P,False,biasa
U00626,2025-10-04,Yogyakarta,gojek_grab,2004,L,False,setia
U00627,2025-09-21,Bandung,iklan_meta,1992,P,False,biasa
U00628,2026-04-23,Bandung,referral,2004,P,False,biasa
U00629,2025-12-10,Bandung,iklan_meta,2004,L,True,biasa
U00630,2026-04-08,Bandung,organik,1986,P,False,biasa
U00631,2025-04-16,Surabaya,iklan_meta,1999,P,False,biasa
U00632,2025-04-15,Bandung,referral,2001,P,False,setia
U00633,2025-01-31,Bandung,iklan_google,1984,L,True,biasa
U00634,2025-08-04,Bandung,referral,2003,L,False,biasa
U00635,2026-03-02,Jakarta,iklan_meta,1997,L,False,biasa
U00636,2025-10-11,Yogyakarta,iklan_meta,2005,P,False,biasa
U00637,2025-10-24,Yogyakarta,organik,1992,L,True,biasa
U00638,2025-02-22,Jakarta,gojek_grab,1984,P,False,biasa
U00639,2025-03-10,Bandung,iklan_meta,1995,L,False,biasa
U00640,2025-02-16,Jakarta,referral,1998,P,False,setia
U00641,2025-07-18,Jakarta,iklan_meta,1977,P,False,setia
U00642,2026-03-31,Jakarta,iklan_google,1976,L,False,biasa
U00643,2026-02-04,Jakarta,gojek_grab,1991,L,False,setia
U00644,2026-03-23,Jakarta,organik,1995,P,False,biasa
U00645,2025-06-10,Jakarta,iklan_google,1996,P,False,biasa
U00646,2025-07-26,Jakarta,organik,1990,P,False,biasa
U00647,2026-06-02,Jakarta,gojek_grab,1988,P,False,setia
U00648,2026-01-17,Jakarta,gojek_grab,1993,P,True,biasa
U00649,2026-01-08,Bandung,iklan_meta,1983,P,True,biasa
U00650,2025-10-07,Yogyakarta,organik,2000,P,False,biasa
U00651,2025-02-27,Yogyakarta,iklan_google,1981,L,False,biasa
U00652,2026-02-08,Denpasar,gojek_grab,1992,P,True,biasa
U00653,2025-07-19,Yogyakarta,iklan_google,1999,P,False,biasa
U00654,2025-06-20,Jakarta,referral,1992,L,False,setia
U00655,2026-01-26,Denpasar,referral,1993,L,True,biasa
U00656,2025-09-13,Jakarta,organik,2002,L,False,biasa
U00657,2025-04-02,Yogyakarta,iklan_meta,1975,P,False,biasa
U00658,2026-04-28,Yogyakarta,organik,2004,P,False,setia
U00659,2025-08-02,Jakarta,organik,2002,P,False,biasa
U00660,2026-03-17,Bandung,organik,1991,P,False,biasa
U00661,2025-08-08,Yogyakarta,gojek_grab,1982,L,True,biasa
U00662,2025-06-17,Surabaya,gojek_grab,1995,L,False,biasa
U00663,2026-03-10,Bandung,gojek_grab,1982,P,False,biasa
U00664,2026-04-22,Jakarta,organik,2006,L,False,setia
U00665,2025-06-19,Surabaya,organik,2004,P,False,setia
U00666,2025-08-04,Jakarta,organik,1987,L,False,biasa
U00667,2025-10-26,Yogyakarta,iklan_meta,1985,L,False,setia
U00668,2026-01-04,Bandung,referral,2001,P,False,setia
U00669,2025-09-29,Jakarta,iklan_google,2000,P,True,biasa
U00670,2026-01-20,Denpasar,iklan_google,1992,L,False,biasa
U00671,2026-03-23,Surabaya,gojek_grab,1981,L,False,biasa
U00672,2025-08-05,Jakarta,iklan_meta,2004,L,False,setia
U00673,2026-04-03,Jakarta,gojek_grab,1993,P,False,biasa
U00674,2026-03-23,Jakarta,gojek_grab,1976,P,False,biasa
U00675,2026-06-12,Jakarta,iklan_meta,2006,L,True,biasa
U00676,2025-09-09,Jakarta,iklan_google,1992,L,False,biasa
U00677,2026-04-02,Jakarta,referral,1988,L,True,setia
U00678,2026-06-03,Surabaya,organik,1997,L,False,biasa
U00679,2026-05-24,Jakarta,iklan_meta,1989,P,False,setia
U00680,2026-05-21,Denpasar,organik,1993,P,False,biasa
U00681,2025-07-31,Jakarta,gojek_grab,1987,P,False,biasa
U00682,2026-05-02,Jakarta,iklan_meta,1991,P,False,biasa
U00683,2025-08-24,Denpasar,iklan_meta,1985,L,False,biasa
U00684,2026-05-06,Yogyakarta,organik,2006,P,True,biasa
U00685,2026-03-14,Bandung,gojek_grab,2006,L,False,biasa
U00686,2025-03-21,Jakarta,iklan_meta,1988,P,False,biasa
U00687,2025-03-11,Denpasar,organik,1994,P,True,biasa
U00688,2025-12-17,Bandung,iklan_meta,1979,L,False,biasa
U00689,2025-05-13,Surabaya,iklan_meta,1997,L,False,setia
U00690,2026-02-05,Jakarta,iklan_google,1994,L,False,biasa
U00691,2026-02-26,Yogyakarta,iklan_meta,1983,P,False,biasa
U00692,2025-10-13,Jakarta,organik,1983,P,False,biasa
U00693,2026-02-25,Yogyakarta,organik,1977,L,False,setia
U00694,2025-10-13,Jakarta,organik,1999,L,False,biasa
U00695,2025-11-04,Jakarta,iklan_google,1984,L,False,biasa
U00696,2025-04-19,Jakarta,referral,1979,P,False,biasa
U00697,2025-11-13,Denpasar,organik,1995,P,False,biasa
U00698,2025-03-28,Bandung,iklan_google,1977,P,False,setia
U00699,2025-12-01,Bandung,referral,1986,L,False,biasa
U00700,2026-02-27,Jakarta,organik,1983,L,False,setia
U00701,2026-02-19,Denpasar,referral,1983,P,False,biasa
U00702,2025-03-22,Yogyakarta,organik,1998,L,True,biasa
U00703,2026-03-03,Bandung,referral,1975,L,True,biasa
U00704,2026-01-29,Surabaya,iklan_google,1993,L,False,biasa
U00705,2025-03-22,Jakarta,iklan_google,1976,L,False,biasa
U00706,2025-02-11,Yogyakarta,organik,1985,L,True,biasa
U00707,2025-12-18,Surabaya,gojek_grab,1978,L,False,biasa
U00708,2025-08-11,Jakarta,iklan_meta,1994,P,False,setia
U00709,2025-09-27,Bandung,iklan_meta,1982,P,True,biasa
U00710,2025-01-13,Denpasar,gojek_grab,1984,P,False,biasa
U00711,2025-05-09,Bandung,organik,1997,L,False,setia
U00712,2025-12-23,Yogyakarta,gojek_grab,1992,P,False,biasa
U00713,2025-12-08,Surabaya,organik,1990,P,True,biasa
U00714,2025-06-08,Yogyakarta,gojek_grab,2004,P,True,biasa
U00715,2025-07-04,Denpasar,iklan_meta,1992,P,True,biasa
U00716,2025-09-10,Yogyakarta,gojek_grab,2002,P,False,setia
U00717,2025-07-03,Surabaya,organik,2001,L,False,biasa
U00718,2025-06-04,Bandung,iklan_meta,1986,L,True,biasa
U00719,2025-06-19,Yogyakarta,referral,1980,P,False,setia
U00720,2025-10-06,Jakarta,organik,1994,P,False,biasa
U00721,2025-10-27,Jakarta,organik,1976,L,False,biasa
U00722,2025-12-22,Jakarta,iklan_meta,1986,P,False,setia
U00723,2025-05-15,Yogyakarta,iklan_google,1982,P,True,biasa
U00724,2025-04-01,Jakarta,organik,1983,P,False,biasa
U00725,2025-06-19,Denpasar,organik,1992,L,False,setia
U00726,2026-02-24,Jakarta,iklan_google,1986,P,False,setia
U00727,2026-03-28,Bandung,iklan_google,1992,P,False,biasa
U00728,2026-02-27,Jakarta,referral,1977,L,False,setia
U00729,2025-07-31,Jakarta,iklan_meta,2002,P,False,biasa
U00730,2026-05-24,Jakarta,iklan_google,1979,L,True,setia
U00731,2025-11-05,Surabaya,referral,1995,P,False,setia
U00732,2025-07-25,Jakarta,iklan_google,1977,L,False,biasa
U00733,2025-11-12,Surabaya,referral,1986,P,False,biasa
U00734,2026-04-17,Bandung,organik,2002,L,False,biasa
U00735,2025-08-23,Bandung,iklan_google,1992,L,False,biasa
U00736,2025-02-20,Jakarta,organik,1993,L,False,biasa
U00737,2025-06-15,Jakarta,iklan_meta,1980,P,False,biasa
U00738,2026-06-21,Bandung,iklan_meta,1995,P,False,biasa
U00739,2025-09-08,Denpasar,organik,1990,L,False,biasa
U00740,2025-04-25,Surabaya,organik,1993,P,False,biasa
U00741,2026-04-21,Bandung,organik,1992,L,False,setia
U00742,2025-07-21,Bandung,organik,1986,L,False,setia
U00743,2025-06-22,Jakarta,referral,2005,L,False,biasa
U00744,2025-02-20,Jakarta,iklan_meta,2006,P,False,setia
U00745,2026-05-26,Surabaya,iklan_google,2003,L,False,setia
U00746,2026-03-27,Jakarta,gojek_grab,1983,P,False,biasa
U00747,2025-07-30,Yogyakarta,organik,2001,L,False,biasa
U00748,2025-09-20,Yogyakarta,iklan_meta,2000,P,False,biasa
U00749,2025-05-18,Jakarta,iklan_google,1999,L,False,biasa
U00750,2026-06-04,Jakarta,organik,2004,L,False,biasa
U00751,2026-05-12,Surabaya,iklan_google,1989,L,True,setia
U00752,2025-03-20,Yogyakarta,organik,1987,L,False,biasa
U00753,2025-05-12,Denpasar,gojek_grab,1976,P,False,biasa
U00754,2026-04-27,Surabaya,gojek_grab,2004,P,False,setia
U00755,2025-04-28,Bandung,iklan_meta,2002,L,False,biasa
U00756,2025-07-14,Jakarta,iklan_meta,1984,P,False,biasa
U00757,2026-03-13,Jakarta,iklan_google,2004,P,False,biasa
U00758,2025-05-08,Jakarta,iklan_google,1979,P,False,setia
U00759,2026-04-02,Yogyakarta,gojek_grab,1998,P,False,biasa
U00760,2025-12-21,Denpasar,gojek_grab,2000,P,False,biasa
U00761,2025-04-11,Bandung,gojek_grab,1996,L,False,setia
U00762,2025-01-17,Jakarta,iklan_meta,2001,P,False,biasa
U00763,2025-04-03,Jakarta,iklan_meta,1977,L,False,biasa
U00764,2025-10-11,Surabaya,organik,1993,P,False,setia
U00765,2026-06-03,Jakarta,gojek_grab,1985,L,False,biasa
U00766,2025-09-13,Jakarta,iklan_meta,1993,L,False,biasa
U00767,2025-03-11,Jakarta,referral,1999,P,False,biasa
U00768,2025-01-27,Bandung,organik,2004,P,True,biasa
U00769,2025-04-12,Jakarta,gojek_grab,1990,P,True,setia
U00770,2025-08-23,Jakarta,iklan_google,1978,L,False,biasa
U00771,2025-08-27,Denpasar,iklan_meta,1995,L,False,biasa
U00772,2025-06-14,Yogyakarta,iklan_meta,1989,L,False,biasa
U00773,2025-12-02,Jakarta,organik,2003,P,False,biasa
U00774,2025-05-15,Yogyakarta,iklan_google,1988,P,False,biasa
U00775,2025-05-18,Jakarta,iklan_meta,1987,P,False,biasa
U00776,2026-05-18,Yogyakarta,iklan_google,1997,P,True,biasa
U00777,2025-10-16,Surabaya,referral,1979,P,False,setia
U00778,2025-11-20,Jakarta,iklan_meta,2003,L,False,biasa
U00779,2025-11-05,Jakarta,organik,1979,P,False,biasa
U00780,2025-03-25,Jakarta,iklan_google,2001,L,False,biasa
U00781,2025-11-11,Jakarta,iklan_meta,2001,L,True,biasa
U00782,2026-02-13,Denpasar,organik,1982,L,False,setia
U00783,2025-01-23,Bandung,iklan_google,1979,P,False,biasa
U00784,2025-07-19,Jakarta,gojek_grab,2005,L,False,biasa
U00785,2025-05-31,Surabaya,referral,1987,L,False,biasa
U00786,2025-11-20,Jakarta,referral,2005,P,False,biasa
U00787,2026-05-05,Bandung,iklan_meta,1999,P,False,biasa
U00788,2025-07-25,Surabaya,referral,2005,L,False,biasa
U00789,2025-02-05,Jakarta,gojek_grab,1997,L,False,biasa
U00790,2025-12-11,Jakarta,iklan_meta,1987,P,True,biasa
U00791,2025-06-17,Surabaya,iklan_google,1978,P,False,biasa
U00792,2026-01-04,Bandung,organik,1986,P,False,biasa
U00793,2025-03-17,Jakarta,iklan_google,1987,P,False,biasa
U00794,2025-06-03,Surabaya,referral,1990,L,False,setia
U00795,2025-07-29,Jakarta,referral,1980,P,False,biasa
U00796,2026-03-25,Jakarta,gojek_grab,1991,P,False,biasa
U00797,2025-10-25,Jakarta,gojek_grab,1989,P,True,biasa
U00798,2025-11-30,Surabaya,organik,1975,L,True,biasa
U00799,2026-01-16,Jakarta,iklan_meta,1995,P,False,setia
U00800,2025-11-23,Jakarta,iklan_google,1981,P,False,setia
U00801,2026-04-22,Bandung,organik,1984,P,True,biasa
U00802,2025-04-28,Jakarta,gojek_grab,1986,P,False,biasa
U00803,2025-12-11,Surabaya,gojek_grab,1994,P,False,biasa
U00804,2025-05-18,Bandung,organik,1994,P,False,biasa
U00805,2025-10-28,Surabaya,organik,1994,P,False,setia
U00806,2025-08-02,Yogyakarta,gojek_grab,1988,P,False,biasa
U00807,2026-05-11,Yogyakarta,iklan_meta,1990,L,False,biasa
U00808,2025-01-19,Surabaya,organik,1980,P,False,biasa
U00809,2025-10-24,Jakarta,organik,1991,L,True,biasa
U00810,2025-01-30,Bandung,gojek_grab,1983,P,False,setia
U00811,2025-07-16,Denpasar,organik,1977,P,False,biasa
U00812,2025-12-24,Bandung,iklan_google,1978,L,False,biasa
U00813,2025-05-09,Yogyakarta,organik,1987,P,False,biasa
U00814,2025-06-20,Bandung,organik,1988,P,True,biasa
U00815,2025-12-31,Surabaya,referral,2003,P,False,biasa
U00816,2026-01-24,Surabaya,referral,1976,P,True,setia
U00817,2025-12-16,Jakarta,organik,1979,L,False,biasa
U00818,2025-02-10,Jakarta,organik,2003,P,False,biasa
U00819,2025-07-02,Surabaya,organik,1975,P,True,biasa
U00820,2026-02-04,Jakarta,iklan_meta,2005,P,False,setia
U00821,2026-04-12,Yogyakarta,iklan_google,2000,P,True,biasa
U00822,2025-04-26,Jakarta,referral,1990,P,False,biasa
U00823,2025-08-02,Bandung,organik,1991,P,True,biasa
U00824,2026-04-15,Surabaya,iklan_google,1994,P,True,setia
U00825,2025-03-09,Jakarta,organik,1998,L,False,setia
U00826,2026-05-05,Jakarta,organik,2000,L,False,biasa
U00827,2025-07-23,Bandung,organik,1995,P,False,biasa
U00828,2026-01-08,Jakarta,organik,1995,P,False,setia
U00829,2025-08-26,Bandung,iklan_meta,1999,P,True,biasa
U00830,2025-08-01,Jakarta,iklan_meta,1994,P,False,setia
U00831,2025-07-22,Jakarta,organik,1989,L,False,biasa
U00832,2025-01-14,Bandung,gojek_grab,1978,P,True,biasa
U00833,2026-05-07,Denpasar,gojek_grab,2002,P,False,biasa
U00834,2026-02-16,Jakarta,iklan_google,2004,P,False,biasa
U00835,2026-05-14,Jakarta,organik,1983,P,False,setia
U00836,2025-10-31,Jakarta,iklan_meta,2004,P,True,biasa
U00837,2026-06-03,Jakarta,iklan_google,2006,P,False,biasa
U00838,2025-02-14,Denpasar,organik,1993,L,False,biasa
U00839,2025-07-13,Surabaya,organik,1982,P,False,biasa
U00840,2025-11-05,Jakarta,organik,1984,L,False,biasa
U00841,2025-09-17,Jakarta,organik,1993,P,False,biasa
U00842,2025-01-04,Jakarta,iklan_meta,1997,L,False,biasa
U00843,2025-02-25,Jakarta,gojek_grab,2006,L,False,biasa
U00844,2025-09-01,Denpasar,iklan_meta,2000,L,False,biasa
U00845,2026-03-23,Jakarta,referral,1977,P,False,biasa
U00846,2025-11-28,Jakarta,iklan_google,1989,L,False,biasa
U00847,2025-06-04,Jakarta,iklan_google,2004,P,False,biasa
U00848,2026-03-10,Jakarta,iklan_meta,2006,P,False,biasa
U00849,2026-04-26,Yogyakarta,iklan_meta,1984,L,False,setia
U00850,2025-06-06,Jakarta,referral,1989,P,False,biasa
U00851,2026-05-12,Jakarta,organik,1995,P,False,biasa
U00852,2025-05-06,Bandung,organik,1994,P,False,biasa
U00853,2025-11-08,Surabaya,iklan_google,1984,L,True,biasa
U00854,2025-06-28,Jakarta,gojek_grab,1990,L,False,setia
U00855,2026-01-24,Jakarta,referral,2006,L,False,biasa
U00856,2025-02-01,Bandung,iklan_meta,2000,P,True,biasa
U00857,2025-01-29,Surabaya,gojek_grab,1980,L,True,biasa
U00858,2026-05-19,Jakarta,gojek_grab,1980,L,True,biasa
U00859,2025-04-06,Surabaya,iklan_meta,2004,P,False,biasa
U00860,2026-04-21,Jakarta,iklan_meta,1988,P,False,biasa
U00861,2025-12-27,Jakarta,organik,2004,P,False,setia
U00862,2025-11-22,Surabaya,referral,1993,P,False,biasa
U00863,2026-01-28,Bandung,organik,1986,P,False,biasa
U00864,2025-02-10,Jakarta,organik,1987,P,False,biasa
U00865,2025-01-28,Jakarta,iklan_google,1991,L,False,biasa
U00866,2025-02-15,Jakarta,iklan_google,1989,P,False,biasa
U00867,2025-01-12,Surabaya,gojek_grab,1992,P,False,biasa
U00868,2026-05-19,Jakarta,organik,1984,L,False,setia
U00869,2025-08-30,Denpasar,iklan_google,1978,P,False,biasa
U00870,2025-03-09,Bandung,iklan_google,1988,L,True,setia
U00871,2025-06-20,Surabaya,iklan_meta,1996,P,False,biasa
U00872,2025-03-20,Jakarta,iklan_google,1999,L,False,biasa
U00873,2026-05-04,Jakarta,iklan_google,2006,P,False,biasa
U00874,2026-03-01,Jakarta,gojek_grab,2003,L,False,biasa
U00875,2025-01-04,Bandung,iklan_meta,1989,P,False,biasa
U00876,2025-06-12,Denpasar,iklan_meta,1988,L,False,biasa
U00877,2025-12-21,Jakarta,organik,2000,L,False,biasa
U00878,2025-08-11,Jakarta,organik,1991,L,False,biasa
U00879,2025-05-01,Jakarta,referral,1982,P,True,biasa
U00880,2025-08-10,Surabaya,iklan_meta,1997,L,False,biasa
U00881,2025-08-19,Jakarta,iklan_meta,1988,P,False,biasa
U00882,2026-01-14,Jakarta,iklan_google,1994,P,False,biasa
U00883,2025-10-27,Jakarta,iklan_meta,1986,P,False,biasa
U00884,2025-09-13,Bandung,iklan_google,1996,P,False,biasa
U00885,2025-11-28,Jakarta,iklan_meta,2002,P,False,biasa
U00886,2026-03-15,Jakarta,organik,2004,P,False,setia
U00887,2025-02-19,Bandung,organik,1999,P,False,biasa
U00888,2025-09-25,Yogyakarta,referral,2001,P,False,biasa
U00889,2026-02-13,Yogyakarta,iklan_google,1989,L,False,setia
U00890,2025-06-06,Surabaya,iklan_meta,1998,L,True,biasa
U00891,2026-04-14,Jakarta,organik,1990,L,False,setia
U00892,2025-04-16,Yogyakarta,organik,1999,P,False,setia
U00893,2025-01-19,Surabaya,iklan_meta,2001,L,False,setia
U00894,2026-02-12,Jakarta,iklan_google,2004,L,True,biasa
U00895,2026-02-17,Yogyakarta,organik,1995,P,True,biasa
U00896,2025-04-29,Bandung,iklan_google,2000,P,False,biasa
U00897,2026-06-21,Bandung,organik,1995,L,True,biasa
U00898,2025-11-25,Jakarta,iklan_google,2003,P,False,biasa
U00899,2025-01-20,Jakarta,iklan_meta,1978,P,True,setia
U00900,2025-11-21,Yogyakarta,organik,2001,P,False,biasa
U00901,2025-07-08,Jakarta,gojek_grab,2001,L,False,biasa
U00902,2026-06-05,Jakarta,iklan_meta,1976,L,False,biasa
U00903,2025-05-29,Bandung,gojek_grab,2001,L,False,biasa
U00904,2025-02-18,Surabaya,organik,1991,L,False,biasa
U00905,2026-04-19,Jakarta,referral,1996,P,True,biasa
U00906,2025-04-23,Jakarta,gojek_grab,1988,P,False,setia
U00907,2025-06-27,Yogyakarta,iklan_meta,1982,L,False,biasa
U00908,2025-12-24,Bandung,iklan_google,1980,L,False,biasa
U00909,2025-06-27,Jakarta,iklan_google,2005,P,False,biasa
U00910,2025-06-28,Jakarta,organik,1988,P,False,biasa
U00911,2025-09-25,Surabaya,referral,1977,L,False,biasa
U00912,2025-03-11,Jakarta,referral,2004,L,False,biasa
U00913,2025-10-20,Jakarta,gojek_grab,1975,L,False,setia
U00914,2026-04-29,Jakarta,iklan_google,1991,L,False,biasa
U00915,2026-06-21,Bandung,organik,2000,P,False,biasa
U00916,2026-01-30,Jakarta,organik,2003,P,True,setia
U00917,2025-11-17,Jakarta,iklan_meta,1985,P,True,biasa
U00918,2025-05-01,Surabaya,iklan_google,1991,P,False,biasa
U00919,2026-04-17,Jakarta,organik,2006,L,False,biasa
U00920,2025-02-21,Jakarta,iklan_google,2002,P,False,biasa
U00921,2026-01-19,Jakarta,iklan_google,1988,P,False,biasa
U00922,2026-03-31,Surabaya,iklan_google,1994,L,False,biasa
U00923,2025-09-08,Jakarta,iklan_google,2000,P,False,biasa
U00924,2025-11-04,Surabaya,gojek_grab,1987,L,False,biasa
U00925,2026-03-15,Jakarta,gojek_grab,1993,P,False,setia
U00926,2026-05-17,Bandung,organik,1981,L,False,biasa
U00927,2025-01-18,Bandung,gojek_grab,2000,P,False,biasa
U00928,2025-10-07,Jakarta,gojek_grab,1998,L,False,biasa
U00929,2025-08-10,Surabaya,organik,1999,P,False,biasa
U00930,2025-05-05,Bandung,organik,1994,L,False,biasa
U00931,2026-04-12,Surabaya,organik,1994,L,False,setia
U00932,2025-03-14,Bandung,iklan_meta,1994,P,False,setia
U00933,2025-07-01,Bandung,iklan_google,1998,P,False,setia
U00934,2025-08-14,Denpasar,iklan_meta,1980,P,False,biasa
U00935,2025-05-03,Yogyakarta,organik,1978,P,False,biasa
U00936,2026-01-05,Denpasar,organik,1983,L,False,biasa
U00937,2025-12-12,Bandung,organik,1979,P,False,setia
U00938,2025-01-03,Surabaya,referral,1995,L,False,biasa
U00939,2025-03-26,Bandung,iklan_meta,2003,P,False,biasa
U00940,2025-08-02,Jakarta,organik,2006,P,False,biasa
U00941,2026-04-21,Jakarta,iklan_meta,2001,P,True,setia
U00942,2025-08-07,Bandung,organik,1998,L,False,setia
U00943,2025-08-18,Jakarta,iklan_google,2004,P,False,setia
U00944,2025-12-29,Jakarta,iklan_meta,1997,P,False,biasa
U00945,2026-03-02,Jakarta,iklan_google,1976,L,False,biasa
U00946,2025-04-16,Jakarta,iklan_meta,1991,L,False,biasa
U00947,2025-12-28,Yogyakarta,referral,2003,L,False,biasa
U00948,2026-04-19,Surabaya,gojek_grab,1985,P,False,biasa
U00949,2026-04-26,Bandung,iklan_meta,1985,L,True,biasa
U00950,2025-06-25,Jakarta,referral,1978,L,False,biasa
U00951,2026-02-20,Denpasar,iklan_meta,1992,P,False,setia
U00952,2026-03-23,Jakarta,organik,1991,P,False,biasa
U00953,2025-03-24,Denpasar,organik,1990,P,True,biasa
U00954,2026-03-23,Bandung,iklan_google,1977,P,True,biasa
U00955,2026-05-16,Bandung,gojek_grab,1984,P,False,biasa
U00956,2026-04-23,Bandung,iklan_meta,1993,P,False,biasa
U00957,2026-04-16,Bandung,iklan_meta,2002,P,True,biasa
U00958,2025-05-20,Bandung,iklan_meta,1989,L,False,biasa
U00959,2025-09-27,Denpasar,organik,1991,P,True,biasa
U00960,2026-03-30,Bandung,gojek_grab,1991,P,False,biasa
U00961,2025-02-17,Bandung,iklan_google,1987,L,False,biasa
U00962,2025-05-05,Jakarta,referral,1976,L,False,biasa
U00963,2025-04-23,Jakarta,iklan_google,1999,L,False,biasa
U00964,2025-08-04,Jakarta,iklan_google,1979,P,True,setia
U00965,2025-03-03,Jakarta,referral,1987,P,False,biasa
U00966,2025-04-06,Yogyakarta,gojek_grab,1990,P,True,biasa
U00967,2026-06-17,Jakarta,referral,2002,P,False,biasa
U00968,2025-09-19,Yogyakarta,iklan_google,1999,P,False,biasa
U00969,2026-03-17,Jakarta,referral,1995,P,False,biasa
U00970,2025-02-10,Jakarta,iklan_meta,1981,L,False,biasa
U00971,2025-01-28,Jakarta,gojek_grab,1981,P,False,biasa
U00972,2026-06-01,Surabaya,organik,1981,P,False,setia
U00973,2026-06-04,Yogyakarta,iklan_google,1987,P,False,biasa
U00974,2025-01-08,Surabaya,gojek_grab,1980,L,False,biasa
U00975,2025-05-12,Yogyakarta,organik,1979,P,False,biasa
U00976,2025-09-26,Surabaya,organik,1977,L,False,biasa
U00977,2025-12-13,Yogyakarta,iklan_meta,1992,P,False,biasa
U00978,2026-03-29,Denpasar,gojek_grab,1992,L,False,biasa
U00979,2025-01-06,Denpasar,iklan_meta,1998,P,False,setia
U00980,2025-03-13,Bandung,iklan_meta,1997,L,False,biasa
U00981,2025-01-12,Jakarta,organik,2004,P,True,biasa
U00982,2025-11-19,Bandung,gojek_grab,1992,L,False,biasa
U00983,2025-10-19,Denpasar,referral,1976,P,False,biasa
U00984,2025-10-14,Jakarta,iklan_google,1993,L,False,biasa
U00985,2025-04-19,Surabaya,iklan_google,1994,L,False,biasa
U00986,2026-02-14,Bandung,iklan_google,1989,L,False,biasa
U00987,2026-05-09,Jakarta,referral,2002,L,True,biasa
U00988,2026-01-13,Jakarta,iklan_meta,1990,L,False,setia
U00989,2026-06-16,Yogyakarta,gojek_grab,1981,L,False,biasa
U00990,2026-03-22,Surabaya,organik,1992,L,False,biasa
U00991,2025-02-15,Jakarta,organik,1986,P,False,biasa
U00992,2026-03-05,Surabaya,gojek_grab,1991,P,True,biasa
U00993,2025-11-30,Yogyakarta,iklan_meta,1977,P,False,biasa
U00994,2025-11-11,Jakarta,organik,1988,L,False,setia
U00995,2025-04-19,Surabaya,organik,2000,P,False,biasa
U00996,2025-07-08,Yogyakarta,referral,1988,L,False,setia
U00997,2025-07-12,Jakarta,gojek_grab,1988,L,True,biasa
U00998,2025-02-28,Jakarta,iklan_google,1995,P,False,biasa
U00999,2025-06-30,Bandung,referral,1982,P,False,biasa
U01000,2025-03-30,Jakarta,gojek_grab,2001,L,False,biasa
U01001,2025-09-03,Denpasar,organik,1993,L,False,setia
U01002,2026-04-16,Jakarta,iklan_google,1991,L,False,biasa
U01003,2026-02-06,Jakarta,referral,1992,P,False,setia
U01004,2025-05-24,Jakarta,gojek_grab,1981,L,False,biasa
U01005,2025-11-11,Jakarta,iklan_google,1993,L,False,setia
U01006,2026-04-28,Denpasar,iklan_meta,1999,L,True,biasa
U01007,2026-05-28,Surabaya,referral,1991,P,False,setia
U01008,2025-06-15,Surabaya,referral,1977,L,False,setia
U01009,2025-06-16,Bandung,organik,2006,P,True,setia
U01010,2025-01-31,Yogyakarta,organik,1985,L,False,setia
U01011,2026-02-18,Bandung,iklan_meta,2001,P,True,setia
U01012,2025-06-06,Bandung,gojek_grab,1978,P,False,biasa
U01013,2025-07-12,Denpasar,iklan_meta,1980,L,False,setia
U01014,2025-07-27,Jakarta,iklan_meta,1987,P,False,biasa
U01015,2025-02-23,Yogyakarta,iklan_google,1983,P,False,biasa
U01016,2025-02-25,Bandung,iklan_google,1999,L,True,setia
U01017,2025-11-11,Jakarta,organik,2005,P,False,setia
U01018,2025-08-21,Jakarta,organik,1978,L,False,biasa
U01019,2025-06-27,Jakarta,gojek_grab,1992,P,False,biasa
U01020,2026-03-07,Jakarta,organik,1975,P,False,biasa
U01021,2025-04-27,Surabaya,gojek_grab,2000,P,False,biasa
U01022,2025-08-12,Jakarta,iklan_meta,1975,P,False,biasa
U01023,2025-06-20,Jakarta,organik,1977,L,True,biasa
U01024,2025-09-24,Jakarta,iklan_meta,1997,P,False,setia
U01025,2025-03-13,Yogyakarta,organik,1977,P,True,biasa
U01026,2026-06-24,Bandung,referral,1987,L,False,biasa
U01027,2025-06-08,Jakarta,iklan_google,1995,P,False,biasa
U01028,2025-04-27,Surabaya,organik,1989,L,False,biasa
U01029,2026-01-13,Bandung,organik,1994,P,False,biasa
U01030,2025-10-21,Yogyakarta,iklan_google,1996,L,False,biasa
U01031,2026-02-07,Yogyakarta,gojek_grab,1995,L,False,biasa
U01032,2026-06-18,Yogyakarta,iklan_meta,2006,P,False,biasa
U01033,2026-01-12,Jakarta,referral,1988,P,False,biasa
U01034,2025-09-25,Yogyakarta,iklan_meta,1982,L,True,biasa
U01035,2025-06-24,Bandung,organik,1975,L,False,biasa
U01036,2025-11-16,Yogyakarta,organik,1976,P,False,biasa
U01037,2026-05-08,Yogyakarta,referral,2003,L,False,biasa
U01038,2025-10-23,Surabaya,gojek_grab,1990,P,True,biasa
U01039,2025-10-26,Bandung,iklan_meta,1994,L,False,biasa
U01040,2025-03-04,Jakarta,iklan_google,1991,L,False,biasa
U01041,2025-08-26,Jakarta,iklan_meta,1995,P,False,biasa
U01042,2026-01-22,Denpasar,organik,1988,L,False,biasa
U01043,2026-03-20,Yogyakarta,iklan_google,1991,L,False,biasa
U01044,2026-05-08,Jakarta,iklan_meta,2000,L,False,biasa
U01045,2025-12-17,Surabaya,organik,1976,L,False,setia
U01046,2026-05-16,Surabaya,iklan_meta,1984,P,False,biasa
U01047,2025-02-03,Bandung,iklan_google,1986,P,True,biasa
U01048,2025-11-13,Jakarta,organik,1998,P,False,biasa
U01049,2025-05-20,Jakarta,gojek_grab,2002,P,True,biasa
U01050,2025-07-10,Denpasar,iklan_meta,1977,L,False,setia
U01051,2026-05-26,Surabaya,iklan_meta,1997,L,False,biasa
U01052,2025-12-31,Jakarta,iklan_meta,1986,L,False,biasa
U01053,2025-08-28,Jakarta,organik,2001,P,False,biasa
U01054,2026-05-26,Jakarta,iklan_meta,2005,P,False,biasa
U01055,2025-08-03,Surabaya,iklan_meta,1980,P,False,biasa
U01056,2026-06-13,Bandung,iklan_meta,1980,P,False,biasa
U01057,2025-06-08,Yogyakarta,iklan_google,1990,L,True,biasa
U01058,2025-06-02,Yogyakarta,iklan_google,2006,L,False,setia
U01059,2025-12-14,Yogyakarta,iklan_meta,2005,P,False,biasa
U01060,2026-05-21,Jakarta,gojek_grab,1977,L,True,setia
U01061,2025-02-12,Denpasar,iklan_meta,1976,L,True,setia
U01062,2026-01-30,Denpasar,referral,2005,L,True,biasa
U01063,2025-08-12,Jakarta,iklan_meta,1996,P,True,biasa
U01064,2026-04-16,Bandung,iklan_meta,1979,L,True,biasa
U01065,2026-02-25,Jakarta,referral,1986,P,False,biasa
U01066,2025-04-01,Bandung,iklan_google,1985,P,False,biasa
U01067,2025-12-29,Jakarta,gojek_grab,1989,L,False,biasa
U01068,2026-06-12,Surabaya,referral,1984,P,False,setia
U01069,2025-03-22,Jakarta,gojek_grab,1987,L,False,biasa
U01070,2026-02-11,Bandung,iklan_google,1994,L,False,setia
U01071,2025-02-28,Bandung,iklan_google,2001,P,False,biasa
U01072,2025-03-31,Bandung,iklan_meta,1992,P,False,biasa
U01073,2025-05-21,Jakarta,referral,1991,L,False,biasa
U01074,2025-10-19,Yogyakarta,gojek_grab,2000,L,False,setia
U01075,2026-02-28,Jakarta,iklan_meta,1998,L,False,biasa
U01076,2025-03-02,Yogyakarta,organik,2004,L,False,biasa
U01077,2025-01-22,Jakarta,organik,1990,P,False,biasa
U01078,2026-01-27,Denpasar,organik,1986,L,False,biasa
U01079,2025-06-24,Denpasar,iklan_meta,2000,P,False,biasa
U01080,2025-11-18,Bandung,organik,1982,P,True,biasa
U01081,2025-08-18,Denpasar,organik,1988,P,False,biasa
U01082,2025-11-09,Jakarta,iklan_google,1993,L,False,biasa
U01083,2025-06-28,Surabaya,organik,1997,P,True,setia
U01084,2026-04-03,Bandung,iklan_meta,1995,P,False,biasa
U01085,2025-03-04,Jakarta,gojek_grab,1975,L,False,biasa
U01086,2026-02-20,Bandung,organik,1988,L,True,biasa
U01087,2025-08-20,Jakarta,organik,1999,L,False,biasa
U01088,2025-02-19,Surabaya,iklan_google,1991,P,False,biasa
U01089,2026-05-02,Surabaya,organik,1976,P,False,biasa
U01090,2026-02-16,Jakarta,referral,2003,L,False,setia
U01091,2025-03-25,Bandung,iklan_google,1988,P,False,biasa
U01092,2025-10-20,Yogyakarta,organik,1983,L,True,setia
U01093,2025-03-26,Bandung,referral,2005,L,True,biasa
U01094,2025-04-12,Jakarta,referral,1998,P,False,biasa
U01095,2025-06-10,Bandung,iklan_meta,2001,P,True,biasa
U01096,2025-07-07,Surabaya,gojek_grab,1980,P,False,biasa
U01097,2026-06-16,Jakarta,organik,1992,L,False,biasa
U01098,2025-10-02,Bandung,referral,2004,P,False,biasa
U01099,2025-08-15,Denpasar,iklan_google,1996,P,False,biasa
U01100,2026-04-09,Bandung,organik,1997,P,True,biasa
U01101,2025-01-21,Yogyakarta,referral,2003,L,False,biasa
U01102,2026-04-22,Yogyakarta,iklan_google,1975,P,False,biasa
U01103,2025-01-20,Jakarta,organik,1984,P,False,biasa
U01104,2025-02-25,Surabaya,gojek_grab,1994,L,False,biasa
U01105,2025-01-18,Jakarta,iklan_google,2006,P,False,biasa
U01106,2025-08-27,Jakarta,iklan_meta,2004,L,False,setia
U01107,2026-06-13,Surabaya,referral,1988,P,False,setia
U01108,2026-04-01,Jakarta,iklan_google,1985,P,False,biasa
U01109,2025-02-08,Denpasar,iklan_google,1980,P,False,biasa
U01110,2025-11-22,Denpasar,gojek_grab,1990,P,False,setia
U01111,2026-05-22,Jakarta,gojek_grab,2000,L,False,biasa
U01112,2026-04-07,Bandung,organik,1991,L,False,setia
U01113,2025-06-02,Bandung,iklan_google,1999,P,False,biasa
U01114,2025-11-19,Yogyakarta,iklan_meta,1986,L,False,setia
U01115,2025-07-10,Jakarta,iklan_meta,1996,L,False,biasa
U01116,2025-05-01,Denpasar,organik,2002,P,False,biasa
U01117,2026-04-22,Jakarta,organik,2004,P,False,setia
U01118,2025-09-29,Yogyakarta,referral,1990,L,False,biasa
U01119,2025-09-14,Jakarta,referral,2006,P,False,biasa
U01120,2025-10-06,Yogyakarta,organik,2002,L,False,biasa
U01121,2025-04-25,Jakarta,referral,1976,L,False,biasa
U01122,2026-04-28,Bandung,iklan_meta,1989,L,False,biasa
U01123,2025-11-19,Jakarta,gojek_grab,1977,L,False,biasa
U01124,2025-07-12,Surabaya,iklan_meta,1983,L,False,biasa
U01125,2025-11-20,Jakarta,iklan_meta,1989,P,True,biasa
U01126,2025-05-07,Yogyakarta,organik,1977,P,False,biasa
U01127,2025-09-21,Denpasar,organik,1995,L,False,biasa
U01128,2026-02-09,Yogyakarta,organik,1992,L,False,setia
U01129,2026-03-24,Jakarta,iklan_meta,1991,L,False,biasa
U01130,2025-08-15,Yogyakarta,organik,1978,P,False,biasa
U01131,2026-01-22,Bandung,iklan_meta,1983,P,False,biasa
U01132,2025-09-19,Jakarta,organik,1979,L,False,biasa
U01133,2025-02-11,Jakarta,iklan_meta,1999,P,True,biasa
U01134,2026-06-12,Jakarta,iklan_google,1977,L,False,biasa
U01135,2026-04-15,Jakarta,iklan_meta,1975,P,True,biasa
U01136,2025-12-31,Jakarta,organik,1987,L,False,biasa
U01137,2025-01-28,Yogyakarta,iklan_google,1995,L,False,biasa
U01138,2025-12-29,Jakarta,referral,1979,L,True,biasa
U01139,2025-05-09,Yogyakarta,iklan_meta,1979,P,False,biasa
U01140,2026-05-20,Yogyakarta,referral,1991,L,False,biasa
U01141,2025-02-18,Denpasar,gojek_grab,1989,P,True,biasa
U01142,2026-01-22,Jakarta,iklan_google,1984,P,False,biasa
U01143,2025-07-31,Denpasar,referral,2003,L,True,biasa
U01144,2026-05-31,Bandung,gojek_grab,1979,L,False,biasa
U01145,2026-02-27,Yogyakarta,iklan_meta,1977,L,False,biasa
U01146,2025-12-08,Surabaya,gojek_grab,2002,P,False,biasa
U01147,2025-10-09,Jakarta,organik,2000,L,False,biasa
U01148,2025-11-14,Jakarta,iklan_google,1987,L,True,setia
U01149,2025-11-27,Bandung,iklan_meta,2006,P,False,biasa
U01150,2025-06-03,Jakarta,iklan_meta,1995,P,False,biasa
U01151,2025-10-17,Yogyakarta,organik,1995,P,False,setia
U01152,2025-05-05,Bandung,gojek_grab,1989,P,False,biasa
U01153,2025-05-29,Yogyakarta,organik,2002,P,False,biasa
U01154,2025-10-15,Surabaya,organik,2005,P,False,biasa
U01155,2025-12-09,Yogyakarta,referral,2004,P,False,biasa
U01156,2025-02-01,Surabaya,referral,1994,P,False,biasa
U01157,2026-06-15,Yogyakarta,iklan_meta,1989,L,False,setia
U01158,2025-04-01,Jakarta,iklan_google,1992,P,False,biasa
U01159,2025-10-26,Bandung,referral,1988,P,False,biasa
U01160,2026-01-18,Jakarta,gojek_grab,1978,P,True,biasa
U01161,2025-05-26,Jakarta,organik,1992,P,False,biasa
U01162,2026-01-02,Jakarta,referral,1987,P,False,biasa
U01163,2025-10-01,Jakarta,iklan_meta,1996,P,False,biasa
U01164,2025-01-16,Surabaya,gojek_grab,2005,L,False,biasa
U01165,2026-04-15,Jakarta,iklan_meta,1981,L,False,biasa
U01166,2025-03-30,Jakarta,organik,1992,L,False,biasa
U01167,2025-03-07,Yogyakarta,gojek_grab,1979,P,False,biasa
U01168,2025-11-30,Surabaya,gojek_grab,1992,P,False,biasa
U01169,2025-04-13,Jakarta,organik,2000,L,False,biasa
U01170,2025-08-09,Bandung,organik,1989,L,True,biasa
U01171,2025-01-19,Bandung,organik,1977,P,False,biasa
U01172,2025-11-15,Surabaya,iklan_meta,1995,L,False,biasa
U01173,2026-04-18,Jakarta,organik,1983,L,False,biasa
U01174,2025-03-11,Bandung,gojek_grab,1993,P,False,biasa
U01175,2025-11-06,Bandung,iklan_meta,1977,P,False,biasa
U01176,2026-04-11,Yogyakarta,iklan_google,2001,P,False,biasa
U01177,2025-04-26,Jakarta,iklan_google,2006,L,False,biasa
U01178,2025-05-20,Jakarta,gojek_grab,1975,P,False,biasa
U01179,2025-09-06,Jakarta,gojek_grab,1997,P,False,setia
U01180,2025-07-22,Bandung,referral,2004,P,False,biasa
U01181,2025-02-15,Jakarta,organik,1994,P,True,setia
U01182,2025-08-31,Surabaya,iklan_meta,1984,L,False,biasa
U01183,2026-05-10,Yogyakarta,iklan_google,1996,L,False,biasa
U01184,2025-11-17,Jakarta,iklan_meta,1976,P,False,biasa
U01185,2025-06-21,Denpasar,organik,1993,P,False,biasa
U01186,2026-06-14,Bandung,organik,1984,P,False,biasa
U01187,2025-02-17,Surabaya,iklan_google,1999,L,False,biasa
U01188,2025-04-24,Jakarta,organik,2003,L,False,setia
U01189,2026-06-17,Yogyakarta,iklan_meta,1977,P,False,setia
U01190,2025-03-29,Jakarta,iklan_meta,1999,P,False,biasa
U01191,2026-03-16,Yogyakarta,organik,2006,L,True,biasa
U01192,2025-03-20,Surabaya,referral,1984,P,False,biasa
U01193,2025-05-01,Jakarta,iklan_google,1983,L,False,biasa
U01194,2026-02-23,Surabaya,gojek_grab,1991,L,False,biasa
U01195,2025-12-19,Denpasar,referral,2005,L,False,biasa
U01196,2025-07-26,Surabaya,gojek_grab,1990,P,False,biasa
U01197,2025-05-25,Jakarta,referral,1989,L,True,biasa
U01198,2026-05-16,Bandung,iklan_meta,2006,P,False,biasa
U01199,2025-09-08,Denpasar,iklan_google,1980,P,False,biasa
U01200,2025-02-05,Yogyakarta,referral,1987,P,False,biasa
U01201,2026-03-02,Surabaya,iklan_google,1983,P,True,biasa
U01202,2025-10-15,Jakarta,organik,1983,P,False,biasa
U01203,2025-04-01,Bandung,referral,1991,L,True,setia
U01204,2026-02-13,Jakarta,gojek_grab,1981,L,False,biasa
U01205,2025-10-06,Yogyakarta,iklan_meta,2001,L,True,biasa
U01206,2025-10-01,Bandung,iklan_google,2001,L,False,biasa
U01207,2026-04-03,Yogyakarta,organik,2001,L,False,biasa
U01208,2025-08-08,Jakarta,organik,1976,P,False,biasa
U01209,2025-01-23,Jakarta,referral,1985,P,False,setia
U01210,2026-03-15,Yogyakarta,organik,1994,L,True,biasa
U01211,2025-04-22,Jakarta,iklan_meta,2005,P,True,biasa
U01212,2025-10-02,Jakarta,organik,2006,L,True,biasa
U01213,2025-08-21,Bandung,iklan_google,1976,L,False,biasa
U01214,2026-05-05,Jakarta,iklan_meta,1985,P,False,biasa
U01215,2025-01-12,Surabaya,iklan_google,1992,P,False,biasa
U01216,2025-05-09,Surabaya,iklan_meta,1993,P,False,biasa
U01217,2025-07-24,Denpasar,iklan_meta,1982,P,False,biasa
U01218,2025-11-20,Jakarta,organik,1981,P,False,setia
U01219,2025-04-28,Bandung,gojek_grab,1991,P,False,setia
U01220,2025-12-09,Yogyakarta,iklan_meta,2003,L,False,biasa
U01221,2025-04-06,Bandung,organik,1977,L,False,biasa
U01222,2026-05-05,Bandung,iklan_google,1989,P,False,biasa
U01223,2026-05-21,Bandung,referral,1996,L,False,biasa
U01224,2025-02-20,Bandung,iklan_meta,2000,P,False,biasa
U01225,2025-11-26,Jakarta,referral,1976,L,False,biasa
U01226,2026-03-12,Yogyakarta,organik,1984,L,False,biasa
U01227,2025-07-10,Yogyakarta,gojek_grab,1999,P,False,biasa
U01228,2026-01-05,Yogyakarta,organik,2003,P,False,biasa
U01229,2026-03-09,Denpasar,iklan_meta,1977,P,False,biasa
U01230,2026-04-10,Jakarta,referral,1980,P,True,biasa
U01231,2025-11-11,Surabaya,iklan_google,1979,L,False,biasa
U01232,2025-11-25,Jakarta,iklan_meta,1990,L,True,biasa
U01233,2025-03-18,Jakarta,gojek_grab,1980,L,False,biasa
U01234,2025-09-03,Surabaya,organik,2005,L,False,setia
U01235,2026-01-27,Jakarta,referral,1989,L,False,biasa
U01236,2026-03-07,Bandung,organik,1997,L,False,biasa
U01237,2025-07-07,Bandung,organik,2005,P,False,biasa
U01238,2025-06-03,Jakarta,organik,1997,P,False,biasa
U01239,2026-01-20,Jakarta,iklan_google,1990,P,False,biasa
U01240,2025-01-30,Jakarta,organik,1980,L,False,setia
U01241,2025-04-26,Jakarta,iklan_google,1993,P,False,biasa
U01242,2026-02-09,Bandung,iklan_google,2002,L,False,setia
U01243,2025-12-31,Jakarta,iklan_google,2006,P,False,biasa
U01244,2026-03-15,Denpasar,organik,1997,L,True,biasa
U01245,2026-02-23,Jakarta,organik,1998,P,True,setia
U01246,2026-03-24,Bandung,iklan_meta,1979,P,False,biasa
U01247,2025-06-23,Yogyakarta,gojek_grab,2003,P,True,biasa
U01248,2025-08-30,Bandung,organik,1982,P,True,setia
U01249,2025-11-24,Jakarta,iklan_google,2006,P,True,biasa
U01250,2026-01-31,Jakarta,organik,1980,L,False,biasa
U01251,2025-07-23,Surabaya,organik,2005,L,False,biasa
U01252,2026-01-21,Jakarta,iklan_meta,1986,L,False,biasa
U01253,2025-04-08,Yogyakarta,iklan_google,1985,P,True,biasa
U01254,2025-06-05,Jakarta,organik,1988,L,False,biasa
U01255,2025-12-28,Jakarta,gojek_grab,1980,P,False,biasa
U01256,2026-02-18,Yogyakarta,gojek_grab,1999,L,False,biasa
U01257,2025-02-11,Bandung,organik,1981,P,False,biasa
U01258,2026-06-05,Surabaya,referral,1994,P,False,biasa
U01259,2026-03-03,Jakarta,organik,1975,P,False,setia
U01260,2025-07-10,Jakarta,iklan_meta,1981,P,False,biasa
U01261,2025-12-19,Bandung,referral,1990,P,False,biasa
U01262,2025-05-28,Jakarta,iklan_meta,2001,P,False,biasa
U01263,2025-03-03,Denpasar,referral,2005,P,False,setia
U01264,2025-11-12,Jakarta,iklan_google,1990,L,False,setia
U01265,2026-04-29,Yogyakarta,gojek_grab,1991,L,False,biasa
U01266,2026-04-20,Jakarta,organik,1991,L,True,biasa
U01267,2025-02-12,Jakarta,gojek_grab,1976,L,False,biasa
U01268,2025-11-25,Bandung,referral,1996,L,False,biasa
U01269,2025-02-09,Jakarta,iklan_google,2003,L,False,biasa
U01270,2026-06-08,Denpasar,referral,1989,P,False,setia
U01271,2025-08-11,Bandung,iklan_google,1978,P,False,biasa
U01272,2026-05-14,Jakarta,organik,1978,P,True,biasa
U01273,2025-10-03,Denpasar,organik,2004,L,False,biasa
U01274,2026-01-19,Surabaya,iklan_meta,2005,L,False,biasa
U01275,2025-01-09,Surabaya,organik,1984,P,False,biasa
U01276,2026-01-17,Jakarta,iklan_meta,2004,L,False,biasa
U01277,2025-11-19,Jakarta,organik,1991,P,False,setia
U01278,2025-04-07,Yogyakarta,iklan_google,1999,P,True,biasa
U01279,2025-08-31,Jakarta,iklan_meta,1992,P,False,biasa
U01280,2025-07-04,Jakarta,referral,1980,P,False,setia
U01281,2025-01-17,Jakarta,organik,1996,L,False,biasa
U01282,2026-03-14,Denpasar,organik,2005,L,False,biasa
U01283,2026-01-01,Jakarta,organik,1982,P,False,biasa
U01284,2025-08-05,Jakarta,gojek_grab,1986,P,False,setia
U01285,2025-06-15,Surabaya,referral,1997,P,False,setia
U01286,2025-05-04,Jakarta,gojek_grab,1997,P,False,biasa
U01287,2026-02-15,Jakarta,organik,1988,L,False,setia
U01288,2025-02-04,Denpasar,organik,1977,P,True,setia
U01289,2025-10-05,Surabaya,referral,2004,P,False,setia
U01290,2025-05-01,Jakarta,organik,1987,L,False,biasa
U01291,2025-02-11,Surabaya,iklan_meta,1994,L,False,biasa
U01292,2025-11-08,Jakarta,iklan_meta,1999,P,False,setia
U01293,2025-05-31,Jakarta,iklan_meta,1985,P,True,biasa
U01294,2026-05-15,Surabaya,organik,1978,P,False,biasa
U01295,2026-01-19,Jakarta,gojek_grab,1980,P,True,biasa
U01296,2025-07-31,Denpasar,iklan_google,1993,P,False,biasa
U01297,2026-06-16,Surabaya,gojek_grab,1989,L,False,biasa
U01298,2026-03-03,Jakarta,iklan_google,1986,P,False,biasa
U01299,2025-09-26,Bandung,organik,2001,L,False,setia
U01300,2025-03-11,Surabaya,gojek_grab,1988,L,False,biasa
U01301,2025-02-11,Bandung,referral,1979,L,False,biasa
U01302,2026-03-21,Yogyakarta,gojek_grab,2003,P,True,biasa
U01303,2025-09-11,Yogyakarta,iklan_google,1979,P,False,biasa
U01304,2026-05-16,Surabaya,organik,1981,P,False,biasa
U01305,2025-09-18,Bandung,gojek_grab,1990,P,False,setia
U01306,2025-09-29,Jakarta,organik,1994,L,False,biasa
U01307,2026-03-22,Jakarta,organik,1994,L,False,biasa
U01308,2025-09-03,Denpasar,iklan_meta,1978,P,False,biasa
U01309,2025-10-08,Jakarta,iklan_meta,2006,L,False,biasa
U01310,2026-05-06,Bandung,iklan_meta,1982,P,False,biasa
U01311,2025-05-10,Jakarta,iklan_google,1985,P,False,biasa
U01312,2025-05-04,Surabaya,referral,2000,L,False,biasa
U01313,2026-05-17,Jakarta,gojek_grab,1996,P,False,biasa
U01314,2026-05-13,Denpasar,referral,1994,L,True,setia
U01315,2026-06-15,Yogyakarta,gojek_grab,2003,L,True,biasa
U01316,2026-05-11,Jakarta,gojek_grab,1986,L,False,biasa
U01317,2025-01-11,Jakarta,iklan_google,2002,L,False,setia
U01318,2026-06-02,Jakarta,organik,1984,P,False,biasa
U01319,2025-03-26,Yogyakarta,organik,2006,L,False,biasa
U01320,2026-04-27,Jakarta,organik,1994,L,False,biasa
U01321,2026-01-08,Jakarta,iklan_google,2004,P,False,biasa
U01322,2025-10-11,Bandung,gojek_grab,1995,P,False,biasa
U01323,2025-09-03,Yogyakarta,referral,2002,P,False,setia
U01324,2026-01-04,Yogyakarta,iklan_google,1977,P,False,biasa
U01325,2025-12-19,Surabaya,gojek_grab,1993,L,False,biasa
U01326,2025-10-15,Bandung,iklan_google,1990,L,False,biasa
U01327,2025-02-14,Jakarta,iklan_meta,2002,P,False,biasa
U01328,2025-06-12,Bandung,referral,1992,P,True,biasa
U01329,2025-04-06,Surabaya,referral,1979,P,True,setia
U01330,2026-06-19,Jakarta,gojek_grab,1999,L,False,biasa
U01331,2026-03-31,Yogyakarta,referral,1984,L,False,biasa
U01332,2025-01-14,Bandung,iklan_meta,1985,P,False,biasa
U01333,2025-12-03,Jakarta,gojek_grab,1989,P,False,biasa
U01334,2025-05-16,Yogyakarta,iklan_meta,1989,L,False,biasa
U01335,2025-10-01,Bandung,organik,2004,P,False,biasa
U01336,2026-05-17,Bandung,referral,2002,P,False,biasa
U01337,2025-11-15,Jakarta,iklan_meta,1985,L,False,biasa
U01338,2026-05-30,Bandung,iklan_meta,2006,L,False,biasa
U01339,2025-06-24,Jakarta,referral,1979,L,False,biasa
U01340,2025-05-31,Jakarta,iklan_google,2005,P,False,biasa
U01341,2026-03-30,Jakarta,iklan_meta,1987,P,False,setia
U01342,2026-06-24,Denpasar,organik,1983,L,False,setia
U01343,2025-12-20,Bandung,iklan_google,1997,L,False,biasa
U01344,2026-03-15,Jakarta,iklan_google,2001,L,True,biasa
U01345,2025-08-05,Surabaya,organik,1986,L,False,biasa
U01346,2026-02-24,Yogyakarta,iklan_meta,1976,L,False,biasa
U01347,2025-04-06,Jakarta,referral,1997,P,True,biasa
U01348,2025-11-05,Denpasar,gojek_grab,1992,L,False,setia
U01349,2026-02-06,Jakarta,iklan_google,1997,L,False,biasa
U01350,2025-08-01,Bandung,referral,1997,L,True,setia
U01351,2025-05-29,Yogyakarta,iklan_meta,1975,P,True,biasa
U01352,2025-01-05,Bandung,organik,1984,P,False,biasa
U01353,2025-09-06,Surabaya,iklan_meta,1981,L,False,setia
U01354,2025-07-17,Jakarta,iklan_meta,1989,P,False,biasa
U01355,2025-12-23,Yogyakarta,referral,1991,L,True,setia
U01356,2025-07-22,Jakarta,iklan_meta,1998,P,False,biasa
U01357,2026-01-21,Surabaya,iklan_google,1993,L,False,biasa
U01358,2025-02-14,Jakarta,referral,1997,L,False,biasa
U01359,2026-06-19,Jakarta,iklan_meta,1982,P,False,biasa
U01360,2025-02-15,Jakarta,organik,1996,L,False,biasa
U01361,2025-07-12,Jakarta,referral,1976,L,False,biasa
U01362,2025-05-23,Surabaya,gojek_grab,1989,P,False,biasa
U01363,2026-03-07,Jakarta,organik,1990,P,False,biasa
U01364,2025-09-24,Bandung,iklan_meta,1975,P,False,biasa
U01365,2026-02-10,Denpasar,iklan_google,1975,P,False,biasa
U01366,2026-02-23,Bandung,organik,1998,L,False,biasa
U01367,2025-12-16,Jakarta,iklan_meta,1975,L,True,biasa
U01368,2025-11-14,Jakarta,gojek_grab,1976,P,True,biasa
U01369,2025-10-03,Jakarta,iklan_meta,1977,P,False,biasa
U01370,2025-10-20,Bandung,referral,1997,L,False,biasa
U01371,2026-02-23,Bandung,organik,1988,L,False,biasa
U01372,2026-03-07,Jakarta,gojek_grab,1978,L,True,biasa
U01373,2025-09-04,Jakarta,gojek_grab,1996,L,False,biasa
U01374,2026-04-03,Jakarta,iklan_google,1997,L,True,biasa
U01375,2025-01-11,Surabaya,gojek_grab,1987,P,False,biasa
U01376,2025-08-26,Jakarta,gojek_grab,2002,P,False,biasa
U01377,2026-01-07,Bandung,iklan_google,2005,L,False,biasa
U01378,2025-11-24,Jakarta,referral,1976,P,False,biasa
U01379,2025-08-08,Surabaya,gojek_grab,2002,L,False,biasa
U01380,2026-05-13,Jakarta,referral,2000,L,False,biasa
U01381,2025-02-05,Yogyakarta,referral,1997,P,False,biasa
U01382,2025-02-13,Jakarta,iklan_meta,1982,L,False,biasa
U01383,2025-09-10,Bandung,iklan_google,2001,P,True,biasa
U01384,2025-11-25,Yogyakarta,iklan_meta,1981,L,False,biasa
U01385,2025-08-10,Bandung,iklan_meta,1998,P,False,biasa
U01386,2026-02-24,Denpasar,iklan_meta,2000,L,True,biasa
U01387,2025-12-14,Surabaya,organik,1984,L,False,biasa
U01388,2025-08-19,Bandung,organik,1984,P,False,biasa
U01389,2025-06-05,Jakarta,iklan_google,2003,P,False,biasa
U01390,2026-02-09,Jakarta,iklan_google,1979,L,False,biasa
U01391,2025-09-22,Jakarta,referral,1988,P,False,biasa
U01392,2026-03-30,Yogyakarta,referral,1992,P,False,biasa
U01393,2025-04-21,Yogyakarta,iklan_meta,1999,P,False,biasa
U01394,2026-02-17,Jakarta,iklan_google,1989,P,True,biasa
U01395,2026-01-16,Bandung,organik,1992,P,False,biasa
U01396,2025-10-17,Jakarta,organik,1976,P,True,biasa
U01397,2026-05-29,Bandung,iklan_meta,2000,P,False,biasa
U01398,2026-01-27,Yogyakarta,gojek_grab,1984,P,False,biasa
U01399,2026-05-16,Yogyakarta,iklan_google,2004,P,False,biasa
U01400,2026-01-19,Jakarta,organik,1991,L,False,biasa
U01401,2025-06-06,Jakarta,gojek_grab,1990,P,False,biasa
U01402,2025-07-27,Jakarta,iklan_meta,2004,P,False,biasa
U01403,2026-04-24,Jakarta,organik,1985,P,False,biasa
U01404,2025-01-12,Jakarta,referral,1994,L,False,setia
U01405,2026-05-09,Jakarta,referral,1984,P,False,biasa
U01406,2026-05-28,Bandung,organik,1982,L,False,biasa
U01407,2026-03-30,Yogyakarta,iklan_google,2000,P,False,biasa
U01408,2025-09-10,Jakarta,iklan_google,2004,P,False,biasa
U01409,2026-01-06,Jakarta,gojek_grab,1987,L,False,biasa
U01410,2025-06-11,Yogyakarta,iklan_google,2005,P,False,biasa
U01411,2025-04-08,Yogyakarta,iklan_meta,1989,P,False,biasa
U01412,2025-05-16,Denpasar,iklan_meta,1990,P,False,biasa
U01413,2026-04-29,Jakarta,iklan_meta,1999,P,False,setia
U01414,2025-08-04,Bandung,organik,1985,P,False,biasa
U01415,2026-01-22,Jakarta,organik,1995,L,False,biasa
U01416,2025-11-09,Yogyakarta,organik,1976,L,False,setia
U01417,2026-06-18,Bandung,referral,2005,P,False,biasa
U01418,2025-10-07,Denpasar,gojek_grab,1975,P,False,setia
U01419,2025-08-28,Bandung,gojek_grab,2000,L,False,biasa
U01420,2025-07-26,Bandung,iklan_meta,1999,L,False,biasa
U01421,2025-12-30,Yogyakarta,iklan_meta,1995,P,False,biasa
U01422,2025-02-11,Jakarta,organik,1983,L,False,setia
U01423,2026-06-05,Jakarta,gojek_grab,1998,P,False,biasa
U01424,2026-06-14,Surabaya,iklan_google,1977,P,False,biasa
U01425,2025-02-24,Bandung,gojek_grab,1995,P,True,setia
U01426,2025-01-09,Bandung,gojek_grab,1990,P,True,biasa
U01427,2026-04-21,Jakarta,iklan_meta,1988,L,False,biasa
U01428,2026-05-12,Yogyakarta,iklan_meta,1977,P,False,biasa
U01429,2025-09-06,Bandung,iklan_meta,1983,P,True,biasa
U01430,2025-01-18,Jakarta,gojek_grab,1984,P,False,biasa
U01431,2025-02-25,Yogyakarta,iklan_google,2006,L,False,biasa
U01432,2025-09-30,Bandung,organik,1996,P,True,biasa
U01433,2026-05-26,Bandung,iklan_google,1985,P,True,setia
U01434,2026-03-01,Bandung,organik,1982,P,False,biasa
U01435,2025-01-17,Jakarta,organik,1976,P,False,setia
U01436,2025-12-25,Yogyakarta,gojek_grab,2004,L,False,setia
U01437,2026-03-14,Jakarta,iklan_google,1989,P,True,biasa
U01438,2026-01-17,Bandung,gojek_grab,1992,P,False,biasa
U01439,2025-08-24,Denpasar,organik,1994,P,False,biasa
U01440,2025-02-22,Surabaya,gojek_grab,2006,L,False,biasa
U01441,2026-01-31,Bandung,iklan_meta,1999,L,False,biasa
U01442,2026-04-12,Jakarta,iklan_meta,1983,P,False,setia
U01443,2025-10-23,Jakarta,gojek_grab,1985,L,False,biasa
U01444,2025-12-17,Denpasar,organik,2004,L,False,setia
U01445,2025-02-24,Bandung,organik,1986,P,True,setia
U01446,2026-05-24,Jakarta,organik,1989,P,False,biasa
U01447,2025-07-12,Jakarta,referral,1994,L,True,biasa
U01448,2026-06-22,Surabaya,iklan_google,1985,P,False,biasa
U01449,2025-03-25,Jakarta,gojek_grab,1994,L,False,biasa
U01450,2026-02-12,Denpasar,referral,2005,P,True,biasa
U01451,2026-02-10,Surabaya,gojek_grab,1987,P,False,biasa
U01452,2026-03-11,Yogyakarta,gojek_grab,1995,L,False,biasa
U01453,2025-05-26,Yogyakarta,iklan_meta,1979,P,False,biasa
U01454,2026-06-03,Surabaya,referral,2001,P,False,setia
U01455,2025-08-10,Surabaya,referral,1992,L,False,biasa
U01456,2026-01-24,Surabaya,organik,2002,L,False,biasa
U01457,2025-02-14,Jakarta,referral,1992,P,False,biasa
U01458,2025-11-27,Denpasar,iklan_meta,1983,L,False,biasa
U01459,2025-05-18,Jakarta,organik,1978,P,False,biasa
U01460,2025-10-12,Bandung,iklan_meta,1978,P,False,setia
U01461,2026-02-03,Jakarta,organik,2005,P,False,biasa
U01462,2025-10-10,Bandung,iklan_meta,1997,L,True,biasa
U01463,2025-02-08,Jakarta,organik,1994,L,False,biasa
U01464,2025-12-12,Surabaya,referral,1983,P,False,setia
U01465,2025-07-14,Bandung,organik,1979,P,False,setia
U01466,2025-12-04,Jakarta,organik,1982,L,False,biasa
U01467,2026-01-06,Jakarta,gojek_grab,1984,P,False,biasa
U01468,2025-01-01,Bandung,iklan_meta,1982,P,False,biasa
U01469,2025-05-31,Bandung,iklan_meta,1997,P,False,biasa
U01470,2025-03-22,Yogyakarta,organik,1987,P,False,biasa
U01471,2026-01-09,Denpasar,iklan_google,2000,L,False,biasa
U01472,2025-08-14,Jakarta,referral,1985,P,False,biasa
U01473,2025-02-23,Surabaya,organik,1993,P,True,biasa
U01474,2025-06-05,Jakarta,gojek_grab,1982,L,False,biasa
U01475,2026-06-01,Jakarta,organik,1998,L,True,biasa
U01476,2025-12-31,Jakarta,iklan_meta,1984,P,False,biasa
U01477,2025-08-02,Yogyakarta,organik,1984,L,True,biasa
U01478,2026-06-19,Surabaya,referral,1989,P,False,setia
U01479,2025-12-30,Jakarta,gojek_grab,1984,P,False,biasa
U01480,2025-05-24,Jakarta,organik,1975,P,True,biasa
U01481,2025-03-28,Yogyakarta,iklan_google,1988,L,False,biasa
U01482,2026-03-14,Bandung,iklan_google,1992,P,True,biasa
U01483,2025-06-17,Jakarta,gojek_grab,2004,L,False,biasa
U01484,2025-07-20,Jakarta,iklan_google,1979,L,False,biasa
U01485,2025-05-17,Jakarta,iklan_meta,1977,L,False,biasa
U01486,2026-01-26,Bandung,organik,1990,L,False,biasa
U01487,2025-03-20,Jakarta,organik,1994,L,False,biasa
U01488,2025-02-17,Surabaya,organik,2005,P,True,biasa
U01489,2025-11-12,Bandung,organik,2001,P,False,biasa
U01490,2025-12-03,Jakarta,iklan_google,1977,L,False,setia
U01491,2025-12-11,Bandung,gojek_grab,1999,P,True,biasa
U01492,2025-10-09,Jakarta,referral,2001,L,False,biasa
U01493,2025-05-14,Jakarta,organik,1989,L,False,biasa
U01494,2026-03-24,Jakarta,iklan_meta,1988,L,False,biasa
U01495,2026-06-14,Jakarta,gojek_grab,1975,L,False,biasa
U01496,2025-03-06,Jakarta,organik,1998,L,False,biasa
U01497,2025-06-16,Surabaya,iklan_meta,1996,P,False,biasa
U01498,2025-10-09,Jakarta,iklan_meta,2001,P,False,biasa
U01499,2025-08-14,Jakarta,gojek_grab,2006,P,True,biasa
U01500,2026-04-12,Surabaya,iklan_google,1993,P,False,biasa
U01501,2026-06-06,Surabaya,referral,1994,P,False,biasa
U01502,2026-01-11,Surabaya,gojek_grab,1993,L,False,biasa
U01503,2025-08-03,Denpasar,organik,1988,L,False,biasa
U01504,2025-03-28,Denpasar,organik,2003,P,False,setia
U01505,2026-02-08,Jakarta,gojek_grab,1999,L,False,biasa
U01506,2026-04-06,Yogyakarta,iklan_google,1980,L,False,biasa
U01507,2026-06-04,Surabaya,iklan_google,1988,L,False,biasa
U01508,2025-05-05,Jakarta,iklan_meta,1988,P,False,biasa
U01509,2025-12-03,Bandung,referral,1982,L,True,biasa
U01510,2025-02-09,Yogyakarta,gojek_grab,1993,L,False,setia
U01511,2026-05-30,Bandung,iklan_google,2006,P,True,biasa
U01512,2025-02-15,Jakarta,iklan_meta,1979,P,False,biasa
U01513,2026-03-03,Denpasar,organik,1980,P,False,biasa
U01514,2026-02-28,Jakarta,gojek_grab,1978,L,False,biasa
U01515,2025-09-06,Bandung,organik,1996,L,False,biasa
U01516,2026-03-30,Bandung,iklan_meta,1975,L,False,biasa
U01517,2025-02-03,Denpasar,iklan_meta,1996,P,True,setia
U01518,2026-04-21,Jakarta,organik,2005,P,False,biasa
U01519,2025-07-14,Denpasar,organik,1986,L,False,setia
U01520,2026-02-12,Jakarta,iklan_google,1988,L,False,biasa
U01521,2025-03-09,Jakarta,referral,1995,P,False,biasa
U01522,2026-04-28,Denpasar,iklan_google,1979,P,False,biasa
U01523,2025-03-25,Surabaya,referral,1984,L,False,biasa
U01524,2026-05-16,Surabaya,organik,1997,P,True,biasa
U01525,2025-06-09,Surabaya,organik,1979,P,False,biasa
U01526,2025-10-18,Jakarta,organik,1983,P,False,biasa
U01527,2026-01-07,Bandung,organik,1983,L,False,biasa
U01528,2025-12-08,Jakarta,iklan_meta,1978,P,False,biasa
U01529,2025-10-28,Denpasar,organik,1977,L,False,setia
U01530,2026-05-30,Surabaya,gojek_grab,1996,P,True,biasa
U01531,2025-11-22,Bandung,organik,1997,L,False,setia
U01532,2025-10-05,Jakarta,organik,1976,L,False,setia
U01533,2025-02-09,Jakarta,gojek_grab,1995,L,False,biasa
U01534,2025-05-11,Jakarta,organik,1979,P,False,setia
U01535,2025-09-05,Jakarta,organik,2006,P,False,biasa
U01536,2026-05-22,Jakarta,organik,1983,P,True,biasa
U01537,2025-10-10,Jakarta,referral,1990,L,False,setia
U01538,2025-01-28,Jakarta,iklan_meta,1984,L,False,biasa
U01539,2025-04-23,Surabaya,organik,1995,L,False,biasa
U01540,2025-11-12,Jakarta,referral,1999,L,False,setia
U01541,2025-03-18,Jakarta,iklan_google,1975,P,False,biasa
U01542,2026-05-17,Bandung,iklan_meta,2005,P,False,setia
U01543,2025-04-21,Surabaya,organik,1985,P,False,biasa
U01544,2026-02-06,Jakarta,iklan_meta,1985,P,True,biasa
U01545,2026-02-11,Surabaya,iklan_google,1987,P,False,biasa
U01546,2025-11-23,Yogyakarta,iklan_google,2001,P,False,biasa
U01547,2025-11-09,Yogyakarta,iklan_google,1982,P,False,biasa
U01548,2025-09-20,Surabaya,organik,1996,P,False,biasa
U01549,2025-04-18,Bandung,iklan_meta,1998,P,False,setia
U01550,2025-05-28,Denpasar,referral,1987,P,False,setia
U01551,2025-09-01,Jakarta,referral,2000,L,False,biasa
U01552,2025-11-01,Yogyakarta,referral,2000,L,False,setia
U01553,2026-04-11,Denpasar,iklan_meta,2004,L,False,biasa
U01554,2026-02-03,Bandung,gojek_grab,1997,P,False,setia
U01555,2026-06-16,Jakarta,referral,1995,P,True,biasa
U01556,2025-10-31,Surabaya,gojek_grab,2001,P,False,biasa
U01557,2025-08-31,Jakarta,organik,2003,L,False,biasa
U01558,2026-02-18,Yogyakarta,iklan_meta,2005,L,False,biasa
U01559,2025-09-19,Jakarta,iklan_google,1977,P,False,setia
U01560,2026-06-07,Jakarta,iklan_google,1977,P,False,biasa
U01561,2025-10-21,Bandung,iklan_meta,1976,P,False,biasa
U01562,2025-12-12,Yogyakarta,organik,1978,L,False,biasa
U01563,2026-05-21,Jakarta,gojek_grab,2004,P,False,setia
U01564,2026-01-18,Denpasar,iklan_meta,1982,P,True,biasa
U01565,2025-07-20,Jakarta,organik,1999,L,True,biasa
U01566,2026-04-04,Yogyakarta,organik,2005,P,False,biasa
U01567,2026-05-16,Jakarta,iklan_google,2002,P,False,setia
U01568,2025-10-26,Bandung,organik,1982,L,False,biasa
U01569,2026-04-01,Bandung,referral,1976,L,False,setia
U01570,2025-06-05,Bandung,organik,1979,L,False,setia
U01571,2025-09-20,Surabaya,organik,1982,P,True,biasa
U01572,2026-03-05,Denpasar,iklan_meta,1978,L,False,biasa
U01573,2025-04-13,Yogyakarta,iklan_meta,1989,L,False,biasa
U01574,2026-03-22,Yogyakarta,iklan_meta,2004,L,False,biasa
U01575,2026-05-11,Jakarta,iklan_meta,1995,P,True,biasa
U01576,2026-06-14,Surabaya,iklan_google,2000,P,False,biasa
U01577,2025-03-23,Yogyakarta,organik,1978,P,False,biasa
U01578,2025-01-12,Bandung,organik,1982,L,False,biasa
U01579,2025-07-15,Bandung,gojek_grab,1994,P,False,biasa
U01580,2025-10-01,Jakarta,iklan_google,1996,P,False,biasa
U01581,2025-10-08,Jakarta,organik,1978,L,False,biasa
U01582,2025-02-03,Jakarta,iklan_meta,1997,L,False,biasa
U01583,2025-12-25,Jakarta,iklan_meta,2000,L,False,biasa
U01584,2025-09-25,Jakarta,referral,1995,L,True,biasa
U01585,2025-07-06,Denpasar,organik,2000,P,False,biasa
U01586,2025-09-15,Surabaya,referral,1986,P,False,setia
U01587,2025-10-31,Surabaya,organik,1984,P,True,biasa
U01588,2025-04-29,Yogyakarta,organik,1977,P,True,biasa
U01589,2026-02-12,Jakarta,iklan_meta,1984,L,False,biasa
U01590,2026-06-24,Bandung,referral,1976,P,False,setia
U01591,2025-07-12,Surabaya,iklan_meta,1976,P,False,biasa
U01592,2026-02-06,Jakarta,iklan_meta,1997,L,False,biasa
U01593,2025-02-03,Bandung,referral,2005,L,True,setia
U01594,2025-07-28,Surabaya,referral,2004,P,True,biasa
U01595,2025-10-28,Yogyakarta,iklan_meta,1992,L,False,biasa
U01596,2026-03-06,Bandung,referral,1998,P,False,biasa
U01597,2025-06-17,Jakarta,referral,1976,L,False,biasa
U01598,2025-05-14,Jakarta,iklan_google,2001,L,False,biasa
U01599,2026-04-13,Jakarta,organik,1998,L,False,biasa
U01600,2025-06-03,Surabaya,gojek_grab,1996,L,False,biasa
U01601,2025-04-23,Jakarta,referral,1980,P,False,biasa
U01602,2026-02-24,Yogyakarta,organik,1978,L,False,biasa
U01603,2025-02-17,Jakarta,iklan_google,1986,L,False,biasa
U01604,2026-01-11,Bandung,iklan_google,1984,L,False,biasa
U01605,2025-09-10,Surabaya,referral,1992,P,False,setia
U01606,2026-02-28,Jakarta,organik,1988,P,False,biasa
U01607,2026-04-07,Jakarta,organik,1997,L,False,setia
U01608,2025-07-30,Jakarta,iklan_google,1978,P,False,setia
U01609,2025-05-14,Surabaya,iklan_meta,1992,P,False,biasa
U01610,2025-04-10,Bandung,iklan_meta,1975,P,False,biasa
U01611,2026-01-25,Bandung,gojek_grab,1976,P,False,biasa
U01612,2025-08-23,Bandung,iklan_meta,1979,L,False,biasa
U01613,2026-03-10,Bandung,organik,1999,L,False,biasa
U01614,2026-02-04,Jakarta,organik,1984,L,False,biasa
U01615,2026-06-23,Denpasar,gojek_grab,1996,L,False,biasa
U01616,2026-04-03,Jakarta,organik,2003,L,False,biasa
U01617,2026-05-10,Jakarta,gojek_grab,1999,P,True,biasa
U01618,2026-05-03,Bandung,organik,1994,P,False,setia
U01619,2026-05-07,Jakarta,referral,1982,L,False,biasa
U01620,2026-06-21,Jakarta,iklan_meta,1975,P,True,biasa
U01621,2025-07-24,Jakarta,iklan_meta,1992,P,False,biasa
U01622,2025-06-19,Jakarta,organik,1985,P,False,biasa
U01623,2025-11-19,Bandung,iklan_google,1987,P,False,biasa
U01624,2026-03-29,Jakarta,referral,2005,P,False,setia
U01625,2025-04-08,Bandung,iklan_meta,1990,L,True,biasa
U01626,2026-06-24,Denpasar,organik,1983,P,True,biasa
U01627,2025-06-12,Denpasar,iklan_google,2004,L,False,biasa
U01628,2025-05-31,Bandung,organik,2005,P,False,biasa
U01629,2025-08-03,Bandung,iklan_google,1988,L,False,setia
U01630,2025-01-03,Bandung,iklan_meta,1977,P,True,biasa
U01631,2025-08-02,Bandung,iklan_meta,1991,L,False,biasa
U01632,2025-03-18,Jakarta,organik,1987,P,False,setia
U01633,2026-03-09,Jakarta,iklan_meta,2006,L,True,biasa
U01634,2026-02-24,Bandung,organik,2006,P,False,biasa
U01635,2025-12-08,Surabaya,organik,1990,P,True,biasa
U01636,2026-03-11,Jakarta,iklan_meta,2005,L,False,biasa
U01637,2025-03-31,Jakarta,organik,1976,L,False,biasa
U01638,2025-05-21,Jakarta,iklan_meta,1975,P,False,setia
U01639,2026-04-22,Jakarta,organik,1994,P,False,biasa
U01640,2026-05-23,Jakarta,iklan_google,1977,P,False,biasa
U01641,2025-05-26,Bandung,organik,1994,P,False,setia
U01642,2025-05-08,Yogyakarta,referral,1977,P,False,biasa
U01643,2025-03-04,Denpasar,iklan_meta,1981,P,False,biasa
U01644,2026-01-29,Jakarta,iklan_meta,1982,L,False,setia
U01645,2025-12-23,Bandung,referral,1994,L,False,biasa
U01646,2025-04-10,Jakarta,organik,1989,L,False,biasa
U01647,2025-11-29,Jakarta,iklan_meta,1981,L,True,biasa
U01648,2026-02-13,Denpasar,organik,1982,P,False,biasa
U01649,2025-06-10,Bandung,iklan_meta,1986,P,False,setia
U01650,2025-01-28,Bandung,referral,1986,P,True,biasa
U01651,2025-04-30,Bandung,referral,1983,P,False,biasa
U01652,2025-11-15,Surabaya,organik,1988,L,False,biasa
U01653,2025-10-07,Jakarta,iklan_meta,1979,P,False,biasa
U01654,2025-07-08,Jakarta,referral,1987,L,False,biasa
U01655,2025-10-27,Jakarta,iklan_meta,2006,P,False,biasa
U01656,2025-12-22,Jakarta,referral,1975,L,False,setia
U01657,2026-05-29,Bandung,organik,1978,L,True,biasa
U01658,2026-04-24,Surabaya,iklan_google,1986,P,False,biasa
U01659,2026-01-04,Jakarta,organik,1980,L,False,biasa
U01660,2025-06-23,Bandung,iklan_meta,1981,P,False,biasa
U01661,2025-08-04,Jakarta,organik,1986,L,False,biasa
U01662,2026-05-29,Jakarta,iklan_meta,1982,L,False,biasa
U01663,2025-06-28,Jakarta,iklan_google,1979,P,False,setia
U01664,2025-09-02,Jakarta,gojek_grab,1992,L,False,biasa
U01665,2026-06-19,Bandung,gojek_grab,1980,L,False,biasa
U01666,2025-08-04,Bandung,iklan_meta,1981,P,False,biasa
U01667,2026-03-02,Surabaya,organik,1983,L,True,biasa
U01668,2025-04-21,Jakarta,iklan_google,2005,L,False,biasa
U01669,2025-08-04,Surabaya,referral,1980,P,False,setia
U01670,2025-01-31,Jakarta,iklan_google,1982,L,False,biasa
U01671,2026-04-01,Jakarta,iklan_meta,1996,P,False,biasa
U01672,2025-02-02,Yogyakarta,iklan_google,1996,P,False,biasa
U01673,2026-03-22,Surabaya,gojek_grab,1997,L,False,biasa
U01674,2026-04-05,Yogyakarta,organik,2004,P,False,biasa
U01675,2025-03-29,Jakarta,referral,1982,P,True,biasa
U01676,2025-01-04,Surabaya,organik,2003,P,False,biasa
U01677,2026-06-04,Bandung,iklan_google,1980,P,True,setia
U01678,2025-12-17,Jakarta,gojek_grab,1992,P,False,biasa
U01679,2025-11-11,Yogyakarta,gojek_grab,1991,P,False,setia
U01680,2025-11-26,Surabaya,organik,1999,P,False,biasa
U01681,2026-02-12,Yogyakarta,gojek_grab,1989,L,True,biasa
U01682,2025-11-14,Jakarta,iklan_meta,2004,P,False,biasa
U01683,2026-02-15,Yogyakarta,organik,1980,P,False,biasa
U01684,2025-09-06,Jakarta,organik,1975,P,False,biasa
U01685,2025-01-13,Surabaya,iklan_meta,1997,P,False,biasa
U01686,2025-02-04,Jakarta,organik,1995,P,False,biasa
U01687,2026-02-12,Yogyakarta,organik,1995,P,False,biasa
U01688,2025-04-14,Surabaya,gojek_grab,2006,P,False,setia
U01689,2025-02-24,Jakarta,organik,2006,P,False,setia
U01690,2026-01-11,Yogyakarta,referral,2000,P,False,biasa
U01691,2025-03-28,Surabaya,iklan_meta,1981,P,False,biasa
U01692,2026-04-27,Jakarta,organik,1985,P,False,setia
U01693,2025-06-18,Jakarta,referral,1992,P,False,biasa
U01694,2025-09-18,Jakarta,organik,1990,L,True,biasa
U01695,2025-08-23,Jakarta,organik,1997,L,False,biasa
U01696,2025-07-30,Bandung,gojek_grab,1976,L,True,biasa
U01697,2025-11-29,Jakarta,iklan_meta,1979,P,False,biasa
U01698,2026-03-27,Bandung,referral,2004,P,False,setia
U01699,2025-05-12,Yogyakarta,iklan_google,1977,P,True,biasa
U01700,2025-01-22,Surabaya,referral,1983,L,True,biasa
U01701,2026-01-29,Jakarta,iklan_meta,1982,P,True,biasa
U01702,2025-11-20,Surabaya,organik,1975,L,False,setia
U01703,2025-08-31,Bandung,iklan_meta,1998,L,False,biasa
U01704,2026-06-09,Surabaya,iklan_google,2001,L,False,biasa
U01705,2025-07-01,Jakarta,referral,2005,L,False,biasa
U01706,2025-08-21,Bandung,iklan_google,1990,L,False,biasa
U01707,2026-04-10,Yogyakarta,iklan_meta,1987,P,True,biasa
U01708,2025-06-12,Bandung,gojek_grab,1981,L,False,biasa
U01709,2026-06-20,Bandung,iklan_meta,1985,L,False,biasa
U01710,2025-07-21,Bandung,organik,2000,L,True,setia
U01711,2026-02-01,Jakarta,gojek_grab,2004,L,False,biasa
U01712,2025-11-07,Bandung,iklan_google,1979,L,False,setia
U01713,2026-02-24,Surabaya,iklan_google,1988,P,False,biasa
U01714,2026-04-22,Yogyakarta,organik,1999,P,False,biasa
U01715,2025-03-25,Jakarta,referral,2001,P,True,biasa
U01716,2026-01-29,Jakarta,iklan_google,1976,P,False,biasa
U01717,2025-08-15,Jakarta,iklan_google,1994,L,False,biasa
U01718,2025-07-04,Denpasar,iklan_google,1991,L,False,biasa
U01719,2026-02-18,Jakarta,organik,1992,L,True,biasa
U01720,2025-07-26,Jakarta,iklan_meta,1998,P,False,biasa
U01721,2025-03-31,Jakarta,iklan_google,1984,P,False,setia
U01722,2025-12-09,Yogyakarta,organik,1994,P,True,biasa
U01723,2026-05-27,Yogyakarta,referral,1988,L,False,biasa
U01724,2025-12-06,Bandung,referral,1980,P,False,biasa
U01725,2025-06-20,Jakarta,organik,2001,P,False,biasa
U01726,2025-03-03,Surabaya,organik,2002,P,False,biasa
U01727,2025-05-22,Jakarta,gojek_grab,1989,P,False,setia
U01728,2025-11-08,Surabaya,organik,1990,P,False,biasa
U01729,2025-05-26,Jakarta,referral,1993,P,True,biasa
U01730,2026-02-08,Denpasar,iklan_google,1995,P,False,biasa
U01731,2025-07-21,Jakarta,gojek_grab,2002,L,False,biasa
U01732,2025-03-10,Jakarta,iklan_meta,1990,P,False,biasa
U01733,2025-12-16,Bandung,organik,1985,L,False,biasa
U01734,2026-02-23,Surabaya,iklan_meta,1998,P,False,biasa
U01735,2026-04-26,Jakarta,referral,2004,L,False,setia
U01736,2025-03-22,Denpasar,organik,1978,P,False,biasa
U01737,2026-03-13,Jakarta,organik,2001,P,False,biasa
U01738,2025-02-16,Jakarta,iklan_meta,2000,P,False,biasa
U01739,2026-05-19,Jakarta,gojek_grab,2005,L,False,biasa
U01740,2025-10-28,Bandung,iklan_meta,1994,P,True,setia
U01741,2025-03-29,Jakarta,organik,2000,P,False,setia
U01742,2026-02-26,Jakarta,gojek_grab,1983,L,False,setia
U01743,2026-03-14,Surabaya,gojek_grab,1996,P,False,biasa
U01744,2025-11-29,Bandung,referral,1976,P,False,biasa
U01745,2025-08-31,Jakarta,organik,1979,L,True,setia
U01746,2025-11-24,Bandung,iklan_google,1983,P,False,setia
U01747,2026-02-16,Jakarta,gojek_grab,2006,L,False,biasa
U01748,2025-02-19,Jakarta,referral,1978,L,False,biasa
U01749,2025-01-07,Denpasar,gojek_grab,1993,L,True,biasa
U01750,2025-11-09,Bandung,iklan_meta,1999,P,True,biasa
U01751,2026-03-28,Jakarta,gojek_grab,2001,L,False,biasa
U01752,2025-10-06,Jakarta,organik,1977,L,False,biasa
U01753,2025-01-11,Jakarta,iklan_meta,1975,L,True,biasa
U01754,2025-01-08,Surabaya,gojek_grab,1990,L,True,biasa
U01755,2025-11-24,Bandung,referral,1996,L,False,biasa
U01756,2026-02-18,Surabaya,iklan_meta,1976,L,False,setia
U01757,2025-10-16,Bandung,iklan_meta,1977,L,False,biasa
U01758,2025-04-29,Jakarta,iklan_google,1993,L,False,biasa
U01759,2025-05-22,Yogyakarta,iklan_google,1995,L,False,biasa
U01760,2025-09-08,Bandung,organik,2004,P,True,biasa
U01761,2025-03-16,Jakarta,iklan_google,1999,L,False,biasa
U01762,2025-09-04,Jakarta,iklan_google,1993,P,True,biasa
U01763,2025-03-27,Jakarta,referral,1980,L,False,biasa
U01764,2026-01-03,Bandung,organik,1991,P,False,biasa
U01765,2026-01-30,Bandung,iklan_meta,1997,L,False,biasa
U01766,2026-04-11,Surabaya,iklan_meta,1980,L,False,biasa
U01767,2025-04-20,Denpasar,referral,1986,L,False,biasa
U01768,2026-02-26,Jakarta,iklan_meta,1988,P,False,biasa
U01769,2026-03-21,Yogyakarta,gojek_grab,1977,L,False,biasa
U01770,2025-04-25,Jakarta,iklan_meta,2004,L,False,biasa
U01771,2026-04-25,Surabaya,iklan_meta,1994,P,False,biasa
U01772,2025-05-04,Bandung,organik,1980,L,False,biasa
U01773,2025-06-04,Bandung,referral,1986,L,False,biasa
U01774,2025-08-20,Bandung,iklan_meta,1981,L,False,biasa
U01775,2026-03-17,Jakarta,organik,1975,L,True,biasa
U01776,2025-07-17,Yogyakarta,organik,1978,P,False,biasa
U01777,2026-03-12,Jakarta,referral,1979,P,False,biasa
U01778,2026-01-24,Surabaya,iklan_google,1980,P,False,biasa
U01779,2025-11-11,Surabaya,gojek_grab,2005,L,True,setia
U01780,2025-10-23,Yogyakarta,organik,1981,P,False,biasa
U01781,2025-09-25,Surabaya,gojek_grab,2002,P,False,biasa
U01782,2025-09-01,Surabaya,iklan_meta,1997,L,False,biasa
U01783,2025-06-15,Jakarta,referral,1987,L,False,biasa
U01784,2025-11-23,Jakarta,organik,1996,L,True,biasa
U01785,2025-01-30,Bandung,iklan_google,2004,L,False,setia
U01786,2025-07-25,Jakarta,iklan_meta,1992,P,False,setia
U01787,2025-08-30,Yogyakarta,iklan_meta,1987,L,True,biasa
U01788,2026-04-09,Surabaya,gojek_grab,1996,L,False,biasa
U01789,2026-04-27,Jakarta,iklan_meta,1995,P,False,biasa
U01790,2026-02-08,Jakarta,gojek_grab,1987,P,True,biasa
U01791,2025-04-07,Surabaya,organik,1991,P,False,setia
U01792,2026-03-06,Surabaya,organik,1983,P,True,setia
U01793,2026-03-02,Jakarta,referral,1986,P,False,setia
U01794,2026-06-20,Jakarta,iklan_meta,1982,P,False,biasa
U01795,2025-11-24,Jakarta,iklan_meta,1981,L,False,biasa
U01796,2026-01-07,Bandung,organik,1988,L,False,biasa
U01797,2025-06-20,Denpasar,referral,2004,L,False,setia
U01798,2025-12-19,Yogyakarta,iklan_meta,1978,P,False,biasa
U01799,2025-09-28,Surabaya,iklan_meta,1993,L,False,biasa
U01800,2026-02-18,Bandung,referral,1981,P,False,setia
U01801,2025-02-02,Jakarta,gojek_grab,1996,L,False,setia
U01802,2025-12-08,Jakarta,organik,1983,L,False,biasa
U01803,2025-11-15,Yogyakarta,organik,2000,L,False,biasa
U01804,2026-05-31,Bandung,gojek_grab,1998,L,False,biasa
U01805,2026-06-20,Surabaya,iklan_google,2000,P,True,biasa
U01806,2025-08-08,Surabaya,iklan_google,1976,L,True,setia
U01807,2025-10-11,Jakarta,iklan_google,2005,L,False,biasa
U01808,2025-07-19,Jakarta,iklan_meta,1985,P,False,biasa
U01809,2025-01-27,Surabaya,referral,1977,P,False,biasa
U01810,2025-02-16,Jakarta,iklan_google,1975,P,True,biasa
U01811,2025-02-20,Jakarta,iklan_google,1998,P,False,biasa
U01812,2026-05-25,Jakarta,iklan_meta,1996,L,False,biasa
U01813,2025-08-12,Surabaya,iklan_meta,2003,P,False,biasa
U01814,2025-02-14,Jakarta,iklan_google,2002,P,False,biasa
U01815,2025-05-28,Jakarta,iklan_google,1987,P,False,biasa
U01816,2026-05-07,Surabaya,gojek_grab,1989,P,False,biasa
U01817,2026-02-08,Denpasar,organik,1982,P,False,biasa
U01818,2025-07-11,Jakarta,referral,1993,P,True,biasa
U01819,2025-07-08,Jakarta,organik,1997,P,False,setia
U01820,2026-06-20,Surabaya,iklan_meta,1977,P,False,biasa
U01821,2025-08-14,Jakarta,iklan_meta,2002,L,False,biasa
U01822,2025-03-12,Jakarta,gojek_grab,1992,P,False,biasa
U01823,2025-12-29,Jakarta,iklan_meta,2005,P,False,biasa
U01824,2025-05-11,Bandung,organik,1986,P,False,setia
U01825,2025-12-10,Denpasar,iklan_meta,1975,P,False,biasa
U01826,2026-03-03,Jakarta,organik,1978,P,True,biasa
U01827,2025-11-03,Surabaya,iklan_google,1994,P,False,biasa
U01828,2025-07-30,Jakarta,gojek_grab,1983,L,False,biasa
U01829,2025-11-26,Yogyakarta,referral,1988,P,False,setia
U01830,2025-08-27,Surabaya,gojek_grab,1984,P,True,biasa
U01831,2025-11-23,Jakarta,organik,1977,P,True,biasa
U01832,2025-04-19,Jakarta,iklan_meta,2003,L,False,biasa
U01833,2026-02-15,Bandung,organik,1978,P,True,setia
U01834,2025-03-26,Bandung,referral,1994,L,False,biasa
U01835,2025-06-04,Jakarta,organik,1976,P,False,biasa
U01836,2026-04-09,Jakarta,organik,1995,L,False,setia
U01837,2025-10-14,Surabaya,iklan_meta,1997,P,True,setia
U01838,2025-11-16,Jakarta,referral,1982,L,True,setia
U01839,2026-01-08,Surabaya,organik,2006,L,False,biasa
U01840,2026-03-01,Bandung,iklan_meta,2005,P,False,biasa
U01841,2025-02-13,Yogyakarta,iklan_meta,2005,P,False,biasa
U01842,2025-07-17,Surabaya,organik,1984,P,False,setia
U01843,2026-02-01,Denpasar,organik,1989,L,False,biasa
U01844,2025-09-20,Bandung,iklan_meta,1984,L,False,setia
U01845,2025-09-05,Surabaya,gojek_grab,2004,L,False,biasa
U01846,2026-05-10,Yogyakarta,referral,1997,P,False,setia
U01847,2026-06-06,Bandung,iklan_google,1983,P,True,setia
U01848,2026-05-04,Jakarta,gojek_grab,1976,P,False,biasa
U01849,2025-01-29,Surabaya,iklan_meta,1991,P,False,biasa
U01850,2025-11-18,Yogyakarta,iklan_meta,2005,P,True,biasa
U01851,2025-03-14,Bandung,gojek_grab,2004,P,False,biasa
U01852,2026-01-03,Surabaya,gojek_grab,1983,L,True,biasa
U01853,2025-05-15,Jakarta,iklan_google,1987,P,False,biasa
U01854,2025-02-10,Jakarta,organik,1999,L,False,biasa
U01855,2025-12-18,Denpasar,iklan_google,1998,P,False,setia
U01856,2025-07-05,Bandung,organik,1996,P,True,biasa
U01857,2026-05-17,Jakarta,gojek_grab,1989,P,False,biasa
U01858,2025-11-03,Jakarta,iklan_meta,1997,P,False,setia
U01859,2025-02-24,Jakarta,iklan_google,1998,P,False,setia
U01860,2025-08-27,Surabaya,organik,1995,P,False,biasa
U01861,2026-03-28,Bandung,iklan_meta,1982,L,False,biasa
U01862,2025-06-16,Bandung,gojek_grab,1998,L,False,biasa
U01863,2025-12-28,Yogyakarta,gojek_grab,1993,P,False,biasa
U01864,2026-01-15,Bandung,iklan_google,1986,P,False,biasa
U01865,2025-06-08,Jakarta,gojek_grab,2000,L,False,biasa
U01866,2025-05-08,Jakarta,iklan_meta,1985,P,False,biasa
U01867,2026-02-05,Denpasar,iklan_google,1984,P,False,biasa
U01868,2026-05-07,Jakarta,iklan_google,1985,P,False,biasa
U01869,2025-08-06,Denpasar,iklan_google,2005,P,False,biasa
U01870,2025-04-22,Yogyakarta,organik,1993,P,False,biasa
U01871,2025-10-08,Yogyakarta,organik,1998,P,True,biasa
U01872,2026-01-23,Bandung,organik,1996,P,False,biasa
U01873,2025-11-18,Denpasar,iklan_meta,2005,P,True,biasa
U01874,2025-09-24,Surabaya,organik,2004,P,False,biasa
U01875,2025-04-17,Yogyakarta,referral,1983,P,True,biasa
U01876,2026-01-31,Bandung,gojek_grab,1984,P,False,biasa
U01877,2025-10-31,Surabaya,iklan_meta,2001,L,False,setia
U01878,2025-08-08,Jakarta,referral,1991,P,False,biasa
U01879,2025-12-24,Denpasar,referral,2001,L,False,biasa
U01880,2025-07-11,Jakarta,iklan_google,1985,P,False,biasa
U01881,2025-04-02,Jakarta,gojek_grab,1983,L,True,biasa
U01882,2025-12-14,Jakarta,gojek_grab,1994,L,True,setia
U01883,2025-05-27,Jakarta,organik,2002,P,False,biasa
U01884,2026-06-05,Jakarta,iklan_google,1984,L,False,setia
U01885,2025-06-25,Jakarta,gojek_grab,2006,P,True,biasa
U01886,2026-01-07,Yogyakarta,referral,1989,P,False,biasa
U01887,2025-04-16,Surabaya,organik,2003,L,False,biasa
U01888,2025-01-09,Bandung,iklan_google,1984,L,False,biasa
U01889,2026-06-16,Jakarta,iklan_meta,1985,P,False,biasa
U01890,2025-01-17,Bandung,organik,2006,L,True,biasa
U01891,2025-01-04,Bandung,referral,1986,L,False,setia
U01892,2025-04-26,Jakarta,organik,1976,P,False,biasa
U01893,2025-02-12,Surabaya,referral,1982,P,False,setia
U01894,2025-07-10,Jakarta,iklan_meta,1994,P,False,biasa
U01895,2026-02-14,Jakarta,iklan_meta,1977,P,True,setia
U01896,2025-03-28,Jakarta,organik,1980,P,True,setia
U01897,2026-06-23,Jakarta,iklan_meta,1995,L,False,biasa
U01898,2026-05-30,Jakarta,gojek_grab,2005,L,False,biasa
U01899,2025-08-02,Surabaya,iklan_google,2000,L,True,biasa
U01900,2025-05-24,Jakarta,gojek_grab,2005,P,False,setia
U01901,2025-02-24,Jakarta,gojek_grab,1989,P,False,setia
U01902,2025-09-05,Surabaya,referral,1990,P,False,setia
U01903,2025-10-31,Jakarta,organik,1996,P,False,setia
U01904,2025-03-17,Surabaya,referral,1990,P,False,biasa
U01905,2026-06-07,Surabaya,iklan_meta,2006,L,False,biasa
U01906,2025-06-14,Jakarta,referral,1981,L,False,setia
U01907,2025-11-22,Yogyakarta,iklan_meta,1990,P,False,biasa
U01908,2025-10-22,Denpasar,organik,2005,L,True,setia
U01909,2026-01-08,Jakarta,iklan_meta,1995,L,True,biasa
U01910,2025-08-15,Surabaya,organik,2004,P,False,biasa
U01911,2026-04-09,Jakarta,referral,1995,P,False,biasa
U01912,2025-02-17,Jakarta,iklan_meta,1997,P,True,biasa
U01913,2025-12-16,Surabaya,gojek_grab,2000,P,False,biasa
U01914,2026-02-08,Yogyakarta,organik,1981,L,True,setia
U01915,2026-02-25,Bandung,iklan_meta,1981,P,False,biasa
U01916,2026-06-08,Denpasar,organik,1981,P,False,biasa
U01917,2026-05-11,Surabaya,organik,2000,L,False,biasa
U01918,2025-05-08,Jakarta,organik,1992,P,False,biasa
U01919,2025-07-21,Denpasar,organik,1988,L,False,biasa
U01920,2025-04-30,Yogyakarta,organik,1986,L,False,setia
U01921,2025-02-26,Bandung,iklan_google,1994,P,False,biasa
U01922,2026-02-12,Surabaya,iklan_meta,1980,L,False,biasa
U01923,2026-05-13,Bandung,organik,2001,P,False,setia
U01924,2025-09-03,Jakarta,organik,1993,L,False,biasa
U01925,2026-05-02,Jakarta,organik,2003,P,False,biasa
U01926,2025-01-22,Jakarta,referral,1980,P,False,setia
U01927,2026-02-14,Jakarta,organik,1980,L,False,biasa
U01928,2025-01-26,Jakarta,referral,1999,P,True,setia
U01929,2025-12-10,Jakarta,iklan_meta,1993,P,False,biasa
U01930,2026-06-14,Jakarta,iklan_google,1976,P,False,biasa
U01931,2025-08-01,Jakarta,iklan_google,1986,L,False,biasa
U01932,2026-01-26,Jakarta,referral,1990,L,False,biasa
U01933,2026-02-26,Yogyakarta,iklan_google,2005,P,False,biasa
U01934,2025-10-06,Bandung,iklan_meta,1987,P,False,setia
U01935,2025-08-15,Bandung,organik,1977,P,False,setia
U01936,2025-03-27,Jakarta,organik,2002,P,False,setia
U01937,2026-01-15,Denpasar,iklan_meta,1992,P,False,biasa
U01938,2026-05-07,Yogyakarta,gojek_grab,1994,L,False,biasa
U01939,2025-07-23,Yogyakarta,organik,1978,P,False,biasa
U01940,2025-07-22,Jakarta,gojek_grab,1987,P,False,setia
U01941,2025-04-07,Jakarta,iklan_meta,1988,P,False,biasa
U01942,2025-06-27,Yogyakarta,gojek_grab,1982,L,False,biasa
U01943,2025-12-05,Bandung,gojek_grab,1988,P,False,biasa
U01944,2026-03-03,Denpasar,organik,1992,P,False,biasa
U01945,2026-05-20,Jakarta,iklan_google,1978,P,False,biasa
U01946,2026-03-18,Denpasar,gojek_grab,2000,L,False,biasa
U01947,2025-10-02,Denpasar,iklan_meta,2003,L,False,biasa
U01948,2025-01-11,Jakarta,iklan_meta,1991,P,False,biasa
U01949,2025-04-14,Bandung,referral,1999,L,True,setia
U01950,2025-10-25,Yogyakarta,iklan_google,1987,L,True,biasa
U01951,2025-12-05,Jakarta,referral,1993,P,False,setia
U01952,2025-07-09,Jakarta,organik,1999,L,False,biasa
U01953,2025-11-12,Bandung,gojek_grab,1994,L,True,biasa
U01954,2026-06-08,Jakarta,organik,1980,P,False,biasa
U01955,2026-02-05,Denpasar,iklan_meta,1987,P,False,biasa
U01956,2025-06-19,Bandung,iklan_google,1990,P,True,biasa
U01957,2026-06-15,Jakarta,iklan_meta,1993,P,True,biasa
U01958,2025-06-12,Yogyakarta,gojek_grab,1997,P,True,biasa
U01959,2025-03-18,Denpasar,iklan_meta,1986,L,False,biasa
U01960,2025-12-22,Yogyakarta,organik,2001,L,True,biasa
U01961,2026-01-31,Jakarta,referral,1978,P,False,biasa
U01962,2026-05-04,Surabaya,iklan_google,1996,L,False,setia
U01963,2025-02-18,Jakarta,organik,2002,P,False,biasa
U01964,2025-12-13,Yogyakarta,organik,1982,P,True,biasa
U01965,2026-06-05,Jakarta,iklan_meta,1975,P,True,setia
U01966,2025-10-30,Bandung,iklan_meta,1992,L,False,biasa
U01967,2026-04-12,Jakarta,gojek_grab,1977,P,True,biasa
U01968,2025-03-07,Jakarta,gojek_grab,2002,L,False,biasa
U01969,2025-01-07,Jakarta,iklan_google,1978,P,False,setia
U01970,2025-05-19,Jakarta,gojek_grab,1994,L,False,biasa
U01971,2026-05-08,Denpasar,iklan_meta,1981,P,False,biasa
U01972,2026-03-08,Surabaya,iklan_google,2001,P,False,biasa
U01973,2026-02-01,Jakarta,organik,1978,P,True,biasa
U01974,2025-03-15,Yogyakarta,organik,1991,P,False,biasa
U01975,2026-05-22,Yogyakarta,organik,1981,L,False,setia
U01976,2026-05-23,Jakarta,organik,1975,L,False,biasa
U01977,2025-07-22,Yogyakarta,organik,1981,L,True,biasa
U01978,2026-05-27,Jakarta,gojek_grab,2002,P,False,biasa
U01979,2025-05-15,Surabaya,organik,1983,P,False,biasa
U01980,2025-12-12,Jakarta,gojek_grab,1991,L,False,biasa
U01981,2025-10-02,Jakarta,gojek_grab,1992,L,False,biasa
U01982,2025-06-13,Bandung,iklan_meta,1988,P,True,biasa
U01983,2025-04-20,Surabaya,iklan_meta,1996,L,False,biasa
U01984,2026-05-15,Bandung,iklan_google,1977,P,False,setia
U01985,2026-04-02,Jakarta,organik,1993,P,False,biasa
U01986,2026-03-07,Jakarta,organik,1986,P,False,biasa
U01987,2025-07-10,Denpasar,organik,1979,L,False,biasa
U01988,2026-02-02,Bandung,organik,1978,L,True,biasa
U01989,2026-05-30,Surabaya,iklan_google,1975,P,False,biasa
U01990,2025-03-18,Denpasar,iklan_meta,2001,P,False,biasa
U01991,2026-02-24,Jakarta,referral,1984,L,True,setia
U01992,2025-11-26,Jakarta,referral,1995,L,False,biasa
U01993,2025-09-16,Bandung,iklan_meta,1979,P,True,setia
U01994,2026-03-18,Jakarta,referral,1991,L,False,biasa
U01995,2025-11-21,Surabaya,referral,1998,L,True,biasa
U01996,2025-05-06,Jakarta,referral,1991,L,False,setia
U01997,2026-01-01,Jakarta,gojek_grab,1999,P,False,setia
U01998,2025-05-20,Jakarta,organik,1988,P,False,setia
U01999,2025-07-17,Denpasar,iklan_google,1984,L,True,setia
U02000,2025-08-30,Yogyakarta,iklan_meta,1976,L,False,biasa
U02001,2025-10-01,Jakarta,organik,1986,P,True,biasa
U02002,2026-03-10,Jakarta,referral,2002,P,False,biasa
U02003,2025-05-16,Jakarta,organik,2002,P,False,biasa
U02004,2025-02-22,Jakarta,organik,1995,P,False,biasa
U02005,2026-01-02,Denpasar,referral,1999,P,False,setia
U02006,2026-01-15,Jakarta,gojek_grab,1996,P,False,biasa
U02007,2025-03-17,Jakarta,referral,1992,P,False,biasa
U02008,2025-11-08,Jakarta,gojek_grab,1990,P,True,biasa
U02009,2025-09-19,Yogyakarta,iklan_meta,1993,L,False,setia
U02010,2026-01-19,Bandung,iklan_meta,1977,L,False,biasa
U02011,2025-02-12,Surabaya,organik,1978,P,False,biasa
U02012,2025-03-25,Surabaya,organik,1981,L,False,setia
U02013,2025-02-24,Jakarta,organik,1978,P,True,setia
U02014,2026-06-06,Surabaya,organik,2003,P,False,biasa
U02015,2026-01-05,Jakarta,gojek_grab,1998,P,False,biasa
U02016,2025-03-25,Yogyakarta,organik,1980,L,False,setia
U02017,2025-01-03,Bandung,iklan_meta,1980,P,False,biasa
U02018,2026-03-22,Jakarta,gojek_grab,1983,L,False,biasa
U02019,2025-09-18,Bandung,gojek_grab,1981,P,False,biasa
U02020,2025-01-05,Bandung,organik,1991,L,False,setia
U02021,2025-12-23,Jakarta,referral,1991,P,False,biasa
U02022,2026-01-24,Surabaya,gojek_grab,1991,L,False,biasa
U02023,2025-08-09,Jakarta,organik,1985,P,False,biasa
U02024,2025-06-14,Yogyakarta,organik,2006,P,False,biasa
U02025,2025-03-25,Jakarta,iklan_google,2001,P,False,biasa
U02026,2025-07-24,Surabaya,referral,1979,L,False,biasa
U02027,2026-02-19,Bandung,gojek_grab,2000,L,True,biasa
U02028,2026-04-21,Denpasar,iklan_meta,2000,L,True,biasa
U02029,2025-04-25,Yogyakarta,organik,1990,P,True,biasa
U02030,2025-08-01,Yogyakarta,gojek_grab,1993,P,False,biasa
U02031,2025-09-04,Jakarta,organik,1984,L,True,setia
U02032,2025-10-16,Jakarta,referral,1988,P,True,setia
U02033,2025-08-02,Denpasar,gojek_grab,1990,L,False,biasa
U02034,2025-11-29,Jakarta,iklan_google,1999,L,False,biasa
U02035,2025-12-18,Yogyakarta,iklan_meta,2001,L,False,biasa
U02036,2025-01-07,Bandung,organik,1978,L,False,setia
U02037,2025-01-09,Surabaya,organik,1985,L,False,biasa
U02038,2026-01-09,Surabaya,organik,1995,L,False,biasa
U02039,2026-03-12,Jakarta,referral,1991,P,False,biasa
U02040,2026-05-28,Denpasar,organik,1987,P,False,biasa
U02041,2025-10-14,Bandung,iklan_meta,1975,L,False,biasa
U02042,2025-08-05,Bandung,iklan_meta,1976,P,False,biasa
U02043,2025-04-12,Denpasar,gojek_grab,1998,L,True,biasa
U02044,2026-03-31,Yogyakarta,iklan_google,1979,P,False,biasa
U02045,2025-03-05,Bandung,iklan_google,1976,P,False,biasa
U02046,2025-05-04,Jakarta,referral,1999,P,False,setia
U02047,2025-09-14,Bandung,iklan_meta,2005,P,True,biasa
U02048,2025-10-22,Jakarta,iklan_google,2005,P,False,biasa
U02049,2025-11-03,Denpasar,organik,1987,L,False,setia
U02050,2025-05-13,Denpasar,organik,1984,P,False,setia
U02051,2025-05-13,Surabaya,gojek_grab,1976,P,False,biasa
U02052,2025-04-23,Bandung,iklan_meta,2002,L,False,setia
U02053,2025-06-16,Yogyakarta,iklan_meta,1991,L,False,biasa
U02054,2025-12-10,Bandung,organik,1992,L,False,biasa
U02055,2025-04-27,Yogyakarta,iklan_meta,1996,P,False,biasa
U02056,2025-01-16,Yogyakarta,gojek_grab,1999,L,True,biasa
U02057,2025-12-17,Jakarta,gojek_grab,2006,L,False,biasa
U02058,2026-06-19,Jakarta,iklan_google,1999,P,False,biasa
U02059,2026-02-07,Yogyakarta,organik,1980,L,True,biasa
U02060,2026-01-14,Jakarta,gojek_grab,1982,L,False,setia
U02061,2025-08-04,Jakarta,referral,1979,L,False,setia
U02062,2025-05-26,Bandung,organik,1978,L,True,biasa
U02063,2025-12-20,Bandung,iklan_google,2001,L,False,biasa
U02064,2025-11-23,Jakarta,iklan_meta,1991,L,False,biasa
U02065,2026-02-12,Surabaya,organik,1997,P,True,biasa
U02066,2025-01-30,Jakarta,organik,1999,L,False,biasa
U02067,2025-05-09,Bandung,iklan_google,1977,L,False,biasa
U02068,2025-12-25,Jakarta,iklan_google,1994,P,False,biasa
U02069,2026-05-08,Surabaya,gojek_grab,1978,P,False,biasa
U02070,2026-04-01,Bandung,iklan_meta,1985,P,False,biasa
U02071,2026-02-07,Bandung,iklan_meta,1992,L,False,biasa
U02072,2026-03-13,Denpasar,gojek_grab,1989,L,False,biasa
U02073,2026-05-21,Surabaya,iklan_meta,1999,L,False,biasa
U02074,2025-03-11,Bandung,iklan_google,1997,P,True,biasa
U02075,2026-02-28,Jakarta,organik,2005,P,False,biasa
U02076,2025-03-21,Surabaya,referral,1994,P,True,biasa
U02077,2025-08-30,Yogyakarta,referral,1993,P,True,setia
U02078,2025-12-22,Bandung,iklan_google,1982,P,True,biasa
U02079,2025-07-05,Surabaya,iklan_meta,2003,P,False,biasa
U02080,2025-06-03,Bandung,iklan_google,1988,L,False,setia
U02081,2025-05-08,Jakarta,referral,1981,L,False,biasa
U02082,2026-05-18,Bandung,iklan_google,2005,P,False,biasa
U02083,2025-01-16,Bandung,gojek_grab,1977,L,False,biasa
U02084,2025-11-05,Yogyakarta,iklan_meta,1986,L,False,biasa
U02085,2025-03-06,Jakarta,iklan_google,1993,L,False,setia
U02086,2025-11-01,Denpasar,iklan_google,1983,P,True,biasa
U02087,2026-02-03,Yogyakarta,iklan_google,1986,L,False,biasa
U02088,2026-02-15,Bandung,iklan_meta,1984,P,False,biasa
U02089,2025-04-15,Jakarta,iklan_google,1986,P,False,setia
U02090,2026-04-22,Jakarta,iklan_meta,1989,P,False,biasa
U02091,2025-06-27,Yogyakarta,iklan_meta,2002,P,False,biasa
U02092,2025-09-07,Jakarta,organik,1990,P,True,biasa
U02093,2026-05-06,Yogyakarta,gojek_grab,1993,L,False,biasa
U02094,2025-10-31,Jakarta,iklan_meta,2002,L,False,biasa
U02095,2026-04-02,Bandung,gojek_grab,1999,L,False,setia
U02096,2025-02-11,Bandung,referral,1980,P,False,setia
U02097,2026-04-01,Yogyakarta,referral,1980,P,False,setia
U02098,2026-05-15,Surabaya,iklan_google,1982,P,True,biasa
U02099,2025-03-16,Surabaya,referral,1984,L,False,setia
U02100,2026-04-28,Jakarta,referral,1993,P,False,biasa
U02101,2025-10-28,Jakarta,iklan_meta,1989,P,False,biasa
U02102,2025-01-30,Jakarta,organik,2000,L,False,setia
U02103,2026-01-28,Denpasar,iklan_meta,1991,L,False,setia
U02104,2025-07-09,Surabaya,iklan_meta,1982,L,True,biasa
U02105,2025-05-09,Surabaya,gojek_grab,1995,L,False,biasa
U02106,2026-04-28,Bandung,iklan_meta,1982,L,False,setia
U02107,2025-06-05,Denpasar,iklan_google,1999,P,True,biasa
U02108,2025-11-13,Jakarta,organik,1995,L,False,biasa
U02109,2025-06-15,Jakarta,gojek_grab,2005,L,False,setia
U02110,2025-06-22,Denpasar,gojek_grab,1980,P,False,biasa
U02111,2025-10-29,Surabaya,iklan_google,1981,L,False,biasa
U02112,2025-07-10,Jakarta,gojek_grab,2000,P,False,setia
U02113,2025-10-05,Jakarta,iklan_meta,2005,P,False,setia
U02114,2025-12-25,Surabaya,organik,1989,L,False,biasa
U02115,2025-10-10,Bandung,gojek_grab,1985,P,False,biasa
U02116,2026-01-08,Denpasar,organik,1996,P,False,biasa
U02117,2026-03-18,Jakarta,iklan_google,1982,L,True,biasa
U02118,2025-03-21,Jakarta,gojek_grab,1978,P,False,biasa
U02119,2025-03-04,Yogyakarta,organik,1994,P,False,biasa
U02120,2025-08-30,Jakarta,iklan_meta,1996,P,False,biasa
U02121,2026-01-20,Jakarta,iklan_google,1980,L,True,biasa
U02122,2026-03-27,Jakarta,iklan_google,1990,P,False,biasa
U02123,2025-09-01,Yogyakarta,iklan_google,1975,P,False,biasa
U02124,2026-03-27,Jakarta,iklan_meta,1991,L,False,biasa
U02125,2025-04-12,Bandung,iklan_meta,2003,P,False,biasa
U02126,2026-01-13,Jakarta,iklan_google,1978,P,True,setia
U02127,2026-01-04,Jakarta,gojek_grab,1980,P,False,biasa
U02128,2026-03-13,Bandung,gojek_grab,1992,P,True,biasa
U02129,2025-01-05,Jakarta,iklan_meta,1981,P,False,setia
U02130,2026-01-06,Bandung,iklan_meta,1989,P,False,biasa
U02131,2025-10-13,Jakarta,iklan_meta,2000,L,False,biasa
U02132,2026-03-28,Jakarta,referral,1977,L,False,setia
U02133,2026-03-28,Denpasar,referral,1998,P,False,setia
U02134,2025-07-12,Yogyakarta,organik,1993,P,False,biasa
U02135,2025-11-01,Surabaya,gojek_grab,1990,P,False,biasa
U02136,2025-02-08,Jakarta,iklan_meta,1986,L,False,setia
U02137,2025-02-26,Bandung,organik,2000,L,False,biasa
U02138,2025-02-21,Jakarta,iklan_google,1982,L,False,biasa
U02139,2025-12-11,Surabaya,iklan_meta,1990,P,False,biasa
U02140,2025-11-17,Bandung,referral,1984,L,False,biasa
U02141,2026-05-12,Jakarta,referral,1983,P,False,biasa
U02142,2025-01-07,Jakarta,gojek_grab,1999,L,False,biasa
U02143,2026-03-31,Surabaya,referral,1982,P,False,biasa
U02144,2026-03-31,Jakarta,gojek_grab,2006,P,True,biasa
U02145,2025-03-25,Bandung,organik,2003,P,False,biasa
U02146,2025-04-13,Yogyakarta,iklan_google,1978,L,False,biasa
U02147,2026-03-20,Surabaya,iklan_meta,1997,L,False,setia
U02148,2026-03-18,Bandung,referral,2000,L,False,biasa
U02149,2026-03-19,Jakarta,iklan_google,2005,P,True,setia
U02150,2025-07-12,Yogyakarta,iklan_meta,1975,L,False,setia
U02151,2026-03-13,Jakarta,referral,1981,P,False,setia
U02152,2025-02-27,Jakarta,iklan_meta,1975,L,False,biasa
U02153,2026-06-24,Bandung,gojek_grab,2002,P,False,biasa
U02154,2025-07-19,Surabaya,iklan_meta,1975,L,False,setia
U02155,2025-04-04,Jakarta,iklan_meta,2005,L,False,biasa
U02156,2025-01-05,Jakarta,iklan_meta,1995,P,False,biasa
U02157,2026-02-09,Yogyakarta,iklan_meta,1999,P,False,biasa
U02158,2025-04-19,Bandung,iklan_meta,1999,P,False,setia
U02159,2025-01-04,Surabaya,referral,1985,L,False,setia
U02160,2025-03-21,Bandung,iklan_meta,1994,L,False,biasa
U02161,2025-08-25,Jakarta,iklan_meta,1975,P,False,biasa
U02162,2026-06-11,Jakarta,organik,2005,P,True,setia
U02163,2025-11-14,Jakarta,referral,2006,L,False,setia
U02164,2025-08-22,Jakarta,gojek_grab,2001,L,False,biasa
U02165,2025-10-21,Bandung,referral,2005,L,True,biasa
U02166,2025-10-24,Jakarta,gojek_grab,2005,L,True,biasa
U02167,2025-03-30,Jakarta,iklan_meta,1988,L,False,biasa
U02168,2025-01-31,Denpasar,gojek_grab,1980,L,False,biasa
U02169,2025-03-26,Yogyakarta,organik,1980,L,False,setia
U02170,2025-02-01,Surabaya,gojek_grab,1990,L,False,biasa
U02171,2026-01-30,Jakarta,gojek_grab,2006,P,False,biasa
U02172,2025-11-21,Denpasar,gojek_grab,1998,P,False,setia
U02173,2026-02-03,Bandung,iklan_meta,1977,P,False,biasa
U02174,2025-07-02,Bandung,organik,1977,P,False,biasa
U02175,2025-10-02,Yogyakarta,referral,1997,L,False,setia
U02176,2025-06-10,Bandung,organik,1986,P,False,biasa
U02177,2025-12-04,Jakarta,referral,1985,P,False,biasa
U02178,2025-03-30,Surabaya,iklan_meta,1975,L,False,biasa
U02179,2025-02-06,Bandung,organik,2002,P,False,biasa
U02180,2026-02-14,Jakarta,iklan_meta,1978,L,True,biasa
U02181,2025-04-24,Yogyakarta,organik,2004,L,False,setia
U02182,2026-05-24,Surabaya,iklan_meta,1975,L,False,setia
U02183,2025-06-03,Yogyakarta,organik,1978,P,False,biasa
U02184,2025-07-19,Jakarta,organik,1998,P,True,biasa
U02185,2026-02-19,Jakarta,organik,1984,L,True,setia
U02186,2025-07-23,Jakarta,referral,1977,P,False,setia
U02187,2025-04-21,Jakarta,referral,1984,P,False,biasa
U02188,2025-06-07,Surabaya,iklan_google,1993,P,False,biasa
U02189,2026-02-24,Jakarta,iklan_google,1992,L,False,biasa
U02190,2025-04-05,Bandung,referral,1988,P,False,setia
U02191,2025-09-06,Denpasar,gojek_grab,1986,P,False,biasa
U02192,2025-06-19,Yogyakarta,referral,1995,L,False,biasa
U02193,2025-08-04,Jakarta,iklan_google,2002,P,False,biasa
U02194,2026-03-20,Denpasar,gojek_grab,1984,L,False,biasa
U02195,2025-12-10,Jakarta,iklan_google,1995,P,False,biasa
U02196,2025-02-15,Jakarta,iklan_meta,1993,P,True,biasa
U02197,2026-01-11,Jakarta,referral,1995,P,False,biasa
U02198,2026-03-19,Jakarta,iklan_google,1977,L,True,setia
U02199,2025-12-18,Jakarta,gojek_grab,2003,P,True,biasa
U02200,2025-01-30,Jakarta,iklan_meta,1992,P,False,biasa
U02201,2025-10-03,Yogyakarta,iklan_meta,1999,L,True,biasa
U02202,2025-10-18,Bandung,organik,1992,P,False,biasa
U02203,2025-01-17,Jakarta,iklan_google,2005,P,False,biasa
U02204,2026-02-18,Jakarta,organik,1992,P,False,biasa
U02205,2025-03-21,Bandung,referral,1981,L,False,setia
U02206,2025-07-03,Jakarta,gojek_grab,2005,L,True,setia
U02207,2025-06-22,Jakarta,gojek_grab,1993,P,False,biasa
U02208,2026-04-19,Jakarta,organik,2006,L,False,biasa
U02209,2026-05-25,Bandung,iklan_google,1991,L,False,biasa
U02210,2026-02-16,Jakarta,iklan_google,1980,P,False,biasa
U02211,2025-07-11,Jakarta,organik,1983,L,False,setia
U02212,2025-12-13,Jakarta,iklan_meta,1994,P,False,biasa
U02213,2025-12-18,Yogyakarta,iklan_google,1989,P,True,biasa
U02214,2025-07-14,Jakarta,organik,1991,L,False,biasa
U02215,2025-05-19,Denpasar,iklan_meta,1993,L,False,setia
U02216,2025-03-15,Jakarta,gojek_grab,1991,L,False,biasa
U02217,2025-09-04,Jakarta,organik,1975,L,True,biasa
U02218,2025-11-18,Yogyakarta,gojek_grab,1978,P,False,biasa
U02219,2026-01-25,Surabaya,iklan_google,1975,P,True,biasa
U02220,2025-04-21,Jakarta,gojek_grab,1988,P,False,setia
U02221,2025-12-13,Jakarta,iklan_google,1976,P,False,setia
U02222,2026-04-20,Jakarta,referral,1996,L,False,biasa
U02223,2026-02-21,Surabaya,referral,1992,P,False,biasa
U02224,2026-04-20,Jakarta,organik,2005,P,False,biasa
U02225,2026-03-07,Surabaya,gojek_grab,1984,P,True,biasa
U02226,2025-09-25,Surabaya,organik,1982,P,True,biasa
U02227,2026-06-21,Jakarta,referral,1997,L,True,biasa
U02228,2026-01-08,Jakarta,iklan_meta,1982,L,False,biasa
U02229,2025-09-06,Yogyakarta,gojek_grab,1999,L,False,setia
U02230,2026-01-28,Jakarta,iklan_meta,1986,L,False,biasa
U02231,2026-05-24,Jakarta,referral,1998,L,False,biasa
U02232,2025-07-05,Jakarta,iklan_meta,1975,P,False,biasa
U02233,2025-01-07,Yogyakarta,iklan_meta,1981,P,False,setia
U02234,2025-03-24,Jakarta,referral,2002,L,True,biasa
U02235,2026-01-30,Jakarta,organik,1978,L,False,setia
U02236,2025-08-20,Jakarta,organik,1989,L,False,biasa
U02237,2025-01-18,Bandung,iklan_google,1988,L,False,biasa
U02238,2025-09-29,Surabaya,referral,1979,L,True,biasa
U02239,2026-05-04,Jakarta,iklan_google,1976,P,False,biasa
U02240,2026-01-10,Jakarta,organik,1985,P,False,biasa
U02241,2026-05-22,Bandung,gojek_grab,1979,P,False,biasa
U02242,2026-01-05,Jakarta,iklan_meta,1980,P,False,biasa
U02243,2025-02-04,Surabaya,organik,1989,P,False,biasa
U02244,2025-01-30,Jakarta,referral,2003,L,False,biasa
U02245,2026-03-05,Yogyakarta,referral,1998,L,False,biasa
U02246,2026-05-13,Jakarta,organik,1995,L,False,setia
U02247,2025-10-17,Bandung,referral,2005,P,False,biasa
U02248,2025-04-21,Bandung,iklan_meta,1984,P,False,biasa
U02249,2026-04-03,Denpasar,iklan_meta,1999,L,False,biasa
U02250,2025-05-07,Bandung,iklan_google,1993,P,True,biasa
U02251,2026-02-28,Surabaya,iklan_meta,1987,L,False,biasa
U02252,2025-02-18,Yogyakarta,referral,1982,P,False,setia
U02253,2025-08-28,Jakarta,gojek_grab,1981,L,True,biasa
U02254,2025-09-25,Bandung,organik,2006,P,False,biasa
U02255,2025-11-03,Surabaya,organik,1988,P,False,setia
U02256,2026-05-15,Denpasar,referral,1991,P,False,biasa
U02257,2025-12-06,Surabaya,referral,1978,L,False,biasa
U02258,2025-12-24,Surabaya,organik,1999,P,False,biasa
U02259,2026-03-22,Bandung,iklan_meta,1978,P,False,biasa
U02260,2025-09-23,Jakarta,iklan_google,1995,L,False,biasa
U02261,2026-01-24,Jakarta,gojek_grab,1978,L,True,biasa
U02262,2026-04-10,Surabaya,referral,1986,P,False,biasa
U02263,2025-01-14,Bandung,gojek_grab,1989,L,False,biasa
U02264,2026-05-28,Denpasar,iklan_meta,1978,P,False,biasa
U02265,2026-04-13,Bandung,referral,1995,P,True,biasa
U02266,2025-10-31,Jakarta,gojek_grab,2006,P,True,setia
U02267,2025-12-14,Jakarta,iklan_meta,1983,P,False,biasa
U02268,2026-03-05,Surabaya,gojek_grab,1976,L,False,biasa
U02269,2025-12-01,Denpasar,iklan_meta,1994,L,False,biasa
U02270,2026-06-15,Yogyakarta,iklan_meta,1988,L,True,setia
U02271,2025-12-18,Jakarta,organik,1990,P,False,setia
U02272,2025-01-16,Denpasar,organik,1987,P,False,setia
U02273,2025-06-04,Jakarta,iklan_google,1979,L,False,biasa
U02274,2025-11-12,Bandung,referral,1986,P,False,biasa
U02275,2025-12-10,Yogyakarta,gojek_grab,1982,P,False,biasa
U02276,2026-01-07,Yogyakarta,gojek_grab,1984,P,False,setia
U02277,2026-02-02,Surabaya,organik,1999,P,False,setia
U02278,2025-10-22,Denpasar,referral,1996,P,False,biasa
U02279,2025-02-24,Surabaya,referral,1986,P,False,biasa
U02280,2025-06-13,Denpasar,gojek_grab,1989,L,False,biasa
U02281,2025-10-23,Jakarta,organik,2006,P,True,setia
U02282,2025-05-25,Denpasar,iklan_meta,1995,L,False,biasa
U02283,2025-09-16,Bandung,organik,1990,L,True,biasa
U02284,2026-04-23,Jakarta,organik,1998,P,False,biasa
U02285,2025-05-23,Denpasar,iklan_google,2003,P,False,biasa
U02286,2026-04-21,Bandung,iklan_google,2004,L,False,biasa
U02287,2026-06-12,Jakarta,referral,1978,P,False,biasa
U02288,2025-03-16,Surabaya,gojek_grab,1983,L,False,biasa
U02289,2026-05-06,Jakarta,iklan_meta,1980,P,False,biasa
U02290,2026-02-06,Yogyakarta,organik,2000,L,False,biasa
U02291,2025-07-30,Denpasar,iklan_meta,1994,P,False,biasa
U02292,2026-01-13,Surabaya,gojek_grab,2003,L,False,setia
U02293,2025-03-06,Denpasar,gojek_grab,2002,P,False,biasa
U02294,2025-09-07,Denpasar,organik,2006,L,False,biasa
U02295,2025-07-20,Bandung,organik,1979,P,False,biasa
U02296,2025-08-03,Jakarta,iklan_meta,1993,P,False,biasa
U02297,2026-03-19,Denpasar,gojek_grab,1995,L,False,setia
U02298,2025-06-24,Jakarta,referral,1999,P,False,setia
U02299,2025-11-09,Denpasar,organik,1984,L,True,biasa
U02300,2026-01-23,Bandung,iklan_meta,1976,L,False,setia
U02301,2026-03-03,Bandung,organik,1992,L,False,biasa
U02302,2025-09-02,Bandung,gojek_grab,1992,P,False,biasa
U02303,2026-02-27,Surabaya,organik,1995,L,False,biasa
U02304,2026-01-01,Jakarta,iklan_meta,1977,P,False,biasa
U02305,2025-04-05,Jakarta,gojek_grab,1980,L,False,biasa
U02306,2026-01-13,Jakarta,iklan_google,2004,L,True,biasa
U02307,2025-07-15,Surabaya,organik,1978,L,False,biasa
U02308,2026-06-14,Surabaya,organik,2000,L,False,biasa
U02309,2026-03-12,Yogyakarta,gojek_grab,1987,L,False,biasa
U02310,2026-01-05,Yogyakarta,iklan_google,1977,P,False,setia
U02311,2026-01-11,Bandung,gojek_grab,2000,L,False,biasa
U02312,2025-02-12,Jakarta,gojek_grab,1990,P,False,biasa
U02313,2026-03-19,Denpasar,organik,2001,P,True,biasa
U02314,2025-04-30,Jakarta,iklan_meta,1983,P,False,setia
U02315,2026-02-12,Jakarta,iklan_google,2000,L,False,biasa
U02316,2025-11-14,Yogyakarta,iklan_meta,2000,P,False,setia
U02317,2026-06-17,Bandung,iklan_meta,1986,P,False,biasa
U02318,2025-01-14,Jakarta,gojek_grab,2003,L,True,biasa
U02319,2025-12-23,Bandung,iklan_google,2001,P,False,biasa
U02320,2025-09-02,Jakarta,gojek_grab,1995,P,False,biasa
U02321,2025-11-02,Jakarta,iklan_meta,1988,P,False,biasa
U02322,2025-06-15,Jakarta,gojek_grab,1991,P,True,biasa
U02323,2026-01-03,Jakarta,iklan_meta,2003,P,False,biasa
U02324,2025-04-07,Bandung,iklan_google,1990,L,False,biasa
U02325,2025-03-18,Bandung,referral,1997,P,False,biasa
U02326,2025-01-25,Bandung,organik,2004,P,False,setia
U02327,2025-02-20,Jakarta,iklan_google,1976,L,False,biasa
U02328,2025-01-10,Bandung,gojek_grab,1987,P,True,biasa
U02329,2025-07-07,Bandung,referral,1987,L,False,biasa
U02330,2025-04-02,Bandung,organik,1991,L,False,biasa
U02331,2026-01-03,Bandung,organik,1985,P,False,biasa
U02332,2026-05-22,Denpasar,organik,2002,P,False,setia
U02333,2026-06-16,Bandung,gojek_grab,1999,P,False,biasa
U02334,2025-06-26,Bandung,organik,1977,P,False,setia
U02335,2026-04-22,Bandung,organik,1992,P,False,setia
U02336,2026-05-22,Surabaya,organik,1990,P,False,biasa
U02337,2025-11-16,Bandung,organik,2002,L,True,biasa
U02338,2025-02-23,Bandung,organik,2002,L,True,biasa
U02339,2025-02-01,Surabaya,organik,2003,P,True,biasa
U02340,2025-11-23,Bandung,iklan_meta,1987,L,False,setia
U02341,2025-11-26,Surabaya,referral,1983,L,False,setia
U02342,2025-10-13,Bandung,referral,1998,P,False,biasa
U02343,2025-11-12,Jakarta,iklan_google,1991,P,False,biasa
U02344,2025-12-09,Jakarta,organik,1983,P,False,setia
U02345,2025-07-17,Bandung,gojek_grab,1991,L,False,biasa
U02346,2026-04-03,Jakarta,iklan_google,1983,P,False,biasa
U02347,2026-01-28,Yogyakarta,organik,1993,L,False,biasa
U02348,2025-07-30,Jakarta,iklan_google,1985,P,False,biasa
U02349,2026-01-27,Denpasar,gojek_grab,1976,P,False,biasa
U02350,2025-12-26,Denpasar,gojek_grab,2005,P,False,biasa
U02351,2025-06-09,Surabaya,iklan_meta,1989,L,False,biasa
U02352,2025-04-25,Bandung,organik,1991,L,False,biasa
U02353,2025-06-09,Jakarta,gojek_grab,1981,L,True,biasa
U02354,2026-03-01,Jakarta,iklan_meta,1983,L,False,biasa
U02355,2025-03-24,Bandung,gojek_grab,1982,L,False,setia
U02356,2025-10-16,Bandung,referral,1992,L,False,biasa
U02357,2026-06-03,Denpasar,referral,1995,L,True,biasa
U02358,2025-02-13,Bandung,gojek_grab,2006,L,False,biasa
U02359,2025-10-23,Bandung,gojek_grab,1986,L,False,biasa
U02360,2025-06-08,Denpasar,gojek_grab,1988,L,False,setia
U02361,2026-03-27,Jakarta,organik,1994,P,False,biasa
U02362,2025-03-14,Denpasar,referral,2003,L,False,biasa
U02363,2025-11-19,Bandung,organik,1982,P,True,biasa
U02364,2026-02-07,Jakarta,gojek_grab,1989,L,False,biasa
U02365,2025-03-12,Jakarta,iklan_google,1979,P,False,biasa
U02366,2025-08-07,Bandung,iklan_google,1990,L,False,biasa
U02367,2025-03-19,Bandung,organik,1996,P,False,setia
U02368,2025-10-10,Jakarta,iklan_meta,1982,P,True,setia
U02369,2025-01-02,Bandung,organik,1990,L,False,biasa
U02370,2025-11-26,Bandung,gojek_grab,1986,P,True,biasa
U02371,2025-06-10,Yogyakarta,iklan_google,1993,P,False,biasa
U02372,2025-07-21,Jakarta,organik,1998,L,False,biasa
U02373,2026-03-03,Yogyakarta,iklan_meta,2000,P,False,biasa
U02374,2026-06-17,Jakarta,organik,1977,L,False,biasa
U02375,2025-09-22,Bandung,referral,1995,P,False,biasa
U02376,2026-02-11,Denpasar,referral,1976,P,False,biasa
U02377,2025-07-29,Surabaya,organik,1975,L,False,biasa
U02378,2025-12-17,Yogyakarta,iklan_meta,1975,L,False,biasa
U02379,2025-07-30,Surabaya,organik,1975,P,True,biasa
U02380,2025-03-24,Surabaya,iklan_google,1997,P,False,biasa
U02381,2026-04-14,Bandung,iklan_meta,2003,P,True,biasa
U02382,2025-07-20,Bandung,organik,1992,P,False,biasa
U02383,2025-07-13,Jakarta,organik,1980,L,False,biasa
U02384,2025-07-24,Yogyakarta,referral,1995,L,True,biasa
U02385,2026-03-14,Yogyakarta,gojek_grab,1988,L,False,biasa
U02386,2026-01-16,Surabaya,organik,1990,P,False,biasa
U02387,2025-04-05,Surabaya,gojek_grab,1989,P,False,biasa
U02388,2025-02-13,Jakarta,iklan_meta,1992,P,True,biasa
U02389,2025-12-02,Bandung,iklan_google,2001,P,False,setia
U02390,2025-03-17,Jakarta,referral,1989,L,False,biasa
U02391,2025-03-29,Surabaya,organik,1998,L,False,biasa
U02392,2026-03-05,Yogyakarta,organik,2004,L,False,biasa
U02393,2026-01-27,Jakarta,organik,1997,P,False,biasa
U02394,2025-07-26,Surabaya,referral,1992,L,False,biasa
U02395,2026-01-29,Surabaya,organik,2004,P,True,biasa
U02396,2025-06-11,Jakarta,referral,1976,L,False,biasa
U02397,2025-09-10,Jakarta,iklan_google,1992,L,False,biasa
U02398,2025-02-26,Surabaya,iklan_google,1992,P,False,setia
U02399,2026-03-20,Jakarta,organik,1976,P,False,biasa
U02400,2025-02-15,Yogyakarta,referral,1979,L,False,biasa
U02401,2026-05-24,Yogyakarta,iklan_google,1994,L,False,setia
U02402,2025-08-15,Bandung,referral,2000,P,False,biasa
U02403,2025-06-10,Jakarta,iklan_meta,1990,P,False,biasa
U02404,2025-09-06,Yogyakarta,iklan_google,2004,P,False,biasa
U02405,2025-12-04,Jakarta,organik,1985,L,False,biasa
U02406,2026-06-08,Denpasar,iklan_meta,1993,P,False,biasa
U02407,2026-05-29,Jakarta,iklan_meta,1979,L,False,biasa
U02408,2025-12-25,Yogyakarta,gojek_grab,1982,L,False,biasa
U02409,2026-06-12,Jakarta,referral,1992,P,False,biasa
U02410,2025-04-30,Bandung,gojek_grab,2005,L,False,biasa
U02411,2025-01-11,Yogyakarta,iklan_meta,1987,P,False,biasa
U02412,2026-01-04,Yogyakarta,organik,1975,L,False,biasa
U02413,2026-05-26,Surabaya,iklan_google,1979,L,True,biasa
U02414,2025-01-07,Surabaya,iklan_google,1984,P,False,biasa
U02415,2026-04-24,Yogyakarta,organik,1989,L,False,biasa
U02416,2026-02-07,Jakarta,iklan_google,2002,L,False,biasa
U02417,2026-02-08,Jakarta,organik,1983,P,False,biasa
U02418,2025-06-18,Jakarta,gojek_grab,2003,P,False,biasa
U02419,2026-03-21,Denpasar,organik,1999,L,False,biasa
U02420,2026-01-02,Yogyakarta,gojek_grab,1999,L,False,biasa
U02421,2026-03-19,Jakarta,iklan_meta,1996,P,False,biasa
U02422,2026-05-31,Jakarta,iklan_google,1996,P,False,biasa
U02423,2025-10-09,Bandung,iklan_google,1998,P,False,biasa
U02424,2026-06-19,Surabaya,organik,1993,L,False,biasa
U02425,2025-06-30,Bandung,iklan_google,1995,L,False,biasa
U02426,2025-10-27,Yogyakarta,iklan_google,1994,P,True,biasa
U02427,2026-05-11,Denpasar,organik,1983,P,True,biasa
U02428,2025-02-07,Jakarta,referral,1981,P,True,setia
U02429,2025-05-20,Jakarta,gojek_grab,2004,P,False,biasa
U02430,2025-02-03,Jakarta,iklan_meta,1999,P,False,biasa
U02431,2026-01-17,Surabaya,referral,1982,P,False,setia
U02432,2025-05-27,Jakarta,organik,1988,P,False,setia
U02433,2025-03-28,Yogyakarta,iklan_meta,1981,P,True,biasa
U02434,2025-02-20,Bandung,gojek_grab,2001,P,False,biasa
U02435,2026-02-03,Jakarta,iklan_meta,2005,L,False,biasa
U02436,2025-06-05,Surabaya,iklan_google,1996,P,True,setia
U02437,2026-05-23,Denpasar,organik,2001,P,True,setia
U02438,2026-04-24,Jakarta,gojek_grab,1984,P,False,biasa
U02439,2025-07-03,Surabaya,iklan_google,1978,L,True,biasa
U02440,2025-06-16,Yogyakarta,organik,1985,P,False,setia
U02441,2026-04-22,Jakarta,iklan_google,2006,P,False,biasa
U02442,2025-06-27,Surabaya,gojek_grab,2000,P,False,biasa
U02443,2025-11-10,Bandung,organik,1988,P,False,biasa
U02444,2026-03-25,Jakarta,organik,1990,P,False,biasa
U02445,2026-04-08,Jakarta,organik,1998,P,False,biasa
U02446,2026-02-15,Denpasar,organik,1989,L,False,biasa
U02447,2025-11-26,Bandung,referral,1991,P,False,biasa
U02448,2025-06-24,Denpasar,referral,1993,P,False,biasa
U02449,2025-05-11,Denpasar,organik,1991,P,False,setia
U02450,2025-09-29,Surabaya,gojek_grab,1991,P,True,biasa
U02451,2026-06-19,Jakarta,iklan_meta,1986,P,True,biasa
U02452,2025-10-30,Bandung,gojek_grab,1999,P,True,setia
U02453,2025-08-04,Yogyakarta,gojek_grab,1984,L,False,biasa
U02454,2026-01-26,Denpasar,iklan_meta,2004,L,False,biasa
U02455,2025-03-23,Bandung,iklan_google,1984,P,False,biasa
U02456,2025-03-14,Bandung,organik,1999,P,False,setia
U02457,2025-07-18,Surabaya,gojek_grab,1998,P,False,biasa
U02458,2026-02-11,Jakarta,gojek_grab,1987,P,True,biasa
U02459,2026-04-02,Surabaya,organik,1997,P,True,setia
U02460,2025-02-22,Denpasar,gojek_grab,1988,L,False,biasa
U02461,2025-03-17,Bandung,iklan_meta,1997,L,False,biasa
U02462,2025-11-14,Jakarta,referral,1999,P,False,biasa
U02463,2026-02-04,Yogyakarta,iklan_google,2004,P,False,biasa
U02464,2026-05-26,Jakarta,organik,1984,P,False,setia
U02465,2025-08-12,Jakarta,iklan_google,1989,L,False,biasa
U02466,2025-04-03,Bandung,referral,1984,P,False,biasa
U02467,2025-05-17,Jakarta,gojek_grab,1977,P,False,biasa
U02468,2026-02-23,Jakarta,referral,1977,L,False,setia
U02469,2025-12-21,Denpasar,gojek_grab,2004,L,False,biasa
U02470,2025-07-31,Jakarta,organik,1983,L,False,biasa
U02471,2025-10-30,Jakarta,iklan_meta,1999,P,True,setia
U02472,2025-05-06,Jakarta,referral,2003,P,False,biasa
U02473,2025-11-01,Jakarta,referral,2005,L,True,biasa
U02474,2025-10-05,Bandung,iklan_meta,1980,P,False,biasa
U02475,2025-03-29,Bandung,iklan_meta,1984,P,False,setia
U02476,2025-04-13,Jakarta,organik,1996,L,False,setia
U02477,2026-03-11,Bandung,referral,1978,P,False,biasa
U02478,2025-08-29,Yogyakarta,organik,1976,L,False,setia
U02479,2025-03-14,Yogyakarta,iklan_google,1985,P,False,setia
U02480,2025-11-13,Jakarta,referral,2003,P,True,biasa
U02481,2025-09-27,Yogyakarta,iklan_meta,2000,P,True,biasa
U02482,2026-02-21,Bandung,iklan_meta,2005,L,False,biasa
U02483,2025-03-23,Jakarta,organik,1987,P,False,biasa
U02484,2026-03-16,Surabaya,referral,1993,L,True,setia
U02485,2026-05-06,Jakarta,referral,1976,P,False,biasa
U02486,2026-04-25,Surabaya,iklan_meta,1992,L,False,biasa
U02487,2025-03-25,Bandung,iklan_meta,1998,P,False,biasa
U02488,2025-09-20,Jakarta,iklan_google,1986,L,False,setia
U02489,2025-07-08,Yogyakarta,organik,1982,P,True,biasa
U02490,2026-05-09,Bandung,organik,1979,P,True,biasa
U02491,2026-04-29,Denpasar,organik,1984,P,True,biasa
U02492,2026-04-29,Denpasar,referral,1981,P,False,biasa
U02493,2026-04-12,Bandung,referral,1994,P,False,biasa
U02494,2025-09-21,Surabaya,iklan_meta,1986,P,True,setia
U02495,2025-01-11,Bandung,organik,1981,L,True,setia
U02496,2025-03-01,Jakarta,referral,2003,P,False,biasa
U02497,2025-05-01,Yogyakarta,iklan_google,1998,L,False,biasa
U02498,2025-07-16,Jakarta,iklan_google,2005,P,False,setia
U02499,2025-10-08,Jakarta,referral,1985,L,False,biasa
U02500,2026-02-07,Bandung,iklan_google,1995,P,False,biasa
U02501,2025-05-06,Jakarta,organik,1994,P,False,setia
U02502,2025-10-30,Jakarta,iklan_meta,1994,L,False,biasa
U02503,2025-09-17,Surabaya,iklan_meta,1977,P,False,biasa
U02504,2025-04-12,Jakarta,gojek_grab,1995,P,True,biasa
U02505,2025-05-13,Bandung,organik,1988,P,True,biasa
U02506,2026-04-11,Surabaya,iklan_google,1976,L,False,biasa
U02507,2025-09-17,Jakarta,organik,1978,L,False,biasa
U02508,2025-12-15,Yogyakarta,iklan_meta,1997,P,False,biasa
U02509,2025-07-09,Bandung,iklan_meta,2001,L,False,biasa
U02510,2025-03-11,Bandung,iklan_meta,1979,P,False,biasa
U02511,2025-05-29,Denpasar,gojek_grab,1976,L,False,setia
U02512,2026-03-19,Surabaya,organik,2002,P,False,biasa
U02513,2026-04-20,Jakarta,iklan_google,2003,P,True,biasa
U02514,2025-10-05,Jakarta,gojek_grab,2006,L,False,biasa
U02515,2025-12-16,Jakarta,referral,1983,P,False,biasa
U02516,2025-07-13,Jakarta,iklan_meta,1991,P,False,biasa
U02517,2026-04-30,Bandung,referral,1992,P,False,biasa
U02518,2025-10-10,Denpasar,referral,2005,P,False,biasa
U02519,2025-12-15,Jakarta,iklan_meta,1992,P,True,biasa
U02520,2025-10-19,Jakarta,organik,2005,L,True,biasa
U02521,2025-10-23,Bandung,iklan_google,1992,L,False,biasa
U02522,2026-06-13,Jakarta,referral,1998,L,False,biasa
U02523,2025-10-10,Bandung,iklan_meta,1999,L,False,biasa
U02524,2026-01-05,Jakarta,gojek_grab,1999,L,False,setia
U02525,2025-08-16,Denpasar,iklan_google,1992,P,True,biasa
U02526,2025-05-28,Jakarta,iklan_meta,2005,P,False,biasa
U02527,2025-03-21,Denpasar,iklan_google,1981,L,True,biasa
U02528,2025-08-14,Bandung,iklan_meta,1981,L,True,biasa
U02529,2025-11-09,Jakarta,organik,1997,P,False,setia
U02530,2025-03-02,Jakarta,gojek_grab,2000,P,True,biasa
U02531,2026-05-29,Denpasar,organik,2002,L,False,biasa
U02532,2025-07-11,Bandung,iklan_google,2005,P,False,biasa
U02533,2026-05-27,Jakarta,gojek_grab,2006,L,False,biasa
U02534,2026-03-12,Denpasar,organik,2001,P,False,biasa
U02535,2025-03-02,Denpasar,organik,1987,P,False,biasa
U02536,2025-08-07,Bandung,gojek_grab,1993,P,False,biasa
U02537,2025-03-14,Bandung,organik,1975,P,False,setia
U02538,2026-03-14,Yogyakarta,iklan_meta,2001,P,False,biasa
U02539,2025-07-02,Jakarta,gojek_grab,1988,P,False,biasa
U02540,2025-06-20,Denpasar,organik,1996,P,True,biasa
U02541,2026-02-27,Jakarta,organik,1994,P,False,biasa
U02542,2025-12-03,Bandung,organik,1978,L,False,setia
U02543,2025-01-07,Denpasar,organik,2001,P,False,biasa
U02544,2025-02-09,Surabaya,organik,1992,P,False,biasa
U02545,2025-01-15,Denpasar,iklan_meta,1991,L,True,biasa
U02546,2025-03-14,Bandung,iklan_meta,1985,L,False,biasa
U02547,2025-08-21,Jakarta,gojek_grab,1990,P,False,biasa
U02548,2025-08-09,Jakarta,gojek_grab,1984,L,False,biasa
U02549,2025-07-11,Yogyakarta,organik,1982,P,False,biasa
U02550,2026-05-11,Denpasar,iklan_meta,1998,P,False,biasa
U02551,2025-11-01,Jakarta,organik,1992,P,False,biasa
U02552,2026-01-20,Denpasar,iklan_meta,1996,P,False,biasa
U02553,2025-04-05,Bandung,iklan_meta,1995,P,False,setia
U02554,2025-04-29,Jakarta,iklan_meta,1975,P,False,setia
U02555,2025-05-16,Jakarta,organik,1975,L,False,biasa
U02556,2025-06-10,Yogyakarta,gojek_grab,1978,P,False,biasa
U02557,2026-01-27,Jakarta,iklan_google,1987,L,False,setia
U02558,2025-01-25,Jakarta,organik,2002,P,False,biasa
U02559,2025-02-09,Jakarta,iklan_meta,1988,P,False,biasa
U02560,2025-12-13,Bandung,referral,1983,P,False,biasa
U02561,2025-03-15,Surabaya,iklan_meta,1978,L,False,biasa
U02562,2026-05-27,Jakarta,iklan_meta,1979,P,False,setia
U02563,2025-01-15,Bandung,gojek_grab,1987,P,True,biasa
U02564,2025-12-13,Yogyakarta,organik,1985,P,False,biasa
U02565,2025-08-04,Denpasar,gojek_grab,1993,L,False,biasa
U02566,2026-02-12,Jakarta,gojek_grab,2003,L,True,biasa
U02567,2026-05-05,Yogyakarta,organik,1977,L,False,biasa
U02568,2025-07-25,Jakarta,iklan_meta,1999,L,True,biasa
U02569,2025-11-29,Jakarta,iklan_google,1994,L,False,biasa
U02570,2026-02-26,Jakarta,gojek_grab,1977,L,False,biasa
U02571,2025-09-10,Surabaya,organik,1996,L,False,biasa
U02572,2025-09-22,Bandung,iklan_meta,1980,L,False,biasa
U02573,2025-07-24,Jakarta,gojek_grab,1988,L,False,biasa
U02574,2026-01-19,Jakarta,gojek_grab,1996,P,False,biasa
U02575,2026-06-07,Bandung,referral,1995,P,False,setia
U02576,2025-05-20,Bandung,iklan_meta,1986,P,False,biasa
U02577,2025-05-30,Denpasar,iklan_meta,1995,P,False,biasa
U02578,2026-01-16,Bandung,gojek_grab,1987,P,True,biasa
U02579,2025-07-21,Jakarta,iklan_meta,1985,P,False,biasa
U02580,2025-05-07,Denpasar,gojek_grab,2001,P,False,biasa
U02581,2025-02-05,Denpasar,referral,1976,L,False,setia
U02582,2025-07-01,Denpasar,iklan_meta,1989,L,False,biasa
U02583,2025-09-30,Jakarta,organik,1985,P,False,setia
U02584,2025-06-03,Bandung,iklan_meta,1978,P,False,biasa
U02585,2026-01-21,Denpasar,referral,1996,P,True,setia
U02586,2025-08-25,Surabaya,gojek_grab,1989,P,False,biasa
U02587,2025-06-27,Jakarta,iklan_meta,1997,L,False,biasa
U02588,2025-04-27,Jakarta,gojek_grab,1982,L,True,setia
U02589,2025-08-06,Bandung,organik,1993,P,False,setia
U02590,2025-11-23,Jakarta,gojek_grab,1986,P,True,setia
U02591,2025-11-19,Denpasar,organik,1983,P,False,setia
U02592,2025-12-15,Jakarta,iklan_meta,1988,P,False,biasa
U02593,2025-07-24,Yogyakarta,referral,1995,P,False,biasa
U02594,2025-05-03,Jakarta,gojek_grab,1975,P,False,biasa
U02595,2026-06-20,Yogyakarta,organik,1976,P,False,biasa
U02596,2026-02-21,Bandung,iklan_meta,1976,P,False,biasa
U02597,2026-05-01,Jakarta,iklan_meta,1985,L,False,setia
U02598,2025-12-25,Jakarta,gojek_grab,2001,P,True,biasa
U02599,2026-03-14,Surabaya,iklan_google,2001,P,False,biasa
U02600,2026-06-02,Jakarta,organik,1982,L,False,biasa
U02601,2025-06-18,Jakarta,organik,1980,L,False,biasa
U02602,2026-04-13,Jakarta,iklan_meta,2000,P,True,biasa
U02603,2025-11-09,Bandung,organik,1992,L,False,biasa
U02604,2026-05-27,Jakarta,gojek_grab,2001,L,False,biasa
U02605,2026-05-25,Jakarta,iklan_meta,2004,P,False,biasa
U02606,2026-05-13,Bandung,iklan_meta,2004,L,False,biasa
U02607,2026-05-14,Yogyakarta,organik,1984,L,False,setia
U02608,2026-05-05,Jakarta,referral,1996,L,False,setia
U02609,2025-12-28,Jakarta,referral,1987,P,False,setia
U02610,2026-06-16,Surabaya,organik,1977,P,False,setia
U02611,2026-05-10,Surabaya,gojek_grab,1986,P,False,biasa
U02612,2026-05-31,Surabaya,iklan_meta,1982,L,False,setia
U02613,2025-10-06,Yogyakarta,organik,1997,L,False,biasa
U02614,2025-07-12,Jakarta,organik,1985,L,True,biasa
U02615,2025-04-02,Bandung,referral,1979,L,True,biasa
U02616,2025-03-13,Surabaya,organik,1994,L,False,biasa
U02617,2025-12-30,Bandung,referral,2006,L,False,setia
U02618,2026-05-18,Bandung,referral,2002,P,True,biasa
U02619,2025-12-21,Bandung,organik,1990,L,False,biasa
U02620,2025-06-18,Denpasar,gojek_grab,1981,P,False,biasa
U02621,2025-04-12,Surabaya,referral,2003,P,False,biasa
U02622,2026-04-13,Jakarta,iklan_meta,1987,P,True,biasa
U02623,2025-01-23,Jakarta,referral,1979,P,False,biasa
U02624,2026-06-22,Bandung,iklan_meta,1992,L,False,biasa
U02625,2025-04-06,Jakarta,iklan_google,1979,P,True,biasa
U02626,2025-12-02,Bandung,organik,1988,L,False,biasa
U02627,2026-03-30,Jakarta,iklan_meta,1990,L,False,setia
U02628,2025-06-04,Yogyakarta,organik,1997,P,False,biasa
U02629,2025-02-06,Surabaya,referral,1980,L,False,biasa
U02630,2025-12-25,Jakarta,organik,2006,P,False,setia
U02631,2026-05-01,Yogyakarta,iklan_meta,2002,P,False,biasa
U02632,2026-04-02,Denpasar,referral,1984,L,False,setia
U02633,2025-08-17,Denpasar,gojek_grab,1990,L,False,biasa
U02634,2025-04-02,Jakarta,iklan_google,1997,L,False,biasa
U02635,2025-04-14,Jakarta,iklan_meta,1995,P,False,biasa
U02636,2026-04-19,Surabaya,iklan_meta,1983,P,False,setia
U02637,2025-10-14,Bandung,gojek_grab,1998,L,True,setia
U02638,2026-01-24,Jakarta,referral,1979,P,False,setia
U02639,2026-03-12,Denpasar,iklan_meta,1983,L,False,biasa
U02640,2026-05-14,Yogyakarta,gojek_grab,2000,L,False,biasa
U02641,2025-06-03,Bandung,organik,1976,L,False,biasa
U02642,2025-07-06,Denpasar,organik,1985,P,False,setia
U02643,2025-11-21,Yogyakarta,gojek_grab,1978,P,False,biasa
U02644,2026-05-07,Jakarta,gojek_grab,1980,P,False,biasa
U02645,2026-03-28,Denpasar,iklan_google,1987,L,False,biasa
U02646,2025-04-10,Jakarta,organik,1997,P,False,biasa
U02647,2026-04-23,Bandung,iklan_google,2005,L,False,setia
U02648,2026-01-28,Yogyakarta,iklan_google,1981,L,False,setia
U02649,2026-03-23,Jakarta,organik,1985,P,False,biasa
U02650,2026-05-18,Denpasar,organik,1985,P,False,biasa
U02651,2025-01-30,Yogyakarta,organik,1975,P,False,biasa
U02652,2025-10-26,Denpasar,gojek_grab,1982,P,False,setia
U02653,2025-01-17,Denpasar,organik,1992,P,False,biasa
U02654,2025-03-23,Jakarta,organik,1995,L,False,biasa
U02655,2025-06-29,Jakarta,organik,1982,P,False,biasa
U02656,2026-06-04,Bandung,iklan_meta,2006,L,False,setia
U02657,2025-12-18,Jakarta,iklan_meta,1993,L,False,biasa
U02658,2025-11-14,Surabaya,iklan_meta,1984,P,True,biasa
U02659,2025-02-15,Jakarta,iklan_google,1976,P,False,biasa
U02660,2025-05-29,Jakarta,iklan_meta,1993,P,False,biasa
U02661,2025-01-08,Bandung,iklan_google,1998,P,False,biasa
U02662,2026-05-12,Jakarta,iklan_meta,2000,L,False,biasa
U02663,2025-08-08,Yogyakarta,iklan_meta,1976,P,True,biasa
U02664,2026-03-23,Bandung,organik,1986,L,True,biasa
U02665,2025-01-27,Bandung,organik,1987,P,False,biasa
U02666,2026-05-22,Bandung,organik,2003,L,False,biasa
U02667,2025-10-19,Bandung,gojek_grab,1983,P,False,biasa
U02668,2025-12-16,Bandung,gojek_grab,1975,L,False,biasa
U02669,2026-01-27,Surabaya,organik,1995,P,False,biasa
U02670,2025-04-29,Jakarta,gojek_grab,1980,L,False,biasa
U02671,2025-09-16,Jakarta,iklan_meta,1988,L,False,setia
U02672,2025-11-20,Bandung,organik,1986,P,False,biasa
U02673,2026-03-04,Yogyakarta,organik,1996,P,False,biasa
U02674,2025-10-02,Denpasar,organik,1999,L,False,biasa
U02675,2025-11-13,Denpasar,organik,2003,L,False,setia
U02676,2025-10-02,Denpasar,organik,1988,P,False,biasa
U02677,2025-06-22,Jakarta,gojek_grab,1999,P,False,biasa
U02678,2025-01-08,Jakarta,gojek_grab,2001,L,False,biasa
U02679,2026-03-10,Bandung,referral,1975,P,True,biasa
U02680,2025-05-19,Yogyakarta,referral,1996,P,False,biasa
U02681,2025-07-31,Jakarta,iklan_meta,1975,L,True,biasa
U02682,2025-05-26,Surabaya,organik,1991,L,True,biasa
U02683,2026-01-11,Jakarta,iklan_meta,2000,L,False,setia
U02684,2025-02-17,Jakarta,iklan_google,1988,P,False,biasa
U02685,2025-09-06,Denpasar,iklan_meta,1987,L,False,biasa
U02686,2025-07-24,Surabaya,iklan_google,1985,P,True,biasa
U02687,2025-11-21,Yogyakarta,iklan_meta,2000,P,False,setia
U02688,2025-08-31,Jakarta,organik,1998,L,False,biasa
U02689,2025-04-26,Jakarta,iklan_google,2001,P,False,setia
U02690,2026-01-06,Yogyakarta,referral,1997,L,True,setia
U02691,2026-03-03,Jakarta,gojek_grab,2006,P,False,setia
U02692,2025-10-08,Denpasar,gojek_grab,1986,L,False,biasa
U02693,2026-01-20,Yogyakarta,iklan_google,1995,P,False,biasa
U02694,2025-09-03,Surabaya,iklan_google,2006,P,False,setia
U02695,2025-10-23,Surabaya,organik,1991,P,False,biasa
U02696,2025-03-20,Yogyakarta,iklan_google,2001,P,False,biasa
U02697,2025-11-16,Bandung,organik,1977,L,False,biasa
U02698,2025-05-08,Jakarta,iklan_meta,1981,L,False,biasa
U02699,2026-04-15,Surabaya,organik,1975,P,False,biasa
U02700,2025-06-22,Bandung,gojek_grab,2005,L,False,setia
U02701,2025-04-07,Surabaya,referral,2002,L,False,biasa
U02702,2025-03-22,Denpasar,organik,1996,L,True,biasa
U02703,2025-01-08,Surabaya,referral,2002,P,True,setia
U02704,2025-05-19,Bandung,iklan_meta,1998,L,True,biasa
U02705,2025-05-11,Jakarta,iklan_meta,1996,L,False,biasa
U02706,2025-08-07,Denpasar,iklan_google,1977,P,False,biasa
U02707,2025-01-12,Bandung,organik,1993,L,True,setia
U02708,2025-05-05,Surabaya,organik,1987,P,False,biasa
U02709,2026-04-18,Jakarta,iklan_meta,1989,L,False,biasa
U02710,2025-05-18,Surabaya,gojek_grab,1975,P,True,biasa
U02711,2026-05-03,Bandung,organik,1984,L,False,biasa
U02712,2026-02-28,Surabaya,iklan_meta,1982,P,True,biasa
U02713,2025-02-13,Jakarta,organik,1999,L,False,biasa
U02714,2025-07-15,Jakarta,gojek_grab,2005,L,False,biasa
U02715,2025-01-18,Surabaya,organik,1986,L,True,biasa
U02716,2025-07-26,Denpasar,referral,2000,P,False,biasa
U02717,2025-08-06,Jakarta,iklan_meta,1986,L,False,biasa
U02718,2026-02-27,Yogyakarta,organik,1992,P,False,biasa
U02719,2025-07-10,Jakarta,gojek_grab,1982,L,False,biasa
U02720,2026-02-19,Bandung,organik,1993,L,False,setia
U02721,2025-10-06,Denpasar,organik,1983,P,False,biasa
U02722,2026-01-22,Surabaya,iklan_meta,1989,P,True,biasa
U02723,2025-06-27,Denpasar,organik,1999,L,False,biasa
U02724,2025-11-10,Bandung,referral,1987,L,True,biasa
U02725,2025-01-17,Denpasar,gojek_grab,1998,L,False,biasa
U02726,2025-02-04,Surabaya,organik,2000,L,False,setia
U02727,2026-02-03,Surabaya,referral,1998,P,False,setia
U02728,2026-04-10,Bandung,iklan_meta,1989,P,True,biasa
U02729,2025-02-12,Yogyakarta,organik,1988,P,True,biasa
U02730,2025-12-05,Jakarta,iklan_meta,1997,P,True,biasa
U02731,2025-03-03,Jakarta,iklan_google,1995,L,False,biasa
U02732,2026-05-23,Jakarta,organik,1992,P,False,biasa
U02733,2025-02-05,Surabaya,organik,1983,L,False,biasa
U02734,2025-04-08,Yogyakarta,iklan_google,1996,P,True,biasa
U02735,2026-03-21,Bandung,gojek_grab,2000,L,False,biasa
U02736,2025-03-05,Jakarta,iklan_meta,1996,L,False,setia
U02737,2025-03-31,Denpasar,organik,2003,L,False,setia
U02738,2026-05-03,Bandung,iklan_google,1997,L,False,biasa
U02739,2025-02-13,Bandung,gojek_grab,1976,L,False,biasa
U02740,2025-06-20,Bandung,gojek_grab,1994,L,False,setia
U02741,2026-04-17,Yogyakarta,gojek_grab,1994,L,False,setia
U02742,2026-06-03,Bandung,organik,1994,L,False,biasa
U02743,2025-03-10,Jakarta,iklan_meta,1979,P,False,biasa
U02744,2026-02-13,Denpasar,iklan_meta,1999,P,False,biasa
U02745,2026-05-23,Jakarta,organik,1980,L,False,biasa
U02746,2025-05-02,Bandung,organik,1992,L,False,biasa
U02747,2025-10-08,Jakarta,iklan_google,1986,P,False,biasa
U02748,2025-12-05,Bandung,organik,1975,P,False,biasa
U02749,2025-07-09,Jakarta,gojek_grab,1989,P,True,biasa
U02750,2025-07-04,Surabaya,iklan_meta,1981,P,False,biasa
U02751,2025-07-18,Surabaya,organik,1998,P,False,biasa
U02752,2026-03-20,Jakarta,iklan_meta,1988,P,False,biasa
U02753,2025-01-14,Jakarta,iklan_google,1979,P,False,biasa
U02754,2025-12-14,Jakarta,organik,2001,P,False,biasa
U02755,2025-10-12,Surabaya,organik,1982,P,True,biasa
U02756,2026-01-29,Yogyakarta,iklan_meta,2000,P,False,biasa
U02757,2026-01-29,Bandung,organik,1985,L,False,biasa
U02758,2025-06-04,Denpasar,organik,1984,P,False,biasa
U02759,2025-09-01,Surabaya,gojek_grab,1983,P,False,biasa
U02760,2025-01-12,Jakarta,iklan_google,1979,L,True,biasa
U02761,2025-09-15,Bandung,gojek_grab,2004,P,False,biasa
U02762,2025-08-12,Yogyakarta,iklan_google,1998,P,False,biasa
U02763,2026-03-15,Yogyakarta,organik,1997,P,True,biasa
U02764,2026-01-23,Surabaya,iklan_google,2001,P,False,biasa
U02765,2025-07-21,Bandung,iklan_meta,1977,P,False,biasa
U02766,2026-05-08,Surabaya,organik,2001,L,False,biasa
U02767,2025-09-29,Jakarta,iklan_meta,1985,L,True,setia
U02768,2025-06-16,Jakarta,iklan_meta,2001,P,False,biasa
U02769,2025-12-11,Jakarta,gojek_grab,1992,P,False,biasa
U02770,2025-09-05,Jakarta,gojek_grab,1996,P,False,biasa
U02771,2026-06-04,Surabaya,organik,1975,P,False,biasa
U02772,2026-04-22,Bandung,organik,2004,P,False,setia
U02773,2025-01-06,Bandung,iklan_google,1986,P,False,biasa
U02774,2025-05-16,Bandung,organik,1995,L,False,setia
U02775,2025-08-07,Jakarta,gojek_grab,1977,L,True,biasa
U02776,2026-01-03,Jakarta,gojek_grab,1991,L,False,biasa
U02777,2025-11-27,Denpasar,iklan_meta,2005,L,False,biasa
U02778,2026-04-23,Bandung,organik,1987,P,False,setia
U02779,2025-03-26,Bandung,iklan_google,1990,P,False,biasa
U02780,2025-12-07,Jakarta,gojek_grab,1989,P,True,biasa
U02781,2026-05-08,Surabaya,iklan_google,2000,P,False,biasa
U02782,2025-03-04,Bandung,referral,1994,P,False,biasa
U02783,2025-12-30,Jakarta,referral,1981,P,False,biasa
U02784,2025-12-19,Yogyakarta,organik,1995,L,False,setia
U02785,2025-01-22,Jakarta,iklan_google,1998,P,False,biasa
U02786,2025-01-23,Surabaya,iklan_meta,1987,L,False,biasa
U02787,2025-01-30,Bandung,gojek_grab,1990,P,False,biasa
U02788,2025-06-02,Denpasar,referral,1978,P,False,biasa
U02789,2026-01-07,Yogyakarta,organik,2005,P,False,setia
U02790,2026-04-23,Yogyakarta,iklan_meta,1998,L,False,biasa
U02791,2026-01-05,Jakarta,iklan_meta,1996,L,False,biasa
U02792,2026-01-21,Surabaya,gojek_grab,1981,P,False,biasa
U02793,2025-08-03,Yogyakarta,referral,2004,L,True,biasa
U02794,2025-04-27,Denpasar,referral,1982,P,False,setia
U02795,2025-10-28,Surabaya,organik,1994,P,False,setia
U02796,2026-01-09,Jakarta,iklan_google,1977,L,False,biasa
U02797,2026-04-12,Bandung,referral,2000,L,False,biasa
U02798,2025-11-06,Jakarta,organik,1993,P,False,biasa
U02799,2026-06-10,Bandung,gojek_grab,2000,P,False,setia
U02800,2026-03-13,Jakarta,organik,1975,P,True,biasa
U02801,2026-05-26,Jakarta,gojek_grab,1984,L,True,setia
U02802,2025-12-29,Bandung,referral,1982,L,False,biasa
U02803,2025-05-09,Surabaya,gojek_grab,1988,P,False,biasa
U02804,2026-03-22,Jakarta,referral,1983,L,False,biasa
U02805,2025-12-08,Jakarta,iklan_google,2000,L,False,biasa
U02806,2026-01-30,Jakarta,iklan_google,1985,P,False,biasa
U02807,2025-06-03,Jakarta,organik,1994,P,False,setia
U02808,2025-02-14,Jakarta,organik,1987,P,False,biasa
U02809,2026-06-08,Jakarta,iklan_meta,1991,L,False,biasa
U02810,2025-09-13,Jakarta,iklan_meta,1982,P,False,biasa
U02811,2025-11-18,Jakarta,iklan_meta,1993,L,False,biasa
U02812,2025-02-03,Yogyakarta,iklan_meta,1985,P,False,biasa
U02813,2026-04-14,Surabaya,iklan_meta,2005,L,True,setia
U02814,2025-06-04,Bandung,organik,1996,P,False,biasa
U02815,2025-01-07,Jakarta,iklan_google,1978,L,False,biasa
U02816,2025-06-01,Yogyakarta,organik,1993,P,False,biasa
U02817,2025-03-25,Jakarta,iklan_meta,1992,L,False,biasa
U02818,2025-09-10,Bandung,referral,1988,P,False,biasa
U02819,2025-12-23,Surabaya,organik,1990,L,False,setia
U02820,2025-06-27,Jakarta,gojek_grab,1998,P,False,biasa
U02821,2025-04-06,Jakarta,gojek_grab,1988,P,False,biasa
U02822,2025-05-06,Bandung,iklan_google,1984,L,False,biasa
U02823,2025-03-26,Jakarta,iklan_google,2005,P,False,biasa
U02824,2026-04-10,Bandung,iklan_meta,1995,P,False,biasa
U02825,2025-10-05,Jakarta,organik,2005,L,False,biasa
U02826,2025-01-30,Jakarta,iklan_google,1997,L,False,biasa
U02827,2025-08-14,Jakarta,organik,1985,L,False,biasa
U02828,2025-09-07,Jakarta,gojek_grab,1988,P,True,biasa
U02829,2026-01-20,Bandung,organik,2004,P,True,biasa
U02830,2025-12-14,Bandung,referral,1991,L,False,biasa
U02831,2026-01-25,Jakarta,organik,1978,P,False,setia
U02832,2025-04-13,Jakarta,gojek_grab,1992,L,False,setia
U02833,2025-01-09,Yogyakarta,organik,1976,P,False,biasa
U02834,2025-09-05,Jakarta,iklan_meta,2003,P,False,biasa
U02835,2025-06-25,Yogyakarta,organik,1994,P,False,biasa
U02836,2025-07-04,Bandung,iklan_meta,1982,L,False,biasa
U02837,2026-05-03,Jakarta,referral,1979,L,False,biasa
U02838,2026-04-11,Denpasar,organik,1989,L,True,setia
U02839,2026-02-26,Denpasar,organik,1983,L,True,biasa
U02840,2025-01-28,Jakarta,iklan_meta,1991,L,False,biasa
U02841,2025-04-22,Yogyakarta,referral,1983,L,True,biasa
U02842,2025-02-02,Bandung,iklan_google,1978,L,False,biasa
U02843,2025-05-28,Denpasar,referral,1991,L,True,biasa
U02844,2025-09-12,Surabaya,referral,1982,P,False,biasa
U02845,2025-06-09,Bandung,referral,1993,P,False,setia
U02846,2026-01-18,Bandung,iklan_meta,1993,P,False,biasa
U02847,2025-02-18,Bandung,iklan_google,2006,L,False,biasa
U02848,2026-04-17,Jakarta,iklan_google,1979,P,True,biasa
U02849,2025-03-09,Jakarta,iklan_google,1990,P,False,biasa
U02850,2025-10-01,Yogyakarta,iklan_meta,1986,L,True,biasa
U02851,2025-11-19,Surabaya,iklan_meta,1981,L,False,biasa
U02852,2026-06-05,Yogyakarta,organik,2000,P,False,setia
U02853,2025-01-10,Surabaya,gojek_grab,1993,L,False,setia
U02854,2025-12-29,Yogyakarta,iklan_meta,1998,L,False,biasa
U02855,2026-04-10,Yogyakarta,organik,1988,P,False,setia
U02856,2026-05-30,Jakarta,gojek_grab,1976,L,False,biasa
U02857,2026-02-28,Bandung,iklan_google,1997,L,False,biasa
U02858,2026-04-07,Denpasar,gojek_grab,1996,P,False,setia
U02859,2025-01-07,Bandung,organik,1978,P,False,biasa
U02860,2026-04-29,Yogyakarta,iklan_meta,1982,L,False,biasa
U02861,2025-06-25,Bandung,organik,1989,L,False,setia
U02862,2025-01-17,Jakarta,iklan_meta,1983,P,False,setia
U02863,2025-01-02,Surabaya,organik,1996,P,False,biasa
U02864,2026-04-21,Bandung,organik,1989,P,False,setia
U02865,2025-07-29,Surabaya,iklan_google,1982,P,True,biasa
U02866,2025-12-22,Surabaya,organik,1989,L,True,biasa
U02867,2025-10-18,Jakarta,iklan_meta,1979,P,False,biasa
U02868,2025-03-19,Jakarta,iklan_meta,2006,P,True,biasa
U02869,2026-05-12,Bandung,gojek_grab,1984,L,False,biasa
U02870,2025-02-15,Jakarta,iklan_google,1984,L,False,biasa
U02871,2025-01-25,Jakarta,organik,1992,L,False,biasa
U02872,2025-03-05,Denpasar,organik,1996,L,False,biasa
U02873,2025-08-26,Jakarta,referral,1978,L,False,setia
U02874,2025-09-22,Surabaya,referral,1999,P,False,biasa
U02875,2026-02-23,Surabaya,iklan_google,1984,P,False,biasa
U02876,2025-02-06,Denpasar,iklan_google,1975,P,False,biasa
U02877,2026-06-17,Jakarta,iklan_meta,1979,P,False,biasa
U02878,2025-08-14,Surabaya,gojek_grab,1992,P,False,biasa
U02879,2026-04-28,Denpasar,gojek_grab,1997,P,False,biasa
U02880,2025-03-29,Jakarta,gojek_grab,1985,P,False,biasa
U02881,2025-07-18,Bandung,iklan_google,1977,P,False,biasa
U02882,2025-01-24,Bandung,organik,1986,P,False,biasa
U02883,2025-09-06,Jakarta,iklan_google,2000,L,False,biasa
U02884,2025-02-28,Jakarta,referral,1981,P,False,biasa
U02885,2025-08-25,Jakarta,iklan_meta,1989,P,False,biasa
U02886,2025-02-17,Jakarta,iklan_google,1990,L,False,biasa
U02887,2025-08-29,Yogyakarta,organik,1994,L,False,setia
U02888,2026-05-02,Jakarta,iklan_meta,2004,P,False,biasa
U02889,2025-01-12,Bandung,organik,1976,P,False,biasa
U02890,2025-12-22,Surabaya,iklan_meta,1995,L,True,biasa
U02891,2025-10-24,Jakarta,organik,1998,P,False,biasa
U02892,2025-12-11,Jakarta,organik,1975,L,False,biasa
U02893,2025-03-12,Bandung,referral,2006,P,True,biasa
U02894,2026-06-14,Bandung,referral,1980,P,False,biasa
U02895,2026-01-24,Jakarta,referral,1988,P,False,setia
U02896,2025-10-29,Bandung,iklan_google,1996,P,False,setia
U02897,2025-03-28,Jakarta,iklan_meta,1981,L,False,biasa
U02898,2026-05-19,Jakarta,organik,1975,P,False,biasa
U02899,2025-05-01,Jakarta,organik,1988,L,False,biasa
U02900,2025-12-19,Denpasar,gojek_grab,1988,P,False,biasa
U02901,2025-04-12,Bandung,iklan_meta,1976,L,False,biasa
U02902,2025-08-30,Bandung,iklan_google,1989,P,False,biasa
U02903,2025-01-14,Surabaya,iklan_google,1981,P,False,biasa
U02904,2026-01-13,Yogyakarta,referral,2001,P,False,biasa
U02905,2026-03-28,Jakarta,iklan_google,1989,P,False,biasa
U02906,2025-08-22,Jakarta,iklan_google,1994,P,False,setia
U02907,2026-03-18,Yogyakarta,iklan_meta,1988,L,False,biasa
U02908,2025-04-14,Surabaya,organik,1986,P,False,biasa
U02909,2025-01-27,Surabaya,iklan_google,1986,P,False,setia
U02910,2025-01-30,Bandung,iklan_google,1977,P,False,biasa
U02911,2025-01-19,Surabaya,gojek_grab,1985,L,False,setia
U02912,2026-05-14,Yogyakarta,iklan_google,2004,P,False,biasa
U02913,2025-10-22,Yogyakarta,iklan_meta,1986,P,False,biasa
U02914,2025-07-18,Denpasar,iklan_google,1994,P,False,biasa
U02915,2025-05-14,Denpasar,iklan_meta,1984,P,False,biasa
U02916,2026-03-29,Jakarta,referral,1999,L,False,biasa
U02917,2025-09-04,Yogyakarta,referral,1980,P,False,setia
U02918,2025-08-23,Jakarta,iklan_google,1985,P,False,biasa
U02919,2025-05-26,Jakarta,iklan_meta,1980,P,False,biasa
U02920,2025-02-06,Surabaya,referral,1979,P,False,setia
U02921,2025-11-10,Yogyakarta,iklan_meta,1998,P,False,biasa
U02922,2025-10-28,Surabaya,organik,1986,L,False,biasa
U02923,2026-03-19,Yogyakarta,iklan_meta,1976,P,False,biasa
U02924,2025-02-17,Bandung,organik,1983,P,True,biasa
U02925,2026-04-20,Bandung,organik,1988,P,False,biasa
U02926,2026-01-28,Jakarta,gojek_grab,1982,P,False,biasa
U02927,2026-01-27,Denpasar,referral,2004,P,False,biasa
U02928,2025-07-31,Denpasar,organik,2001,P,False,biasa
U02929,2025-09-09,Denpasar,organik,1980,L,False,biasa
U02930,2026-03-08,Jakarta,organik,1988,P,False,biasa
U02931,2025-07-21,Bandung,organik,1984,L,False,setia
U02932,2025-02-25,Jakarta,referral,1985,P,False,biasa
U02933,2025-06-29,Jakarta,organik,1977,P,False,biasa
U02934,2025-01-15,Bandung,organik,1992,L,False,biasa
U02935,2025-03-29,Bandung,referral,2002,P,False,setia
U02936,2025-03-08,Jakarta,referral,2006,L,False,biasa
U02937,2026-02-15,Surabaya,gojek_grab,1989,L,False,biasa
U02938,2026-05-24,Bandung,gojek_grab,1981,P,True,setia
U02939,2025-07-07,Surabaya,iklan_google,2001,P,False,biasa
U02940,2025-05-29,Bandung,referral,2004,L,False,setia
U02941,2026-02-24,Jakarta,gojek_grab,1981,L,False,setia
U02942,2025-11-14,Bandung,gojek_grab,1993,P,True,biasa
U02943,2025-07-14,Bandung,organik,2006,L,False,setia
U02944,2025-07-30,Bandung,referral,1989,P,True,biasa
U02945,2026-06-07,Jakarta,iklan_google,1989,P,False,setia
U02946,2025-04-27,Jakarta,gojek_grab,1988,L,False,biasa
U02947,2025-09-25,Jakarta,organik,1998,P,False,setia
U02948,2025-03-27,Jakarta,referral,1984,L,False,biasa
U02949,2025-12-22,Yogyakarta,gojek_grab,1991,P,False,biasa
U02950,2025-11-17,Denpasar,organik,2003,L,False,biasa
U02951,2025-05-08,Denpasar,organik,1998,P,False,setia
U02952,2025-09-08,Yogyakarta,iklan_meta,1999,P,False,setia
U02953,2025-02-16,Yogyakarta,gojek_grab,1991,P,False,biasa
U02954,2026-06-03,Jakarta,gojek_grab,1975,L,False,biasa
U02955,2026-03-31,Jakarta,iklan_meta,1991,L,True,biasa
U02956,2026-03-24,Bandung,gojek_grab,1983,P,False,biasa
U02957,2025-06-22,Bandung,gojek_grab,1977,L,False,setia
U02958,2026-03-19,Jakarta,iklan_meta,1987,L,False,biasa
U02959,2025-05-30,Yogyakarta,gojek_grab,1984,L,False,biasa
U02960,2025-02-05,Yogyakarta,organik,1989,P,False,biasa
U02961,2025-04-01,Jakarta,organik,1977,L,False,biasa
U02962,2025-09-01,Jakarta,iklan_google,1976,L,False,setia
U02963,2025-10-07,Jakarta,organik,1993,P,False,setia
U02964,2025-01-02,Jakarta,iklan_meta,2005,P,False,biasa
U02965,2026-05-08,Jakarta,referral,1991,P,False,setia
U02966,2026-04-04,Bandung,organik,1997,P,False,setia
U02967,2025-08-12,Jakarta,referral,1982,L,False,setia
U02968,2025-05-19,Surabaya,gojek_grab,1988,L,False,biasa
U02969,2025-11-27,Jakarta,gojek_grab,1977,P,False,biasa
U02970,2025-08-20,Jakarta,referral,1985,P,False,biasa
U02971,2025-12-12,Jakarta,iklan_google,2005,P,True,biasa
U02972,2025-05-08,Jakarta,referral,2003,L,False,biasa
U02973,2025-05-24,Jakarta,organik,1996,P,False,setia
U02974,2025-02-17,Bandung,iklan_google,2006,P,False,setia
U02975,2025-11-26,Surabaya,gojek_grab,2001,P,False,biasa
U02976,2026-06-02,Surabaya,gojek_grab,2002,L,False,biasa
U02977,2026-04-30,Bandung,iklan_google,2004,L,False,setia
U02978,2025-11-02,Surabaya,iklan_google,1977,P,False,biasa
U02979,2025-03-14,Yogyakarta,iklan_google,1990,L,False,biasa
U02980,2025-09-06,Surabaya,iklan_meta,1992,L,False,biasa
U02981,2025-08-22,Jakarta,organik,1992,P,True,biasa
U02982,2026-02-24,Surabaya,organik,1986,L,False,biasa
U02983,2025-05-30,Yogyakarta,iklan_meta,1975,P,True,biasa
U02984,2025-09-22,Jakarta,organik,1986,P,False,biasa
U02985,2025-09-25,Jakarta,organik,1988,L,False,biasa
U02986,2026-04-03,Jakarta,organik,1995,P,False,biasa
U02987,2026-05-27,Surabaya,iklan_meta,1976,L,False,biasa
U02988,2026-03-14,Jakarta,iklan_google,1986,L,False,biasa
U02989,2025-06-15,Jakarta,iklan_meta,1986,P,False,biasa
U02990,2025-01-13,Jakarta,organik,1981,L,False,biasa
U02991,2025-11-25,Jakarta,referral,1985,P,True,biasa
U02992,2025-09-22,Bandung,iklan_google,1981,L,False,biasa
U02993,2026-05-21,Jakarta,iklan_google,1983,P,False,biasa
U02994,2025-01-20,Surabaya,organik,1979,P,False,setia
U02995,2025-12-11,Denpasar,referral,1976,P,False,biasa
U02996,2025-07-28,Jakarta,referral,1992,L,False,biasa
U02997,2025-10-06,Jakarta,iklan_meta,1987,L,False,setia
U02998,2025-07-19,Jakarta,iklan_google,1990,L,False,biasa
U02999,2025-02-12,Surabaya,organik,1988,P,False,biasa
U03000,2026-03-08,Bandung,iklan_google,2003,P,False,biasa
U03001,2025-01-07,Jakarta,iklan_meta,2001,L,False,biasa
U03002,2025-05-04,Jakarta,iklan_meta,2006,L,True,biasa
U03003,2026-01-16,Jakarta,iklan_meta,2002,P,False,biasa
U03004,2025-11-14,Jakarta,iklan_meta,1987,P,False,biasa
U03005,2025-11-03,Jakarta,organik,1994,P,False,biasa
U03006,2025-09-09,Jakarta,iklan_meta,1984,P,False,biasa
U03007,2025-08-01,Surabaya,referral,1988,L,False,biasa
U03008,2026-03-23,Jakarta,iklan_google,1999,L,False,biasa
U03009,2025-11-18,Surabaya,iklan_google,2006,L,False,biasa
U03010,2026-03-15,Surabaya,iklan_meta,2003,P,True,biasa
U03011,2025-09-09,Jakarta,gojek_grab,1981,P,False,biasa
U03012,2025-02-05,Bandung,organik,1997,L,False,biasa
U03013,2025-11-11,Surabaya,referral,2005,P,True,biasa
U03014,2026-03-07,Jakarta,iklan_meta,2003,P,False,biasa
U03015,2025-12-29,Denpasar,organik,1979,L,False,biasa
U03016,2025-03-22,Bandung,iklan_meta,1990,P,False,biasa
U03017,2026-01-05,Surabaya,iklan_google,1995,P,False,biasa
U03018,2025-12-23,Bandung,gojek_grab,2006,L,False,biasa
U03019,2025-02-01,Bandung,gojek_grab,1975,L,True,setia
U03020,2025-02-05,Jakarta,referral,1980,P,False,setia
U03021,2025-12-17,Denpasar,gojek_grab,1978,P,False,setia
U03022,2025-02-13,Jakarta,iklan_google,1990,L,False,biasa
U03023,2026-05-28,Yogyakarta,organik,1976,L,False,biasa
U03024,2026-05-22,Jakarta,organik,1984,L,False,setia
U03025,2025-06-05,Denpasar,referral,1988,P,False,setia
U03026,2026-04-10,Jakarta,iklan_meta,1980,L,False,setia
U03027,2025-04-22,Bandung,referral,1988,P,False,biasa
U03028,2025-09-04,Surabaya,iklan_meta,1999,P,False,setia
U03029,2025-02-28,Yogyakarta,organik,1996,P,True,setia
U03030,2025-04-23,Jakarta,iklan_meta,1998,L,False,biasa
U03031,2026-01-23,Bandung,organik,1990,L,False,biasa
U03032,2025-05-02,Jakarta,organik,1997,P,False,setia
U03033,2025-04-30,Jakarta,iklan_meta,1980,P,False,biasa
U03034,2025-06-06,Jakarta,gojek_grab,1993,L,False,biasa
U03035,2025-05-02,Surabaya,gojek_grab,2005,P,False,biasa
U03036,2025-07-09,Bandung,referral,2002,P,False,setia
U03037,2025-08-24,Surabaya,referral,1998,P,False,biasa
U03038,2025-02-07,Jakarta,iklan_google,1978,L,False,biasa
U03039,2026-05-10,Jakarta,referral,1998,P,False,biasa
U03040,2025-06-25,Bandung,iklan_meta,1977,L,False,biasa
U03041,2025-08-22,Jakarta,gojek_grab,1982,P,False,setia
U03042,2025-01-27,Surabaya,referral,1980,L,False,biasa
U03043,2025-09-11,Surabaya,referral,1986,L,False,biasa
U03044,2025-01-30,Jakarta,iklan_meta,2001,P,False,biasa
U03045,2025-06-09,Bandung,iklan_meta,1978,P,False,biasa
U03046,2026-04-14,Surabaya,gojek_grab,1999,P,False,setia
U03047,2025-03-08,Surabaya,gojek_grab,1997,P,False,biasa
U03048,2026-01-03,Jakarta,gojek_grab,2003,P,False,biasa
U03049,2026-02-12,Jakarta,iklan_google,1983,P,True,biasa
U03050,2026-02-16,Surabaya,organik,1990,L,False,biasa
U03051,2025-02-20,Bandung,iklan_google,1985,L,True,biasa
U03052,2026-01-03,Yogyakarta,organik,1989,L,False,biasa
U03053,2026-06-10,Yogyakarta,gojek_grab,1991,L,False,biasa
U03054,2025-06-20,Jakarta,gojek_grab,1990,L,False,biasa
U03055,2026-03-16,Jakarta,iklan_google,2003,L,False,biasa
U03056,2025-12-26,Jakarta,iklan_google,2002,L,False,biasa
U03057,2026-04-19,Jakarta,organik,1997,P,False,biasa
U03058,2026-04-21,Yogyakarta,organik,1976,P,False,biasa
U03059,2025-04-29,Surabaya,gojek_grab,2004,L,True,biasa
U03060,2026-05-16,Bandung,referral,1984,L,False,biasa
U03061,2025-09-17,Jakarta,referral,1975,L,False,biasa
U03062,2025-08-10,Yogyakarta,organik,1975,P,False,biasa
U03063,2025-01-07,Bandung,organik,1980,L,False,biasa
U03064,2026-04-22,Surabaya,iklan_google,1997,P,False,setia
U03065,2025-01-23,Surabaya,referral,2004,P,False,biasa
U03066,2026-02-07,Jakarta,iklan_meta,1979,L,False,biasa
U03067,2026-05-29,Bandung,iklan_meta,1982,P,False,biasa
U03068,2025-04-26,Jakarta,iklan_google,1981,L,True,biasa
U03069,2025-01-12,Yogyakarta,organik,1987,P,False,biasa
U03070,2025-11-01,Yogyakarta,iklan_meta,1982,P,False,biasa
U03071,2026-04-26,Bandung,iklan_meta,1976,L,True,setia
U03072,2025-06-02,Jakarta,organik,1983,L,False,setia
U03073,2026-01-06,Jakarta,organik,1994,L,False,biasa
U03074,2025-04-23,Yogyakarta,iklan_meta,1999,L,False,biasa
U03075,2025-07-03,Surabaya,organik,1997,L,False,setia
U03076,2025-09-26,Denpasar,iklan_meta,2003,L,False,biasa
U03077,2025-09-20,Surabaya,organik,1989,L,False,biasa
U03078,2025-12-05,Surabaya,iklan_google,1993,L,False,biasa
U03079,2025-02-26,Jakarta,organik,1999,P,False,setia
U03080,2025-01-14,Jakarta,organik,2006,L,False,biasa
U03081,2025-05-31,Surabaya,gojek_grab,1994,L,False,biasa
U03082,2025-06-17,Denpasar,organik,1991,P,False,biasa
U03083,2026-02-05,Denpasar,gojek_grab,2006,L,False,biasa
U03084,2025-07-28,Jakarta,iklan_meta,1991,P,False,biasa
U03085,2026-02-25,Denpasar,iklan_google,1986,L,False,biasa
U03086,2025-05-04,Bandung,gojek_grab,1999,P,False,setia
U03087,2025-01-06,Bandung,iklan_meta,2000,L,False,biasa
U03088,2026-01-23,Yogyakarta,iklan_google,1996,P,False,biasa
U03089,2025-09-25,Jakarta,organik,1996,P,False,setia
U03090,2025-05-02,Jakarta,gojek_grab,1998,P,True,biasa
U03091,2025-12-15,Surabaya,organik,2001,P,False,biasa
U03092,2025-11-15,Denpasar,gojek_grab,2000,L,False,biasa
U03093,2025-08-07,Denpasar,iklan_meta,1991,L,False,setia
U03094,2026-03-24,Surabaya,referral,1983,L,True,setia
U03095,2026-04-28,Surabaya,iklan_google,1975,P,False,biasa
U03096,2026-05-16,Jakarta,referral,1999,L,False,setia
U03097,2025-06-28,Jakarta,referral,1978,P,True,setia
U03098,2025-04-05,Jakarta,organik,1992,P,False,setia
U03099,2025-08-05,Bandung,iklan_google,1997,P,False,biasa
U03100,2025-05-03,Jakarta,organik,1994,L,True,biasa
U03101,2025-09-15,Yogyakarta,organik,1975,L,False,biasa
U03102,2025-05-27,Surabaya,iklan_meta,1986,P,True,biasa
U03103,2026-05-20,Jakarta,iklan_meta,1975,L,False,biasa
U03104,2025-07-04,Jakarta,gojek_grab,1980,L,False,setia
U03105,2025-09-30,Jakarta,organik,1988,P,False,biasa
U03106,2025-06-01,Jakarta,organik,2000,P,False,setia
U03107,2025-05-05,Denpasar,gojek_grab,1985,L,False,biasa
U03108,2026-01-15,Jakarta,iklan_meta,1981,P,True,biasa
U03109,2025-07-16,Yogyakarta,organik,1982,P,False,biasa
U03110,2025-09-12,Surabaya,organik,1995,L,False,biasa
U03111,2026-04-14,Yogyakarta,gojek_grab,1998,L,True,biasa
U03112,2025-01-28,Jakarta,organik,2004,P,False,biasa
U03113,2025-03-31,Bandung,iklan_meta,1976,P,False,biasa
U03114,2025-04-20,Surabaya,gojek_grab,1995,P,False,biasa
U03115,2025-04-05,Yogyakarta,gojek_grab,1995,P,False,setia
U03116,2025-05-15,Bandung,gojek_grab,1975,P,True,biasa
U03117,2025-01-18,Jakarta,organik,1997,L,False,setia
U03118,2026-02-21,Surabaya,organik,1976,L,False,biasa
U03119,2025-12-17,Denpasar,gojek_grab,1992,P,True,biasa
U03120,2025-03-12,Jakarta,referral,1998,L,False,biasa
U03121,2026-03-05,Jakarta,organik,1987,P,False,biasa
U03122,2025-02-21,Bandung,organik,1986,P,False,biasa
U03123,2025-04-15,Yogyakarta,organik,2005,P,True,biasa
U03124,2025-12-09,Yogyakarta,iklan_google,2000,L,False,biasa
U03125,2026-03-09,Denpasar,iklan_meta,1979,L,False,biasa
U03126,2025-02-15,Jakarta,gojek_grab,1981,P,False,biasa
U03127,2025-01-01,Denpasar,iklan_meta,2001,P,False,biasa
U03128,2026-01-15,Yogyakarta,iklan_google,1988,L,False,setia
U03129,2026-03-28,Yogyakarta,iklan_meta,1991,L,True,biasa
U03130,2025-04-07,Bandung,iklan_meta,1997,P,False,setia
U03131,2025-12-24,Jakarta,iklan_meta,1983,L,False,biasa
U03132,2025-12-08,Bandung,iklan_meta,1976,L,False,biasa
U03133,2025-01-24,Jakarta,gojek_grab,1993,L,False,biasa
U03134,2025-07-07,Surabaya,gojek_grab,1976,P,False,biasa
U03135,2025-01-03,Jakarta,iklan_meta,1990,P,True,biasa
U03136,2025-02-11,Jakarta,iklan_google,1993,P,False,biasa
U03137,2025-05-12,Jakarta,referral,2001,P,False,biasa
U03138,2026-01-13,Bandung,organik,1976,P,False,biasa
U03139,2025-11-19,Surabaya,iklan_google,2003,L,False,biasa
U03140,2025-01-02,Bandung,gojek_grab,1990,P,False,biasa
U03141,2026-06-16,Surabaya,iklan_google,2000,P,False,biasa
U03142,2026-02-11,Bandung,iklan_google,1990,P,False,biasa
U03143,2025-01-07,Jakarta,iklan_google,1985,P,False,biasa
U03144,2026-05-03,Surabaya,iklan_meta,1999,L,False,biasa
U03145,2026-06-15,Jakarta,organik,1976,P,False,biasa
U03146,2025-04-24,Jakarta,iklan_google,1985,P,False,biasa
U03147,2025-08-21,Surabaya,iklan_google,1994,P,False,setia
U03148,2025-09-18,Bandung,referral,1981,P,True,biasa
U03149,2025-12-12,Jakarta,organik,1975,P,False,biasa
U03150,2026-01-24,Surabaya,referral,2006,L,False,biasa
U03151,2026-01-19,Bandung,organik,2002,P,False,biasa
U03152,2025-06-12,Denpasar,organik,1980,L,False,biasa
U03153,2025-06-17,Jakarta,iklan_google,2001,L,False,setia
U03154,2025-11-19,Jakarta,iklan_google,1991,L,False,setia
U03155,2025-05-07,Bandung,iklan_meta,1986,L,True,biasa
U03156,2025-01-17,Jakarta,organik,1980,L,False,biasa
U03157,2025-08-24,Surabaya,iklan_meta,1999,L,True,biasa
U03158,2025-06-23,Denpasar,gojek_grab,2003,L,False,setia
U03159,2026-02-15,Bandung,organik,1999,P,False,biasa
U03160,2025-06-08,Jakarta,organik,1988,P,False,biasa
U03161,2026-06-22,Yogyakarta,iklan_meta,1992,P,False,biasa
U03162,2025-12-28,Surabaya,organik,1989,L,False,biasa
U03163,2026-02-13,Jakarta,iklan_google,1999,P,False,setia
U03164,2025-12-04,Surabaya,iklan_meta,1991,P,False,biasa
U03165,2026-05-17,Yogyakarta,iklan_google,1982,L,False,setia
U03166,2026-01-04,Bandung,iklan_meta,2005,P,False,biasa
U03167,2026-05-13,Jakarta,iklan_google,1988,L,False,biasa
U03168,2026-04-20,Bandung,iklan_google,1995,P,False,biasa
U03169,2026-01-30,Jakarta,organik,1993,L,False,biasa
U03170,2026-05-21,Jakarta,iklan_google,2005,P,False,biasa
U03171,2025-01-16,Bandung,gojek_grab,1996,P,False,setia
U03172,2025-02-26,Jakarta,organik,1993,L,False,biasa
U03173,2026-01-21,Surabaya,organik,1987,L,False,setia
U03174,2025-12-11,Surabaya,organik,1996,P,True,setia
U03175,2025-02-22,Surabaya,organik,2003,L,True,biasa
U03176,2025-07-03,Jakarta,organik,1991,L,False,biasa
U03177,2025-12-14,Jakarta,iklan_meta,1985,L,False,biasa
U03178,2025-06-21,Surabaya,iklan_meta,1975,P,False,biasa
U03179,2026-04-30,Yogyakarta,organik,2004,L,False,biasa
U03180,2026-03-23,Jakarta,referral,1980,P,False,biasa
U03181,2025-05-11,Yogyakarta,iklan_meta,1986,L,False,biasa
U03182,2025-10-13,Jakarta,iklan_google,1996,L,False,setia
U03183,2025-09-10,Surabaya,iklan_meta,1988,L,False,biasa
U03184,2025-08-28,Jakarta,iklan_meta,1975,L,False,biasa
U03185,2025-12-24,Jakarta,organik,1988,L,False,setia
U03186,2025-04-14,Jakarta,iklan_meta,1995,P,False,biasa
U03187,2025-08-10,Jakarta,iklan_meta,1988,P,False,biasa
U03188,2026-02-04,Denpasar,iklan_meta,1986,L,False,biasa
U03189,2025-05-24,Jakarta,iklan_google,1999,P,False,biasa
U03190,2026-04-14,Bandung,organik,1996,P,False,biasa
U03191,2025-01-26,Yogyakarta,referral,1983,P,False,setia
U03192,2025-12-27,Surabaya,organik,2000,L,False,biasa
U03193,2025-12-29,Jakarta,iklan_meta,2004,P,False,biasa
U03194,2026-01-25,Bandung,organik,1997,L,False,setia
U03195,2025-12-08,Surabaya,iklan_meta,1983,P,True,biasa
U03196,2025-03-01,Surabaya,organik,1983,L,False,setia
U03197,2025-06-20,Jakarta,referral,2005,L,False,biasa
U03198,2025-06-20,Denpasar,organik,1980,L,False,setia
U03199,2025-05-21,Yogyakarta,referral,1993,P,False,biasa
U03200,2025-09-11,Jakarta,iklan_meta,1991,L,False,setia
U03201,2025-07-22,Yogyakarta,organik,2005,P,False,setia
U03202,2026-02-26,Jakarta,organik,2003,L,False,biasa
U03203,2025-04-08,Surabaya,iklan_meta,1992,P,False,biasa
U03204,2025-02-22,Jakarta,referral,1991,P,True,setia
U03205,2025-08-08,Jakarta,iklan_meta,1985,L,True,biasa
U03206,2025-04-22,Yogyakarta,iklan_meta,1999,P,False,biasa
U03207,2026-06-23,Bandung,referral,2005,P,False,biasa
U03208,2026-05-29,Jakarta,organik,1983,L,False,biasa
U03209,2025-11-03,Denpasar,gojek_grab,2004,L,False,biasa
U03210,2025-03-19,Surabaya,organik,1984,P,False,biasa
U03211,2026-03-19,Bandung,referral,1975,P,False,setia
U03212,2026-01-31,Jakarta,iklan_google,1988,L,False,biasa
U03213,2025-12-02,Yogyakarta,iklan_meta,2006,L,False,setia
U03214,2025-08-10,Surabaya,referral,2003,P,False,biasa
U03215,2026-01-12,Surabaya,iklan_google,1978,L,False,biasa
U03216,2026-04-19,Bandung,referral,1992,P,False,biasa
U03217,2025-04-17,Bandung,iklan_meta,1983,P,False,biasa
U03218,2025-02-06,Bandung,iklan_google,1990,P,False,setia
U03219,2025-08-01,Bandung,iklan_google,1981,L,False,biasa
U03220,2026-02-02,Denpasar,organik,2005,P,False,setia
U03221,2025-09-13,Yogyakarta,organik,1998,P,True,biasa
U03222,2026-05-28,Jakarta,organik,1983,P,False,setia
U03223,2025-08-13,Yogyakarta,iklan_google,2005,P,False,biasa
U03224,2026-01-14,Yogyakarta,gojek_grab,1983,L,False,biasa
U03225,2026-01-04,Yogyakarta,organik,1981,P,False,biasa
U03226,2025-07-16,Jakarta,referral,1994,P,False,setia
U03227,2026-01-27,Denpasar,organik,1982,P,False,setia
U03228,2026-06-07,Jakarta,iklan_google,1983,P,False,biasa
U03229,2026-03-24,Bandung,referral,1977,P,False,biasa
U03230,2026-03-10,Surabaya,iklan_google,1993,L,False,biasa
U03231,2025-11-20,Jakarta,referral,1988,P,True,biasa
U03232,2026-01-02,Surabaya,organik,1982,L,True,setia
U03233,2026-01-10,Jakarta,iklan_meta,1979,P,False,biasa
U03234,2025-05-25,Jakarta,gojek_grab,2006,P,False,biasa
U03235,2026-04-28,Surabaya,iklan_meta,1998,L,False,biasa
U03236,2026-02-11,Jakarta,gojek_grab,1976,L,False,biasa
U03237,2025-09-13,Surabaya,organik,2001,L,False,setia
U03238,2026-05-05,Jakarta,iklan_meta,1982,L,False,biasa
U03239,2025-11-04,Denpasar,iklan_google,1983,P,True,biasa
U03240,2025-12-11,Surabaya,iklan_meta,1975,P,False,biasa
U03241,2025-06-12,Surabaya,iklan_google,2005,P,True,setia
U03242,2025-07-27,Jakarta,organik,1997,L,False,biasa
U03243,2026-05-10,Jakarta,organik,1988,P,False,setia
U03244,2026-06-14,Jakarta,referral,2006,L,False,setia
U03245,2025-08-09,Denpasar,organik,2005,P,False,biasa
U03246,2025-02-01,Denpasar,iklan_meta,1982,L,False,biasa
U03247,2025-05-15,Jakarta,iklan_google,1987,L,False,setia
U03248,2025-06-23,Bandung,gojek_grab,1983,L,False,biasa
U03249,2025-12-18,Denpasar,iklan_google,1993,P,False,biasa
U03250,2026-06-04,Jakarta,iklan_meta,1996,P,False,setia
U03251,2025-03-20,Yogyakarta,gojek_grab,2000,P,False,biasa
U03252,2025-12-01,Jakarta,iklan_meta,1988,P,True,biasa
U03253,2025-10-15,Jakarta,gojek_grab,2006,P,True,biasa
U03254,2025-02-22,Bandung,organik,2000,L,True,biasa
U03255,2026-04-18,Jakarta,iklan_meta,1981,L,False,biasa
U03256,2025-10-31,Jakarta,iklan_google,1988,P,False,biasa
U03257,2025-05-15,Yogyakarta,referral,2001,L,False,biasa
U03258,2026-06-24,Bandung,referral,1980,P,False,biasa
U03259,2025-01-07,Jakarta,organik,2002,L,False,biasa
U03260,2026-05-17,Jakarta,organik,1984,P,False,setia
U03261,2025-03-29,Jakarta,iklan_google,1976,L,False,biasa
U03262,2025-06-16,Jakarta,organik,1990,P,True,biasa
U03263,2025-09-04,Jakarta,organik,1983,L,False,biasa
U03264,2025-05-15,Jakarta,iklan_meta,1994,L,True,setia
U03265,2025-06-17,Bandung,referral,1998,P,False,biasa
U03266,2025-05-25,Jakarta,organik,1991,P,False,biasa
U03267,2025-03-22,Bandung,iklan_meta,1984,L,False,biasa
U03268,2025-04-28,Jakarta,iklan_google,1977,L,False,setia
U03269,2025-03-07,Jakarta,gojek_grab,1993,P,False,biasa
U03270,2025-04-15,Yogyakarta,referral,1985,P,True,biasa
U03271,2025-06-10,Bandung,iklan_google,1988,P,False,biasa
U03272,2025-06-13,Denpasar,referral,1979,L,True,setia
U03273,2026-06-08,Jakarta,organik,2006,P,False,biasa
U03274,2026-03-01,Surabaya,organik,2004,P,False,biasa
U03275,2026-01-03,Surabaya,iklan_google,1995,P,False,biasa
U03276,2025-10-12,Yogyakarta,organik,1980,L,False,biasa
U03277,2025-11-23,Bandung,iklan_meta,2002,P,True,biasa
U03278,2025-05-01,Jakarta,gojek_grab,1998,L,False,biasa
U03279,2026-01-21,Surabaya,iklan_meta,1992,P,False,biasa
U03280,2026-03-28,Jakarta,organik,1994,P,False,setia
U03281,2025-11-01,Jakarta,referral,1987,P,False,setia
U03282,2025-08-24,Jakarta,iklan_meta,2004,P,False,biasa
U03283,2026-05-19,Bandung,iklan_google,1987,L,False,biasa
U03284,2025-03-24,Surabaya,referral,1981,P,True,setia
U03285,2025-12-07,Bandung,organik,2006,P,True,setia
U03286,2025-12-05,Jakarta,organik,1986,L,False,biasa
U03287,2025-09-14,Surabaya,iklan_google,1977,P,False,biasa
U03288,2025-01-29,Yogyakarta,iklan_meta,1977,P,False,biasa
U03289,2025-02-27,Bandung,iklan_google,1995,L,False,biasa
U03290,2025-01-13,Surabaya,gojek_grab,1992,P,False,biasa
U03291,2025-09-25,Bandung,organik,2000,L,False,setia
U03292,2026-02-26,Surabaya,referral,1983,L,False,biasa
U03293,2025-11-12,Bandung,iklan_google,1994,L,False,biasa
U03294,2025-06-16,Yogyakarta,referral,1996,L,False,setia
U03295,2025-12-22,Jakarta,organik,2005,P,False,setia
U03296,2025-12-01,Jakarta,organik,1986,L,True,biasa
U03297,2025-10-04,Yogyakarta,iklan_meta,1981,L,False,biasa
U03298,2025-08-29,Jakarta,gojek_grab,1999,L,False,biasa
U03299,2025-12-29,Jakarta,organik,2006,P,False,setia
U03300,2026-06-21,Jakarta,organik,1988,L,False,biasa
U03301,2025-06-23,Jakarta,organik,1990,L,False,setia
U03302,2025-02-17,Jakarta,iklan_meta,1978,P,False,setia
U03303,2026-04-30,Jakarta,organik,1984,P,False,biasa
U03304,2026-06-16,Yogyakarta,iklan_google,1976,P,False,biasa
U03305,2026-05-08,Jakarta,iklan_meta,1986,L,True,biasa
U03306,2026-01-11,Bandung,iklan_meta,1993,P,False,biasa
U03307,2025-10-20,Jakarta,organik,1986,L,False,biasa
U03308,2026-06-23,Bandung,organik,1997,P,False,biasa
U03309,2025-10-08,Jakarta,iklan_meta,1983,L,False,biasa
U03310,2025-04-11,Jakarta,organik,1995,P,False,biasa
U03311,2025-09-14,Jakarta,organik,1975,P,False,biasa
U03312,2025-06-09,Jakarta,iklan_google,1996,P,True,biasa
U03313,2025-02-24,Surabaya,iklan_google,1997,P,False,biasa
U03314,2025-03-05,Surabaya,referral,1987,P,False,biasa
U03315,2025-02-28,Jakarta,iklan_google,1975,L,False,biasa
U03316,2026-06-19,Jakarta,iklan_google,1984,L,False,biasa
U03317,2026-04-07,Bandung,referral,1994,P,False,biasa
U03318,2025-06-07,Denpasar,organik,1983,L,False,biasa
U03319,2025-05-18,Jakarta,organik,2006,L,False,biasa
U03320,2025-05-14,Jakarta,iklan_google,1994,P,False,biasa
U03321,2025-05-25,Jakarta,organik,1989,P,False,biasa
U03322,2025-10-21,Surabaya,organik,1977,L,False,setia
U03323,2025-11-22,Jakarta,organik,1990,L,True,biasa
U03324,2026-04-23,Jakarta,referral,1981,P,False,biasa
U03325,2026-04-08,Denpasar,iklan_meta,1994,P,False,biasa
U03326,2025-10-22,Jakarta,organik,1983,L,False,biasa
U03327,2025-05-13,Surabaya,iklan_google,1978,P,False,biasa
U03328,2025-01-09,Jakarta,organik,1991,P,False,biasa
U03329,2025-05-04,Yogyakarta,organik,1979,L,False,setia
U03330,2025-06-25,Jakarta,iklan_google,2004,L,False,biasa
U03331,2025-05-13,Surabaya,iklan_meta,1992,L,False,biasa
U03332,2025-12-07,Jakarta,organik,1990,P,False,biasa
U03333,2025-11-25,Jakarta,iklan_meta,1994,P,True,biasa
U03334,2025-09-15,Surabaya,iklan_meta,1986,P,False,biasa
U03335,2025-11-17,Jakarta,referral,2005,L,False,setia
U03336,2025-04-26,Bandung,organik,1993,L,False,setia
U03337,2025-06-07,Jakarta,iklan_google,2005,L,False,biasa
U03338,2025-07-08,Denpasar,organik,1988,L,False,biasa
U03339,2025-08-09,Yogyakarta,gojek_grab,1995,L,False,setia
U03340,2025-08-19,Jakarta,organik,1981,L,True,biasa
U03341,2026-06-13,Jakarta,referral,1998,P,False,biasa
U03342,2025-01-06,Surabaya,referral,1976,P,False,setia
U03343,2025-09-04,Bandung,gojek_grab,1986,L,False,biasa
U03344,2025-12-03,Jakarta,iklan_meta,1998,P,False,biasa
U03345,2025-01-07,Jakarta,iklan_meta,1982,L,True,biasa
U03346,2026-04-05,Bandung,referral,1983,P,False,biasa
U03347,2025-08-17,Denpasar,iklan_meta,1979,L,False,setia
U03348,2025-04-01,Jakarta,organik,2004,P,False,biasa
U03349,2026-05-02,Jakarta,iklan_google,1990,P,False,biasa
U03350,2026-03-05,Jakarta,organik,1983,P,False,biasa
U03351,2025-07-01,Bandung,iklan_meta,1978,P,False,biasa
U03352,2025-08-03,Jakarta,iklan_meta,2004,P,True,biasa
U03353,2025-01-30,Surabaya,iklan_meta,1986,P,True,biasa
U03354,2025-05-23,Denpasar,referral,1980,P,False,biasa
U03355,2025-01-16,Surabaya,gojek_grab,1988,L,False,setia
U03356,2025-11-07,Jakarta,referral,1985,L,False,biasa
U03357,2025-05-21,Jakarta,iklan_meta,1987,P,False,setia
U03358,2025-04-07,Jakarta,referral,1984,L,False,biasa
U03359,2025-07-10,Surabaya,organik,1989,P,False,setia
U03360,2025-06-15,Jakarta,iklan_meta,1978,L,False,biasa
U03361,2026-04-07,Bandung,organik,1998,L,False,setia
U03362,2026-03-16,Jakarta,gojek_grab,1979,P,False,biasa
U03363,2026-02-27,Jakarta,organik,1978,P,False,biasa
U03364,2025-08-24,Bandung,iklan_meta,1992,L,False,setia
U03365,2026-01-05,Bandung,gojek_grab,1997,P,False,biasa
U03366,2026-06-04,Jakarta,iklan_google,2006,L,False,setia
U03367,2025-07-19,Jakarta,referral,1981,L,False,biasa
U03368,2025-05-28,Bandung,gojek_grab,2000,P,False,biasa
U03369,2025-04-20,Jakarta,organik,1983,L,False,biasa
U03370,2025-05-09,Bandung,iklan_google,1994,L,False,biasa
U03371,2025-02-28,Jakarta,gojek_grab,1989,L,False,biasa
U03372,2025-10-17,Bandung,organik,1985,P,False,setia
U03373,2025-05-22,Yogyakarta,iklan_meta,1987,P,False,biasa
U03374,2026-03-14,Jakarta,organik,1991,P,False,biasa
U03375,2026-01-08,Jakarta,iklan_meta,1975,P,False,setia
U03376,2026-03-06,Bandung,iklan_meta,1993,P,True,biasa
U03377,2025-06-23,Bandung,organik,1992,P,False,biasa
U03378,2025-05-08,Jakarta,iklan_meta,2002,L,False,biasa
U03379,2025-11-26,Jakarta,iklan_meta,1981,P,False,setia
U03380,2025-04-16,Bandung,organik,2000,P,False,biasa
U03381,2025-03-08,Surabaya,organik,1987,P,False,biasa
U03382,2025-06-29,Jakarta,organik,1976,P,False,setia
U03383,2025-08-13,Jakarta,organik,1983,L,False,setia
U03384,2025-08-06,Yogyakarta,iklan_google,2002,L,False,biasa
U03385,2026-06-24,Yogyakarta,gojek_grab,2001,L,False,biasa
U03386,2025-04-12,Denpasar,iklan_google,2001,L,False,biasa
U03387,2026-06-17,Bandung,referral,1979,L,True,biasa
U03388,2025-04-06,Bandung,organik,1993,L,True,setia
U03389,2026-04-11,Jakarta,iklan_google,2004,P,False,biasa
U03390,2026-02-05,Bandung,gojek_grab,1990,L,False,biasa
U03391,2026-04-20,Denpasar,gojek_grab,1992,L,False,biasa
U03392,2025-06-15,Bandung,organik,1990,L,False,biasa
U03393,2025-12-04,Jakarta,organik,1977,P,False,biasa
U03394,2026-05-17,Denpasar,iklan_meta,2006,P,False,biasa
U03395,2025-07-27,Bandung,organik,1989,P,False,setia
U03396,2025-10-16,Jakarta,gojek_grab,2003,P,False,biasa
U03397,2026-04-17,Yogyakarta,organik,1991,P,False,setia
U03398,2025-01-18,Bandung,iklan_meta,1994,P,True,biasa
U03399,2025-11-28,Jakarta,gojek_grab,1985,L,False,biasa
U03400,2026-01-24,Jakarta,gojek_grab,1998,P,True,setia
U03401,2025-01-21,Jakarta,iklan_google,2001,L,False,biasa
U03402,2025-04-08,Jakarta,iklan_meta,1976,P,False,biasa
U03403,2026-05-08,Jakarta,iklan_google,1997,P,True,setia
U03404,2025-08-12,Jakarta,organik,1983,P,False,biasa
U03405,2025-09-20,Jakarta,organik,2005,L,True,biasa
U03406,2025-08-24,Bandung,iklan_google,1995,L,True,biasa
U03407,2025-05-24,Surabaya,organik,1979,L,False,biasa
U03408,2025-01-24,Jakarta,organik,1993,P,False,setia
U03409,2025-07-06,Jakarta,gojek_grab,1975,L,True,biasa
U03410,2026-05-05,Jakarta,organik,1988,L,False,biasa
U03411,2026-02-19,Jakarta,referral,2004,P,False,biasa
U03412,2025-06-01,Jakarta,organik,1983,L,False,setia
U03413,2025-02-17,Jakarta,iklan_google,1983,P,False,biasa
U03414,2025-11-23,Yogyakarta,organik,1997,L,False,biasa
U03415,2026-01-04,Jakarta,iklan_meta,2002,P,True,biasa
U03416,2025-05-19,Jakarta,iklan_google,1980,P,False,biasa
U03417,2025-10-31,Jakarta,gojek_grab,1994,L,False,biasa
U03418,2025-11-14,Denpasar,organik,2005,L,False,biasa
U03419,2025-07-05,Denpasar,referral,1999,P,False,setia
U03420,2026-04-06,Yogyakarta,iklan_google,2006,L,False,biasa
U03421,2026-03-22,Denpasar,iklan_google,2004,P,False,setia
U03422,2025-04-08,Yogyakarta,gojek_grab,1985,P,False,biasa
U03423,2025-03-08,Surabaya,referral,1983,P,False,biasa
U03424,2025-08-16,Denpasar,iklan_meta,1987,L,False,biasa
U03425,2025-10-18,Yogyakarta,organik,1990,P,True,biasa
U03426,2025-10-11,Jakarta,iklan_meta,2005,L,False,biasa
U03427,2025-08-21,Jakarta,gojek_grab,1979,L,False,biasa
U03428,2025-02-26,Jakarta,referral,1979,L,True,biasa
U03429,2025-09-04,Jakarta,iklan_meta,1979,P,False,biasa
U03430,2025-11-18,Surabaya,iklan_google,1979,L,False,biasa
U03431,2026-04-08,Surabaya,referral,1976,L,False,biasa
U03432,2026-06-24,Denpasar,referral,2001,P,True,setia
U03433,2025-06-22,Jakarta,organik,1985,P,False,biasa
U03434,2026-03-12,Jakarta,organik,1979,P,False,biasa
U03435,2025-01-27,Surabaya,iklan_google,2003,L,False,biasa
U03436,2025-10-07,Bandung,gojek_grab,2001,L,False,biasa
U03437,2025-08-02,Jakarta,organik,1978,L,True,biasa
U03438,2025-04-20,Jakarta,iklan_google,1975,L,False,biasa
U03439,2025-07-09,Jakarta,gojek_grab,2006,P,False,setia
U03440,2025-02-27,Jakarta,iklan_meta,1985,P,False,biasa
U03441,2025-08-16,Bandung,organik,1993,P,False,biasa
U03442,2026-04-19,Bandung,iklan_meta,1980,L,False,biasa
U03443,2025-01-06,Jakarta,organik,1976,P,False,biasa
U03444,2026-02-03,Yogyakarta,referral,1988,L,False,biasa
U03445,2025-09-23,Denpasar,iklan_meta,1988,P,False,biasa
U03446,2026-02-20,Bandung,iklan_google,1986,P,False,biasa
U03447,2025-10-02,Denpasar,organik,1987,P,False,setia
U03448,2025-09-10,Jakarta,referral,1999,P,False,setia
U03449,2025-05-28,Jakarta,iklan_meta,1981,L,False,biasa
U03450,2025-01-26,Jakarta,iklan_google,2004,L,False,biasa
U03451,2025-11-22,Surabaya,iklan_meta,1991,P,True,biasa
U03452,2025-11-05,Jakarta,gojek_grab,1993,P,True,setia
U03453,2025-09-17,Jakarta,referral,1980,L,True,biasa
U03454,2025-10-01,Bandung,organik,2000,P,False,biasa
U03455,2025-02-06,Jakarta,referral,1995,L,False,biasa
U03456,2025-01-24,Jakarta,organik,1990,L,False,setia
U03457,2026-03-28,Jakarta,organik,2004,L,False,setia
U03458,2025-07-28,Jakarta,iklan_google,1987,P,False,biasa
U03459,2025-08-03,Jakarta,iklan_meta,1994,L,False,setia
U03460,2025-12-17,Jakarta,iklan_meta,1979,P,False,biasa
U03461,2025-12-05,Surabaya,organik,2002,L,False,biasa
U03462,2025-03-14,Bandung,referral,2006,L,False,biasa
U03463,2025-10-02,Surabaya,organik,1997,L,False,setia
U03464,2025-05-27,Yogyakarta,organik,1985,L,False,setia
U03465,2025-09-23,Yogyakarta,iklan_meta,1984,P,False,biasa
U03466,2025-05-02,Bandung,organik,2006,L,False,setia
U03467,2025-12-29,Jakarta,iklan_google,1996,P,False,biasa
U03468,2026-02-04,Surabaya,iklan_meta,1977,P,False,biasa
U03469,2025-07-20,Bandung,organik,1988,P,False,biasa
U03470,2025-07-28,Jakarta,organik,2000,L,False,biasa
U03471,2025-08-13,Denpasar,gojek_grab,2001,P,True,setia
U03472,2025-12-13,Surabaya,referral,2001,L,False,setia
U03473,2025-05-07,Bandung,organik,1999,P,False,biasa
U03474,2025-08-04,Jakarta,gojek_grab,1977,P,True,biasa
U03475,2025-12-27,Surabaya,gojek_grab,2003,L,False,biasa
U03476,2025-08-20,Surabaya,organik,2002,P,False,setia
U03477,2025-10-22,Jakarta,referral,1992,P,False,biasa
U03478,2025-03-08,Yogyakarta,iklan_google,1988,P,False,biasa
U03479,2026-02-25,Yogyakarta,iklan_meta,2003,P,True,biasa
U03480,2025-08-20,Denpasar,iklan_meta,1992,P,True,biasa
U03481,2025-02-15,Jakarta,referral,2005,L,False,setia
U03482,2026-06-24,Jakarta,organik,1977,P,False,biasa
U03483,2025-07-12,Jakarta,organik,1982,P,False,biasa
U03484,2026-02-11,Yogyakarta,iklan_meta,1988,P,False,biasa
U03485,2025-11-12,Bandung,organik,1981,L,True,biasa
U03486,2026-01-09,Bandung,referral,2004,P,False,biasa
U03487,2025-07-22,Jakarta,organik,2006,P,True,setia
U03488,2026-03-12,Bandung,organik,2001,L,False,setia
U03489,2026-06-01,Jakarta,gojek_grab,1977,L,False,biasa
U03490,2025-02-04,Jakarta,organik,2000,P,True,setia
U03491,2026-05-25,Jakarta,referral,1991,P,True,setia
U03492,2026-03-08,Surabaya,iklan_google,1997,P,False,biasa
U03493,2025-03-05,Jakarta,iklan_meta,1999,P,False,biasa
U03494,2026-03-06,Denpasar,iklan_meta,1983,L,False,biasa
U03495,2025-02-26,Yogyakarta,referral,1985,P,False,biasa
U03496,2025-12-23,Bandung,gojek_grab,2006,L,False,biasa
U03497,2025-04-19,Surabaya,iklan_google,1978,P,False,biasa
U03498,2026-05-09,Yogyakarta,referral,1977,P,False,setia
U03499,2025-07-30,Surabaya,gojek_grab,1977,L,False,biasa
U03500,2025-02-04,Jakarta,referral,2004,P,False,biasa
U03501,2026-05-22,Bandung,iklan_google,1990,P,False,biasa
U03502,2025-02-18,Jakarta,organik,1985,L,False,setia
U03503,2026-05-20,Denpasar,organik,2004,P,False,setia
U03504,2026-05-13,Jakarta,iklan_meta,1982,P,True,biasa
U03505,2025-03-03,Bandung,organik,1979,P,False,biasa
U03506,2025-08-10,Surabaya,iklan_meta,1987,L,False,biasa
U03507,2025-03-27,Jakarta,organik,1993,P,False,biasa
U03508,2026-05-26,Bandung,iklan_meta,1999,L,False,biasa
U03509,2025-04-19,Jakarta,organik,1993,P,False,setia
U03510,2025-09-15,Yogyakarta,iklan_meta,2002,P,False,biasa
U03511,2026-04-19,Jakarta,iklan_meta,1993,P,False,biasa
U03512,2025-08-23,Jakarta,iklan_meta,1982,P,True,biasa
U03513,2026-03-31,Bandung,organik,1996,L,False,setia
U03514,2026-03-12,Surabaya,gojek_grab,1990,L,False,biasa
U03515,2025-08-14,Jakarta,iklan_meta,2003,L,True,biasa
U03516,2025-09-08,Jakarta,organik,1992,P,False,setia
U03517,2025-07-29,Bandung,iklan_meta,1988,P,False,biasa
U03518,2025-04-07,Jakarta,organik,1986,L,False,setia
U03519,2025-12-14,Jakarta,iklan_google,1980,P,False,biasa
U03520,2025-08-20,Denpasar,organik,1977,L,True,biasa
U03521,2026-01-31,Jakarta,gojek_grab,1985,L,False,biasa
U03522,2025-04-22,Denpasar,organik,1979,L,False,biasa
U03523,2025-08-11,Surabaya,iklan_google,1986,P,False,setia
U03524,2026-05-04,Jakarta,iklan_meta,1994,L,False,biasa
U03525,2026-06-04,Jakarta,organik,2002,L,True,setia
U03526,2026-04-06,Bandung,gojek_grab,1975,L,False,biasa
U03527,2025-12-09,Jakarta,organik,1997,P,False,biasa
U03528,2025-03-09,Jakarta,gojek_grab,1985,L,True,setia
U03529,2025-09-29,Denpasar,iklan_meta,2003,P,False,biasa
U03530,2025-07-06,Jakarta,referral,1995,P,False,biasa
U03531,2025-04-20,Yogyakarta,organik,2005,P,False,biasa
U03532,2026-03-15,Jakarta,referral,2001,P,False,biasa
U03533,2025-10-20,Jakarta,iklan_google,1995,P,True,biasa
U03534,2025-01-13,Yogyakarta,organik,1991,L,False,biasa
U03535,2025-02-01,Jakarta,gojek_grab,1992,L,True,biasa
U03536,2025-01-02,Bandung,referral,1997,P,False,setia
U03537,2025-11-18,Yogyakarta,referral,1987,P,False,biasa
U03538,2025-04-11,Denpasar,organik,1990,P,False,biasa
U03539,2025-06-22,Bandung,iklan_google,1994,L,True,biasa
U03540,2026-05-18,Surabaya,iklan_google,2002,P,False,biasa
U03541,2025-04-28,Bandung,iklan_meta,1994,L,False,biasa
U03542,2025-09-17,Surabaya,organik,1981,L,False,biasa
U03543,2025-06-29,Surabaya,organik,2005,L,False,biasa
U03544,2025-04-05,Yogyakarta,gojek_grab,1991,L,False,biasa
U03545,2026-02-10,Jakarta,organik,1975,P,True,biasa
U03546,2025-04-26,Bandung,organik,1985,L,False,biasa
U03547,2026-02-09,Surabaya,organik,1993,P,False,biasa
U03548,2025-03-15,Jakarta,iklan_meta,2005,P,True,biasa
U03549,2025-12-12,Yogyakarta,organik,1978,L,False,biasa
U03550,2025-11-06,Jakarta,organik,1984,L,True,biasa
U03551,2026-02-25,Bandung,organik,1982,L,True,biasa
U03552,2025-04-19,Yogyakarta,iklan_google,1986,L,False,biasa
U03553,2026-01-07,Yogyakarta,gojek_grab,1989,L,False,biasa
U03554,2025-12-01,Bandung,gojek_grab,1981,P,True,biasa
U03555,2026-03-01,Jakarta,organik,1976,P,False,biasa
U03556,2026-06-12,Jakarta,iklan_meta,1984,L,False,biasa
U03557,2026-06-07,Jakarta,referral,1975,P,False,setia
U03558,2025-12-01,Jakarta,organik,1992,L,False,biasa
U03559,2025-12-26,Jakarta,gojek_grab,1976,P,False,biasa
U03560,2025-05-08,Yogyakarta,gojek_grab,1992,P,False,biasa
U03561,2025-01-13,Bandung,organik,1990,L,False,biasa
U03562,2025-03-30,Jakarta,gojek_grab,1978,P,True,biasa
U03563,2026-03-22,Jakarta,iklan_meta,1975,P,False,biasa
U03564,2025-06-02,Jakarta,iklan_meta,1979,P,False,biasa
U03565,2025-01-05,Bandung,organik,1979,L,True,setia
U03566,2025-09-17,Bandung,referral,1977,P,False,setia
U03567,2025-01-19,Yogyakarta,iklan_meta,1992,L,False,biasa
U03568,2025-04-26,Bandung,organik,2003,P,False,biasa
U03569,2025-05-16,Jakarta,referral,1981,P,False,biasa
U03570,2025-01-04,Jakarta,iklan_google,1990,L,False,biasa
U03571,2025-02-01,Jakarta,referral,1989,P,False,biasa
U03572,2026-03-04,Denpasar,iklan_meta,1990,L,False,biasa
U03573,2025-11-25,Yogyakarta,iklan_meta,1985,P,False,biasa
U03574,2025-10-30,Surabaya,organik,1978,L,True,biasa
U03575,2025-12-29,Surabaya,referral,1982,P,False,biasa
U03576,2026-01-28,Yogyakarta,referral,1980,L,False,setia
U03577,2026-06-13,Yogyakarta,organik,1983,P,True,biasa
U03578,2025-08-02,Jakarta,organik,1978,L,False,biasa
U03579,2026-04-26,Yogyakarta,iklan_meta,1998,P,False,setia
U03580,2025-05-03,Denpasar,organik,1980,L,False,setia
U03581,2025-09-24,Surabaya,iklan_meta,1975,L,False,biasa
U03582,2025-11-25,Bandung,iklan_google,1981,L,False,setia
U03583,2025-11-25,Bandung,iklan_meta,1978,L,False,biasa
U03584,2025-08-14,Bandung,iklan_meta,2002,P,False,biasa
U03585,2025-09-30,Jakarta,iklan_meta,1992,P,False,biasa
U03586,2025-06-01,Bandung,referral,1998,P,True,biasa
U03587,2026-03-01,Denpasar,iklan_google,2004,L,False,biasa
U03588,2026-04-05,Jakarta,referral,1990,P,True,biasa
U03589,2025-11-05,Yogyakarta,gojek_grab,2005,L,True,biasa
U03590,2026-06-09,Yogyakarta,referral,1996,P,False,biasa
U03591,2025-07-21,Yogyakarta,organik,1986,P,False,setia
U03592,2026-02-28,Jakarta,gojek_grab,2002,L,False,biasa
U03593,2025-08-28,Bandung,iklan_google,1988,P,False,biasa
U03594,2026-04-30,Surabaya,referral,1993,P,False,setia
U03595,2026-06-19,Jakarta,gojek_grab,1993,P,False,biasa
U03596,2025-11-17,Surabaya,gojek_grab,1991,P,True,biasa
U03597,2026-04-26,Jakarta,iklan_meta,2000,P,False,biasa
U03598,2025-05-16,Bandung,organik,1984,L,False,setia
U03599,2025-07-22,Jakarta,iklan_google,1997,L,False,setia
U03600,2026-04-02,Jakarta,referral,2005,P,False,biasa
U03601,2025-12-26,Yogyakarta,organik,2003,P,True,biasa
U03602,2026-01-29,Surabaya,organik,1980,L,False,biasa
U03603,2026-01-20,Jakarta,organik,2002,P,True,biasa
U03604,2025-03-19,Bandung,iklan_meta,1976,L,False,biasa
U03605,2025-05-04,Jakarta,gojek_grab,1989,L,True,biasa
U03606,2026-06-15,Jakarta,organik,1990,P,False,setia
U03607,2025-10-16,Surabaya,gojek_grab,2006,L,False,biasa
U03608,2026-05-23,Jakarta,iklan_google,2005,L,False,biasa
U03609,2025-01-19,Bandung,iklan_meta,1976,P,True,biasa
U03610,2025-07-21,Denpasar,referral,2003,L,False,setia
U03611,2025-12-22,Bandung,gojek_grab,2004,L,True,biasa
U03612,2025-08-30,Jakarta,gojek_grab,1994,P,True,biasa
U03613,2026-04-02,Jakarta,iklan_google,2006,P,False,biasa
U03614,2025-08-10,Jakarta,iklan_meta,1986,P,False,biasa
U03615,2026-02-23,Bandung,gojek_grab,1993,P,False,biasa
U03616,2025-09-30,Bandung,referral,2006,L,False,setia
U03617,2026-04-13,Jakarta,gojek_grab,1979,L,False,setia
U03618,2025-05-26,Bandung,organik,2001,P,False,biasa
U03619,2026-02-03,Jakarta,referral,2000,P,False,biasa
U03620,2025-03-28,Yogyakarta,gojek_grab,1999,P,False,biasa
U03621,2025-07-18,Jakarta,organik,2005,L,False,setia
U03622,2026-05-23,Yogyakarta,iklan_meta,2002,L,False,biasa
U03623,2025-02-23,Denpasar,organik,2000,P,False,biasa
U03624,2025-12-29,Jakarta,organik,1989,L,False,biasa
U03625,2025-04-24,Jakarta,organik,1986,P,True,setia
U03626,2026-06-17,Yogyakarta,iklan_google,2000,L,True,biasa
U03627,2025-08-05,Jakarta,iklan_meta,2002,L,False,biasa
U03628,2026-01-13,Bandung,iklan_google,1979,P,True,biasa
U03629,2026-05-09,Jakarta,iklan_meta,1984,L,False,biasa
U03630,2025-06-25,Jakarta,iklan_google,2001,L,False,biasa
U03631,2025-12-08,Surabaya,organik,1996,P,True,setia
U03632,2026-03-09,Jakarta,iklan_meta,1982,L,False,biasa
U03633,2026-01-02,Jakarta,gojek_grab,1975,P,False,biasa
U03634,2025-05-12,Yogyakarta,iklan_meta,1995,L,False,biasa
U03635,2025-09-04,Bandung,gojek_grab,1988,P,False,biasa
U03636,2026-06-24,Bandung,referral,1986,P,False,biasa
U03637,2025-02-07,Surabaya,gojek_grab,1975,L,True,biasa
U03638,2025-07-27,Jakarta,iklan_google,1999,P,False,biasa
U03639,2025-06-12,Surabaya,gojek_grab,1980,L,False,biasa
U03640,2025-08-13,Denpasar,iklan_meta,1990,P,False,biasa
U03641,2025-03-03,Denpasar,iklan_meta,1986,P,False,biasa
U03642,2026-01-09,Jakarta,iklan_meta,1996,P,True,biasa
U03643,2025-02-25,Bandung,gojek_grab,1978,P,False,biasa
U03644,2025-06-14,Bandung,organik,1989,P,False,biasa
U03645,2025-09-24,Jakarta,gojek_grab,1978,L,False,biasa
U03646,2025-08-29,Bandung,referral,1993,P,False,biasa
U03647,2025-03-28,Jakarta,referral,1980,P,False,setia
U03648,2025-07-08,Jakarta,organik,1979,P,True,setia
U03649,2026-01-01,Denpasar,gojek_grab,1999,P,False,setia
U03650,2025-01-13,Yogyakarta,iklan_google,1985,P,False,biasa
U03651,2026-04-05,Denpasar,iklan_meta,2002,P,False,biasa
U03652,2025-11-14,Yogyakarta,referral,1978,L,True,biasa
U03653,2026-02-17,Bandung,organik,1976,P,False,setia
U03654,2025-11-07,Jakarta,iklan_meta,2002,P,False,biasa
U03655,2026-06-18,Bandung,iklan_meta,2003,L,False,biasa
U03656,2025-07-08,Yogyakarta,organik,1998,L,False,biasa
U03657,2025-01-12,Denpasar,referral,2006,P,False,setia
U03658,2025-07-20,Jakarta,iklan_meta,1986,L,False,biasa
U03659,2026-02-21,Jakarta,organik,2000,L,False,biasa
U03660,2025-01-21,Surabaya,organik,1977,P,False,biasa
U03661,2025-11-08,Bandung,gojek_grab,1980,P,False,biasa
U03662,2025-06-16,Jakarta,organik,1987,P,False,biasa
U03663,2026-02-09,Jakarta,iklan_meta,2003,L,False,biasa
U03664,2026-02-02,Yogyakarta,organik,1976,L,False,biasa
U03665,2025-03-07,Denpasar,organik,1990,P,True,biasa
U03666,2025-09-23,Bandung,referral,1998,P,False,biasa
U03667,2025-09-26,Bandung,iklan_google,1975,L,False,biasa
U03668,2025-04-10,Surabaya,iklan_google,1978,P,True,biasa
U03669,2025-01-24,Jakarta,gojek_grab,1997,L,False,biasa
U03670,2025-03-13,Jakarta,referral,2003,P,False,setia
U03671,2025-04-20,Denpasar,organik,2003,P,False,biasa
U03672,2025-09-18,Jakarta,iklan_google,1976,P,False,setia
U03673,2025-08-28,Yogyakarta,referral,1992,P,False,biasa
U03674,2025-09-12,Surabaya,iklan_meta,2006,L,False,setia
U03675,2026-04-24,Bandung,gojek_grab,1984,P,True,setia
U03676,2025-09-06,Bandung,gojek_grab,1984,L,True,setia
U03677,2025-04-09,Surabaya,iklan_google,1984,L,True,biasa
U03678,2025-11-15,Jakarta,iklan_meta,1999,L,False,biasa
U03679,2026-06-11,Denpasar,iklan_google,1987,P,True,biasa
U03680,2025-07-08,Surabaya,iklan_meta,1987,L,False,setia
U03681,2025-02-03,Jakarta,organik,1999,P,False,setia
U03682,2025-08-02,Jakarta,iklan_meta,1997,L,False,biasa
U03683,2025-12-09,Surabaya,referral,2005,P,False,biasa
U03684,2025-06-27,Jakarta,iklan_google,1983,L,False,biasa
U03685,2025-10-12,Bandung,iklan_google,1995,P,False,biasa
U03686,2025-12-03,Surabaya,organik,1986,P,False,biasa
U03687,2025-01-29,Jakarta,gojek_grab,1982,P,False,biasa
U03688,2025-01-19,Jakarta,organik,1976,L,False,biasa
U03689,2026-01-06,Jakarta,organik,1993,L,False,biasa
U03690,2026-01-16,Jakarta,referral,1984,P,False,setia
U03691,2025-06-14,Jakarta,referral,1996,P,False,setia
U03692,2026-03-10,Jakarta,organik,1997,L,False,setia
U03693,2026-01-15,Denpasar,referral,1982,P,True,setia
U03694,2025-07-17,Jakarta,referral,2004,L,False,setia
U03695,2025-03-15,Bandung,iklan_meta,2006,P,False,biasa
U03696,2025-01-17,Jakarta,organik,1975,L,False,biasa
U03697,2025-05-19,Jakarta,organik,1979,L,False,biasa
U03698,2026-01-15,Jakarta,iklan_meta,1983,P,False,biasa
U03699,2025-12-10,Yogyakarta,iklan_meta,1978,P,False,biasa
U03700,2025-12-09,Yogyakarta,organik,1996,P,True,setia
U03701,2025-06-19,Bandung,iklan_meta,2001,P,False,biasa
U03702,2026-02-11,Yogyakarta,iklan_meta,1975,P,False,biasa
U03703,2025-02-16,Surabaya,referral,1984,P,False,setia
U03704,2025-03-17,Yogyakarta,referral,1977,L,False,setia
U03705,2025-09-22,Bandung,referral,1979,P,False,setia
U03706,2025-11-05,Jakarta,organik,1990,L,False,biasa
U03707,2025-12-28,Surabaya,organik,1996,P,False,biasa
U03708,2025-07-28,Jakarta,iklan_meta,1982,P,False,setia
U03709,2025-03-13,Jakarta,iklan_meta,1986,P,False,biasa
U03710,2025-02-03,Jakarta,iklan_google,1985,P,False,biasa
U03711,2026-04-22,Surabaya,iklan_google,1993,P,False,setia
U03712,2025-12-09,Bandung,iklan_google,2005,L,False,biasa
U03713,2025-05-11,Bandung,organik,2003,P,True,biasa
U03714,2025-09-30,Surabaya,organik,1998,P,False,biasa
U03715,2026-05-27,Bandung,iklan_meta,1978,P,False,biasa
U03716,2026-03-11,Yogyakarta,organik,2004,P,False,biasa
U03717,2025-12-01,Denpasar,referral,1978,P,False,biasa
U03718,2025-07-09,Jakarta,organik,2000,L,False,biasa
U03719,2025-03-25,Yogyakarta,iklan_meta,2004,P,False,biasa
U03720,2025-08-09,Yogyakarta,iklan_meta,1982,L,True,biasa
U03721,2025-05-31,Bandung,organik,2006,L,False,biasa
U03722,2025-05-21,Jakarta,iklan_meta,1980,L,False,biasa
U03723,2025-12-15,Jakarta,referral,1990,L,False,biasa
U03724,2025-09-21,Denpasar,iklan_meta,1985,L,True,biasa
U03725,2025-09-30,Surabaya,iklan_meta,1979,L,False,biasa
U03726,2025-09-14,Jakarta,referral,1994,P,False,biasa
U03727,2025-01-12,Jakarta,iklan_meta,1998,P,True,setia
U03728,2025-02-08,Bandung,organik,1999,L,False,biasa
U03729,2025-07-01,Denpasar,iklan_meta,1975,L,False,biasa
U03730,2026-06-02,Bandung,gojek_grab,2005,P,False,biasa
U03731,2026-04-06,Jakarta,iklan_meta,1979,P,False,biasa
U03732,2026-03-21,Bandung,organik,1980,L,False,biasa
U03733,2026-05-31,Surabaya,referral,1990,L,True,biasa
U03734,2026-04-04,Yogyakarta,iklan_google,1978,P,False,biasa
U03735,2026-03-27,Jakarta,organik,1984,P,False,biasa
U03736,2025-09-22,Jakarta,iklan_google,1978,P,False,biasa
U03737,2025-03-30,Surabaya,iklan_google,1991,L,False,biasa
U03738,2025-07-24,Yogyakarta,referral,1997,P,False,setia
U03739,2025-05-25,Bandung,iklan_meta,1985,P,False,biasa
U03740,2026-01-27,Yogyakarta,gojek_grab,1986,P,False,biasa
U03741,2025-10-09,Jakarta,iklan_meta,1997,L,True,biasa
U03742,2026-06-18,Bandung,referral,1993,L,False,setia
U03743,2025-05-27,Bandung,gojek_grab,1979,P,False,biasa
U03744,2026-02-12,Jakarta,gojek_grab,1994,P,False,biasa
U03745,2025-04-07,Jakarta,referral,1998,L,False,biasa
U03746,2025-02-19,Yogyakarta,gojek_grab,1979,L,True,biasa
U03747,2026-01-01,Bandung,organik,1981,L,True,biasa
U03748,2026-03-09,Bandung,organik,1996,L,False,biasa
U03749,2026-03-20,Jakarta,iklan_meta,1986,P,False,biasa
U03750,2025-09-03,Bandung,referral,1990,P,False,setia
U03751,2025-09-18,Bandung,iklan_meta,2006,P,False,biasa
U03752,2025-01-07,Jakarta,referral,1983,P,False,setia
U03753,2025-02-22,Bandung,organik,2006,P,False,biasa
U03754,2025-05-18,Jakarta,iklan_google,1991,L,False,biasa
U03755,2026-06-06,Surabaya,organik,1979,L,False,biasa
U03756,2026-05-05,Bandung,iklan_meta,1991,L,False,biasa
U03757,2026-05-15,Surabaya,gojek_grab,1981,L,False,setia
U03758,2025-09-21,Jakarta,organik,1999,L,False,biasa
U03759,2025-10-31,Jakarta,iklan_google,1977,L,False,biasa
U03760,2026-02-08,Jakarta,gojek_grab,1997,L,False,biasa
U03761,2025-11-21,Jakarta,referral,1979,P,False,biasa
U03762,2025-08-27,Denpasar,organik,2000,P,False,biasa
U03763,2025-08-04,Denpasar,iklan_meta,1992,P,False,setia
U03764,2025-01-05,Surabaya,gojek_grab,1987,L,False,biasa
U03765,2025-05-22,Jakarta,organik,1991,P,False,setia
U03766,2025-11-23,Bandung,organik,1990,L,False,biasa
U03767,2025-03-31,Jakarta,gojek_grab,1993,L,False,biasa
U03768,2025-06-02,Yogyakarta,gojek_grab,2002,P,False,setia
U03769,2026-03-05,Jakarta,organik,1984,L,False,biasa
U03770,2025-03-17,Jakarta,organik,1982,L,False,biasa
U03771,2025-12-18,Jakarta,organik,1982,P,False,biasa
U03772,2026-01-06,Jakarta,referral,1975,P,False,biasa
U03773,2026-01-06,Denpasar,iklan_meta,1981,L,False,biasa
U03774,2025-11-27,Jakarta,organik,1986,L,False,biasa
U03775,2026-04-14,Bandung,organik,2001,P,True,biasa
U03776,2025-05-14,Surabaya,organik,2001,L,False,setia
U03777,2025-10-29,Surabaya,gojek_grab,1999,L,False,biasa
U03778,2025-01-26,Jakarta,referral,1986,P,False,biasa
U03779,2025-07-02,Surabaya,iklan_google,1981,L,False,setia
U03780,2026-03-17,Jakarta,referral,2004,P,True,setia
U03781,2026-04-19,Yogyakarta,gojek_grab,2001,P,True,biasa
U03782,2026-01-12,Jakarta,iklan_google,1985,L,True,biasa
U03783,2026-06-07,Jakarta,iklan_meta,2005,L,False,biasa
U03784,2025-03-11,Surabaya,organik,1997,P,False,biasa
U03785,2025-04-10,Denpasar,organik,1983,P,False,setia
U03786,2026-02-27,Jakarta,organik,1979,L,False,biasa
U03787,2026-01-01,Yogyakarta,iklan_google,1977,L,False,biasa
U03788,2025-07-28,Bandung,referral,1990,L,False,setia
U03789,2025-08-25,Bandung,iklan_meta,1989,L,False,biasa
U03790,2026-02-28,Denpasar,iklan_google,1984,L,False,biasa
U03791,2026-02-18,Surabaya,referral,1976,L,False,biasa
U03792,2026-04-09,Jakarta,iklan_google,1988,L,False,biasa
U03793,2025-02-05,Surabaya,gojek_grab,1979,L,False,biasa
U03794,2025-03-26,Bandung,iklan_google,1997,L,False,biasa
U03795,2025-07-01,Bandung,iklan_meta,1998,P,True,biasa
U03796,2025-09-17,Denpasar,organik,1988,P,False,setia
U03797,2025-03-10,Bandung,referral,2003,P,False,biasa
U03798,2026-02-19,Surabaya,gojek_grab,1983,L,False,biasa
U03799,2025-08-29,Jakarta,organik,1983,L,False,setia
U03800,2026-06-01,Jakarta,organik,1975,P,False,setia
U03801,2026-05-17,Bandung,iklan_meta,1996,P,False,setia
U03802,2025-12-25,Bandung,gojek_grab,1986,P,False,biasa
U03803,2026-04-01,Jakarta,gojek_grab,1989,P,False,setia
U03804,2025-12-20,Surabaya,gojek_grab,1977,P,False,biasa
U03805,2025-02-24,Surabaya,organik,2001,P,False,setia
U03806,2026-06-01,Jakarta,iklan_meta,1992,P,True,biasa
U03807,2025-12-30,Surabaya,organik,1977,P,True,setia
U03808,2025-03-10,Jakarta,gojek_grab,1976,P,True,biasa
U03809,2025-11-08,Bandung,iklan_meta,1985,P,False,biasa
U03810,2025-11-29,Jakarta,organik,1982,L,False,setia
U03811,2025-07-30,Denpasar,referral,1977,L,False,biasa
U03812,2026-01-19,Jakarta,iklan_google,1996,P,True,biasa
U03813,2026-03-15,Surabaya,referral,1975,P,False,biasa
U03814,2025-07-27,Jakarta,referral,2006,P,True,biasa
U03815,2025-09-21,Jakarta,organik,1979,P,True,biasa
U03816,2025-11-13,Jakarta,iklan_google,2005,P,False,biasa
U03817,2025-12-04,Yogyakarta,iklan_meta,2004,L,False,biasa
U03818,2025-08-31,Yogyakarta,organik,1992,P,False,biasa
U03819,2025-10-24,Denpasar,organik,2003,P,False,biasa
U03820,2025-02-07,Bandung,referral,1975,P,False,biasa
U03821,2025-08-19,Yogyakarta,gojek_grab,2001,P,False,biasa
U03822,2025-07-27,Jakarta,gojek_grab,1985,P,False,biasa
U03823,2025-05-26,Jakarta,referral,1985,L,False,setia
U03824,2025-01-01,Bandung,iklan_google,1976,L,True,biasa
U03825,2026-02-20,Surabaya,organik,1984,P,False,biasa
U03826,2026-01-22,Yogyakarta,iklan_meta,1977,P,False,biasa
U03827,2026-02-17,Surabaya,iklan_meta,1983,L,False,biasa
U03828,2026-04-28,Bandung,referral,1999,P,False,biasa
U03829,2026-05-07,Denpasar,iklan_meta,1999,P,False,biasa
U03830,2025-04-07,Jakarta,organik,2005,P,True,biasa
U03831,2026-01-25,Jakarta,iklan_google,1983,L,False,biasa
U03832,2026-04-26,Jakarta,organik,1981,P,False,biasa
U03833,2025-11-16,Surabaya,organik,1989,P,False,biasa
U03834,2025-05-14,Jakarta,organik,1995,P,False,biasa
U03835,2025-07-25,Jakarta,gojek_grab,1997,L,False,biasa
U03836,2025-01-15,Yogyakarta,organik,2001,P,False,biasa
U03837,2026-03-23,Jakarta,gojek_grab,1988,L,False,biasa
U03838,2025-06-22,Jakarta,gojek_grab,1991,L,False,biasa
U03839,2025-02-06,Bandung,gojek_grab,2002,L,False,biasa
U03840,2025-08-27,Jakarta,referral,1987,P,False,biasa
U03841,2025-12-10,Jakarta,iklan_meta,1991,P,False,biasa
U03842,2026-03-30,Surabaya,referral,1980,P,False,biasa
U03843,2025-03-20,Denpasar,gojek_grab,2004,P,False,biasa
U03844,2025-11-08,Jakarta,referral,1984,P,False,setia
U03845,2025-08-31,Jakarta,organik,1999,P,False,biasa
U03846,2025-02-15,Jakarta,iklan_meta,1987,P,False,biasa
U03847,2026-01-10,Surabaya,gojek_grab,1994,P,True,biasa
U03848,2025-04-24,Denpasar,iklan_meta,1993,P,True,setia
U03849,2025-05-29,Jakarta,organik,1994,P,True,biasa
U03850,2026-01-27,Jakarta,iklan_google,1998,L,False,biasa
U03851,2026-01-14,Jakarta,organik,2001,P,False,biasa
U03852,2025-09-23,Jakarta,iklan_meta,2006,L,False,biasa
U03853,2025-11-24,Jakarta,organik,1982,L,False,biasa
U03854,2025-11-24,Bandung,iklan_google,1978,P,False,biasa
U03855,2026-05-03,Jakarta,iklan_meta,1980,L,False,biasa
U03856,2025-03-19,Surabaya,iklan_google,1996,L,False,biasa
U03857,2025-01-12,Jakarta,referral,1990,P,True,biasa
U03858,2025-11-10,Surabaya,organik,1996,P,False,biasa
U03859,2025-06-24,Jakarta,organik,1996,P,False,setia
U03860,2025-06-22,Jakarta,organik,2001,P,False,biasa
U03861,2026-01-11,Jakarta,gojek_grab,2000,P,False,biasa
U03862,2025-01-26,Bandung,organik,1975,P,False,biasa
U03863,2025-09-24,Jakarta,gojek_grab,1991,P,False,biasa
U03864,2025-07-21,Surabaya,organik,1985,P,False,setia
U03865,2026-03-28,Jakarta,iklan_meta,1983,P,True,biasa
U03866,2025-11-16,Yogyakarta,iklan_google,1983,P,False,biasa
U03867,2026-05-24,Bandung,organik,1977,P,False,biasa
U03868,2025-11-09,Surabaya,organik,1995,L,False,biasa
U03869,2025-01-09,Jakarta,referral,1982,L,False,biasa
U03870,2025-06-15,Surabaya,organik,1984,L,False,biasa
U03871,2025-09-24,Jakarta,organik,1993,P,False,biasa
U03872,2025-09-03,Bandung,iklan_google,1985,L,False,biasa
U03873,2025-01-30,Bandung,organik,2004,L,True,biasa
U03874,2025-06-27,Yogyakarta,iklan_meta,1996,L,False,biasa
U03875,2025-04-21,Jakarta,organik,1992,P,False,setia
U03876,2025-09-12,Surabaya,iklan_meta,1988,P,False,biasa
U03877,2025-07-16,Jakarta,gojek_grab,1989,L,True,biasa
U03878,2026-03-02,Jakarta,organik,1985,P,False,setia
U03879,2025-12-07,Jakarta,iklan_meta,1988,P,False,setia
U03880,2025-12-10,Jakarta,iklan_meta,1983,L,True,biasa
U03881,2026-01-10,Jakarta,iklan_meta,1975,P,False,biasa
U03882,2025-08-29,Yogyakarta,iklan_meta,1987,P,False,setia
U03883,2025-06-30,Denpasar,gojek_grab,1991,P,False,biasa
U03884,2025-04-07,Surabaya,referral,2005,L,False,biasa
U03885,2025-07-20,Bandung,gojek_grab,1999,P,False,biasa
U03886,2025-05-03,Jakarta,iklan_google,1975,P,False,setia
U03887,2025-08-15,Denpasar,organik,2004,P,False,biasa
U03888,2026-02-13,Jakarta,gojek_grab,1999,L,False,biasa
U03889,2026-05-10,Denpasar,iklan_meta,1982,P,False,biasa
U03890,2025-06-05,Yogyakarta,gojek_grab,1990,P,False,biasa
U03891,2025-07-08,Bandung,organik,1985,P,False,biasa
U03892,2026-01-13,Denpasar,gojek_grab,1999,P,True,biasa
U03893,2026-05-02,Surabaya,organik,1990,L,False,biasa
U03894,2025-03-21,Jakarta,referral,1991,L,False,setia
U03895,2025-09-15,Jakarta,gojek_grab,2003,P,True,biasa
U03896,2025-03-18,Surabaya,iklan_google,2004,L,False,setia
U03897,2025-06-25,Surabaya,iklan_google,1991,P,True,biasa
U03898,2026-04-01,Bandung,organik,1990,P,False,setia
U03899,2025-08-12,Jakarta,iklan_meta,2000,L,False,biasa
U03900,2025-12-20,Yogyakarta,iklan_meta,1983,L,False,biasa
U03901,2025-09-17,Jakarta,gojek_grab,1988,L,False,biasa
U03902,2025-03-20,Jakarta,iklan_google,1979,P,False,biasa
U03903,2025-10-12,Yogyakarta,organik,2004,P,True,setia
U03904,2026-05-05,Denpasar,iklan_google,2000,L,False,biasa
U03905,2026-04-02,Bandung,organik,1998,P,False,biasa
U03906,2026-04-05,Jakarta,gojek_grab,1982,L,False,biasa
U03907,2025-04-10,Jakarta,iklan_meta,2004,P,False,setia
U03908,2025-10-26,Jakarta,referral,1984,P,False,biasa
U03909,2025-01-02,Yogyakarta,iklan_google,1986,P,False,setia
U03910,2025-07-19,Surabaya,iklan_google,1991,P,False,biasa
U03911,2025-11-07,Denpasar,gojek_grab,1988,L,False,biasa
U03912,2025-05-01,Surabaya,iklan_meta,1986,L,False,biasa
U03913,2026-06-19,Jakarta,organik,1987,P,False,setia
U03914,2025-07-03,Jakarta,organik,1995,P,False,biasa
U03915,2025-12-05,Denpasar,referral,1983,P,False,biasa
U03916,2026-01-11,Yogyakarta,organik,1977,P,False,biasa
U03917,2025-06-13,Jakarta,organik,1979,P,False,biasa
U03918,2025-04-20,Surabaya,organik,1991,L,False,setia
U03919,2025-01-09,Jakarta,gojek_grab,1995,P,True,biasa
U03920,2026-02-11,Denpasar,iklan_meta,1982,P,False,biasa
U03921,2025-04-28,Jakarta,organik,1976,L,True,setia
U03922,2026-06-10,Jakarta,organik,2003,L,True,setia
U03923,2025-09-19,Bandung,referral,1994,P,False,setia
U03924,2026-01-29,Surabaya,iklan_google,1992,L,True,biasa
U03925,2025-03-31,Denpasar,iklan_meta,1976,L,False,biasa
U03926,2025-02-11,Jakarta,organik,1996,P,False,setia
U03927,2026-06-07,Jakarta,organik,1981,P,False,biasa
U03928,2025-05-17,Bandung,iklan_meta,1996,L,False,biasa
U03929,2025-01-21,Surabaya,gojek_grab,1995,L,False,biasa
U03930,2025-03-05,Surabaya,organik,1984,P,False,setia
U03931,2026-04-23,Denpasar,iklan_meta,1981,P,False,biasa
U03932,2025-11-13,Bandung,iklan_meta,2003,P,True,biasa
U03933,2025-12-04,Jakarta,iklan_google,1982,L,False,setia
U03934,2025-05-16,Jakarta,iklan_meta,1999,L,True,biasa
U03935,2026-04-03,Jakarta,iklan_meta,1995,P,False,biasa
U03936,2025-06-13,Jakarta,referral,1986,P,False,biasa
U03937,2025-01-24,Jakarta,referral,1987,P,True,setia
U03938,2025-01-16,Surabaya,iklan_google,2004,P,False,setia
U03939,2026-02-28,Jakarta,gojek_grab,1982,P,False,biasa
U03940,2025-12-12,Surabaya,organik,1979,P,False,biasa
U03941,2025-04-13,Denpasar,organik,1988,L,False,biasa
U03942,2026-01-07,Jakarta,organik,1986,P,False,setia
U03943,2026-02-12,Surabaya,organik,1978,P,False,biasa
U03944,2025-10-30,Jakarta,referral,1990,L,False,biasa
U03945,2025-12-10,Denpasar,gojek_grab,1998,L,False,biasa
U03946,2025-02-27,Jakarta,iklan_meta,1979,P,False,biasa
U03947,2026-03-16,Bandung,gojek_grab,2001,L,False,biasa
U03948,2026-01-14,Bandung,referral,2004,L,False,biasa
U03949,2025-03-10,Bandung,organik,1986,P,False,setia
U03950,2026-05-17,Jakarta,organik,1984,L,False,setia
U03951,2026-06-11,Jakarta,organik,2001,P,True,setia
U03952,2026-05-04,Yogyakarta,gojek_grab,1993,P,True,biasa
U03953,2025-07-29,Yogyakarta,organik,1983,P,False,biasa
U03954,2026-06-07,Surabaya,iklan_meta,1998,P,False,biasa
U03955,2025-11-13,Surabaya,organik,1979,P,False,biasa
U03956,2026-04-17,Yogyakarta,iklan_meta,2006,L,False,biasa
U03957,2026-04-10,Jakarta,organik,1996,L,False,biasa
U03958,2026-01-18,Yogyakarta,organik,1986,L,False,biasa
U03959,2025-01-29,Jakarta,iklan_meta,1976,L,False,biasa
U03960,2025-04-06,Denpasar,referral,1984,P,False,setia
U03961,2026-01-23,Surabaya,gojek_grab,1986,L,False,biasa
U03962,2026-06-23,Yogyakarta,organik,1987,P,True,biasa
U03963,2025-03-01,Jakarta,iklan_meta,1976,P,True,biasa
U03964,2025-04-29,Yogyakarta,organik,1975,P,False,setia
U03965,2025-03-13,Jakarta,gojek_grab,1989,P,False,biasa
U03966,2025-07-27,Jakarta,organik,1994,P,False,biasa
U03967,2026-01-12,Jakarta,iklan_meta,1983,P,False,biasa
U03968,2026-05-23,Jakarta,iklan_meta,1976,L,False,setia
U03969,2025-05-26,Jakarta,organik,1975,L,False,setia
U03970,2026-06-21,Surabaya,gojek_grab,1996,L,False,biasa
U03971,2025-08-30,Jakarta,iklan_meta,1992,P,False,biasa
U03972,2025-06-17,Surabaya,iklan_google,1982,P,False,biasa
U03973,2026-03-01,Jakarta,iklan_meta,1987,P,False,setia
U03974,2026-05-22,Surabaya,organik,1982,L,False,setia
U03975,2025-06-06,Jakarta,iklan_google,2001,P,False,biasa
U03976,2025-03-29,Yogyakarta,iklan_google,1984,L,False,biasa
U03977,2025-07-28,Jakarta,referral,1982,P,False,setia
U03978,2025-05-07,Jakarta,iklan_meta,1996,L,False,biasa
U03979,2025-04-25,Surabaya,iklan_google,2006,P,False,biasa
U03980,2025-02-03,Bandung,referral,1986,P,False,biasa
U03981,2025-05-30,Yogyakarta,referral,2005,P,False,biasa
U03982,2026-01-07,Bandung,gojek_grab,2005,L,False,biasa
U03983,2026-03-16,Jakarta,organik,1988,L,False,biasa
U03984,2025-02-09,Jakarta,iklan_google,1988,P,False,biasa
U03985,2025-02-19,Bandung,organik,1979,P,False,biasa
U03986,2025-10-27,Yogyakarta,iklan_meta,1976,L,False,setia
U03987,2026-03-01,Surabaya,organik,2005,L,False,biasa
U03988,2025-08-25,Surabaya,iklan_meta,1991,L,False,biasa
U03989,2026-01-16,Bandung,iklan_google,2006,P,False,biasa
U03990,2025-06-16,Bandung,iklan_meta,1996,P,False,biasa
U03991,2025-03-02,Jakarta,organik,1978,P,False,biasa
U03992,2026-01-29,Jakarta,iklan_meta,1982,P,False,biasa
U03993,2026-04-05,Bandung,referral,1980,P,True,biasa
U03994,2025-12-12,Surabaya,organik,1976,L,False,biasa
U03995,2026-03-30,Bandung,iklan_google,2004,L,False,biasa
U03996,2025-07-11,Bandung,iklan_meta,2001,P,True,biasa
U03997,2025-12-02,Bandung,organik,1987,L,False,biasa
U03998,2025-04-26,Denpasar,iklan_meta,2002,L,True,biasa
U03999,2025-08-16,Jakarta,organik,1979,L,False,biasa
U04000,2026-03-27,Bandung,referral,1976,P,False,biasa
U04001,2025-08-08,Denpasar,organik,1996,P,False,setia
U04002,2025-12-17,Jakarta,iklan_meta,2005,P,False,biasa
U04003,2026-05-19,Jakarta,organik,1993,L,False,biasa
U04004,2026-06-15,Jakarta,iklan_google,1995,P,True,setia
U04005,2025-10-08,Bandung,organik,1977,P,False,biasa
U04006,2025-04-15,Yogyakarta,gojek_grab,1979,P,False,biasa
U04007,2025-04-19,Yogyakarta,organik,2002,L,False,biasa
U04008,2026-06-06,Jakarta,iklan_google,1976,L,False,biasa
U04009,2026-05-07,Yogyakarta,iklan_meta,1990,L,False,biasa
U04010,2026-05-28,Jakarta,iklan_google,2004,P,False,biasa
U04011,2025-03-31,Denpasar,referral,2002,L,True,biasa
U04012,2026-05-11,Yogyakarta,organik,1994,L,False,biasa
U04013,2025-11-20,Yogyakarta,organik,1985,L,False,biasa
U04014,2025-08-17,Bandung,gojek_grab,2005,P,False,biasa
U04015,2025-10-31,Yogyakarta,organik,2001,P,False,setia
U04016,2026-02-28,Jakarta,referral,1983,P,False,biasa
U04017,2026-01-03,Yogyakarta,iklan_google,1989,P,False,biasa
U04018,2025-09-20,Denpasar,referral,1984,P,True,biasa
U04019,2025-03-25,Jakarta,organik,1996,L,False,setia
U04020,2026-03-19,Surabaya,referral,1982,P,True,biasa
U04021,2025-06-18,Jakarta,referral,2000,L,False,biasa
U04022,2025-05-23,Yogyakarta,iklan_meta,1986,P,False,biasa
U04023,2025-03-17,Jakarta,organik,1979,P,False,biasa
U04024,2026-02-16,Denpasar,organik,1994,P,True,setia
U04025,2025-12-17,Jakarta,organik,1979,P,False,biasa
U04026,2025-03-29,Surabaya,organik,2004,L,False,setia
U04027,2026-02-14,Bandung,gojek_grab,1997,L,False,biasa
U04028,2025-06-08,Bandung,iklan_google,1979,P,False,biasa
U04029,2026-01-08,Surabaya,iklan_meta,1980,P,False,biasa
U04030,2025-08-19,Jakarta,iklan_meta,1995,P,False,setia
U04031,2025-11-11,Yogyakarta,organik,1987,L,False,biasa
U04032,2025-03-22,Jakarta,referral,1981,P,False,setia
U04033,2025-04-19,Jakarta,iklan_meta,1977,L,False,biasa
U04034,2025-05-29,Surabaya,iklan_meta,1978,P,False,biasa
U04035,2025-09-07,Jakarta,iklan_meta,1996,P,False,biasa
U04036,2026-01-22,Bandung,referral,1996,P,False,setia
U04037,2025-09-12,Jakarta,organik,2002,P,True,biasa
U04038,2026-01-20,Surabaya,iklan_meta,1976,P,False,biasa
U04039,2025-09-25,Denpasar,iklan_meta,2006,L,False,biasa
U04040,2026-03-28,Jakarta,organik,1981,P,False,biasa
U04041,2025-01-02,Jakarta,gojek_grab,1986,P,False,setia
U04042,2026-05-06,Jakarta,referral,1978,P,False,setia
U04043,2025-03-26,Jakarta,referral,1989,L,False,setia
U04044,2025-05-19,Surabaya,organik,1990,P,False,setia
U04045,2026-02-18,Yogyakarta,iklan_google,2003,L,False,biasa
U04046,2026-02-06,Jakarta,organik,1981,L,False,biasa
U04047,2025-12-11,Yogyakarta,organik,2001,L,False,biasa
U04048,2025-03-26,Yogyakarta,organik,1994,P,False,biasa
U04049,2025-03-24,Surabaya,iklan_meta,1976,P,False,setia
U04050,2026-01-01,Denpasar,referral,1985,P,False,biasa
U04051,2025-12-29,Jakarta,iklan_google,2002,L,False,biasa
U04052,2025-01-10,Jakarta,iklan_meta,2002,L,False,setia
U04053,2025-07-09,Surabaya,iklan_google,1987,L,False,biasa
U04054,2025-01-20,Jakarta,gojek_grab,1995,L,True,biasa
U04055,2026-03-27,Surabaya,organik,1989,L,False,biasa
U04056,2026-03-28,Denpasar,iklan_meta,2006,L,False,biasa
U04057,2025-03-07,Jakarta,gojek_grab,1985,L,False,biasa
U04058,2026-01-26,Bandung,iklan_meta,2003,L,False,biasa
U04059,2025-02-10,Surabaya,iklan_meta,1995,P,False,biasa
U04060,2025-06-11,Bandung,organik,2003,L,False,biasa
U04061,2026-02-10,Bandung,iklan_meta,1977,L,False,biasa
U04062,2026-02-09,Jakarta,referral,1992,P,False,biasa
U04063,2026-04-30,Jakarta,organik,1986,L,False,setia
U04064,2025-06-18,Jakarta,organik,2004,P,False,biasa
U04065,2025-10-19,Jakarta,gojek_grab,2003,P,False,biasa
U04066,2025-10-29,Jakarta,referral,1981,P,False,biasa
U04067,2025-07-02,Jakarta,organik,1993,P,True,biasa
U04068,2026-02-23,Jakarta,gojek_grab,1988,L,False,biasa
U04069,2025-09-24,Jakarta,organik,1994,L,False,biasa
U04070,2025-04-14,Surabaya,organik,1986,P,True,biasa
U04071,2025-08-12,Surabaya,iklan_google,1995,L,True,biasa
U04072,2025-07-16,Denpasar,gojek_grab,1977,L,False,setia
U04073,2026-04-25,Bandung,iklan_google,1984,P,False,biasa
U04074,2025-07-10,Jakarta,referral,1993,L,False,biasa
U04075,2026-05-10,Denpasar,iklan_meta,1979,P,False,setia
U04076,2025-12-30,Surabaya,iklan_meta,2003,L,False,setia
U04077,2025-09-03,Jakarta,gojek_grab,1997,P,False,biasa
U04078,2025-04-27,Jakarta,organik,1993,L,False,biasa
U04079,2026-05-24,Bandung,gojek_grab,1990,P,False,biasa
U04080,2025-12-01,Surabaya,iklan_meta,1986,L,False,biasa
U04081,2026-04-16,Jakarta,referral,1982,P,True,biasa
U04082,2026-02-12,Jakarta,gojek_grab,1996,P,False,biasa
U04083,2025-09-01,Yogyakarta,iklan_google,1979,P,False,biasa
U04084,2025-05-05,Bandung,organik,1981,P,True,biasa
U04085,2025-09-14,Surabaya,gojek_grab,1982,L,False,biasa
U04086,2025-07-17,Surabaya,iklan_google,2004,L,False,biasa
U04087,2025-07-18,Surabaya,organik,1981,L,False,setia
U04088,2025-01-24,Jakarta,organik,2000,L,False,setia
U04089,2025-10-26,Bandung,gojek_grab,2002,L,True,biasa
U04090,2025-10-18,Yogyakarta,gojek_grab,2000,P,False,biasa
U04091,2025-01-26,Jakarta,organik,1984,L,False,biasa
U04092,2025-09-30,Bandung,referral,1975,P,False,setia
U04093,2025-08-10,Jakarta,organik,1998,P,False,setia
U04094,2026-01-06,Surabaya,gojek_grab,2002,L,False,setia
U04095,2026-05-14,Jakarta,iklan_meta,1982,L,False,setia
U04096,2025-10-20,Surabaya,referral,1998,L,False,biasa
U04097,2026-04-30,Bandung,organik,1994,P,False,biasa
U04098,2026-04-12,Bandung,gojek_grab,2006,P,False,biasa
U04099,2025-03-30,Jakarta,iklan_google,1986,P,False,biasa
U04100,2026-04-02,Jakarta,organik,1976,P,False,biasa
U04101,2025-04-05,Surabaya,iklan_google,1979,P,False,biasa
U04102,2025-03-04,Bandung,gojek_grab,1979,P,False,setia
U04103,2025-04-10,Yogyakarta,iklan_meta,1998,P,False,biasa
U04104,2025-11-15,Surabaya,gojek_grab,1981,L,False,biasa
U04105,2025-01-26,Yogyakarta,iklan_google,1982,P,False,biasa
U04106,2026-01-05,Jakarta,organik,1999,P,False,setia
U04107,2025-12-09,Bandung,iklan_google,1991,P,False,biasa
U04108,2025-09-08,Bandung,referral,2000,P,False,setia
U04109,2025-01-16,Denpasar,iklan_google,1982,L,False,biasa
U04110,2025-05-29,Bandung,gojek_grab,1987,P,False,biasa
U04111,2025-11-02,Jakarta,iklan_meta,1995,P,False,setia
U04112,2025-03-23,Bandung,referral,1976,L,True,biasa
U04113,2025-11-24,Jakarta,gojek_grab,1986,L,False,biasa
U04114,2026-02-11,Jakarta,organik,2000,L,False,biasa
U04115,2026-02-22,Jakarta,organik,1984,L,False,biasa
U04116,2025-01-10,Surabaya,iklan_google,1999,L,False,biasa
U04117,2025-09-17,Yogyakarta,gojek_grab,1983,P,False,biasa
U04118,2025-10-12,Surabaya,organik,1981,P,False,biasa
U04119,2025-06-20,Jakarta,gojek_grab,1996,L,True,biasa
U04120,2026-06-21,Bandung,iklan_google,1991,P,False,biasa
U04121,2025-07-14,Denpasar,referral,2001,L,False,biasa
U04122,2026-01-25,Surabaya,gojek_grab,1995,L,False,setia
U04123,2025-12-24,Bandung,gojek_grab,1975,P,False,biasa
U04124,2025-03-31,Surabaya,organik,1977,P,False,setia
U04125,2025-02-03,Yogyakarta,gojek_grab,1975,P,False,setia
U04126,2026-04-04,Bandung,iklan_google,1976,P,False,biasa
U04127,2025-05-17,Jakarta,gojek_grab,1978,P,False,setia
U04128,2025-12-21,Jakarta,organik,1997,P,False,setia
U04129,2025-08-22,Yogyakarta,gojek_grab,1995,L,False,biasa
U04130,2026-02-27,Bandung,organik,1985,P,False,biasa
U04131,2025-10-04,Jakarta,organik,2006,L,False,biasa
U04132,2025-05-25,Jakarta,gojek_grab,2001,P,False,biasa
U04133,2025-04-17,Denpasar,organik,1985,P,False,biasa
U04134,2026-05-24,Surabaya,iklan_google,2003,P,True,biasa
U04135,2026-01-01,Surabaya,referral,2001,P,True,biasa
U04136,2026-01-02,Jakarta,organik,1983,P,False,biasa
U04137,2025-11-06,Jakarta,organik,1993,P,False,biasa
U04138,2025-05-07,Jakarta,iklan_meta,1990,P,False,biasa
U04139,2025-05-14,Jakarta,iklan_google,1975,L,True,biasa
U04140,2025-07-06,Jakarta,iklan_google,1985,P,False,biasa
U04141,2026-05-20,Surabaya,organik,1987,P,False,setia
U04142,2025-04-06,Jakarta,iklan_meta,1983,P,False,biasa
U04143,2025-09-07,Jakarta,iklan_meta,1981,P,False,setia
U04144,2025-01-06,Jakarta,referral,2001,P,True,biasa
U04145,2025-03-07,Jakarta,gojek_grab,2005,P,False,biasa
U04146,2025-02-10,Yogyakarta,referral,1979,P,False,biasa
U04147,2026-02-10,Bandung,iklan_meta,1997,L,False,biasa
U04148,2025-03-24,Bandung,referral,1991,P,False,setia
U04149,2025-04-17,Jakarta,iklan_meta,1982,L,False,setia
U04150,2026-04-16,Jakarta,gojek_grab,2004,L,False,setia
U04151,2026-01-25,Bandung,iklan_meta,1987,P,False,biasa
U04152,2025-11-25,Surabaya,iklan_meta,1977,L,False,biasa
U04153,2026-05-02,Jakarta,organik,1984,L,False,biasa
U04154,2025-08-28,Jakarta,organik,1992,L,False,setia
U04155,2025-10-30,Jakarta,iklan_google,2003,P,False,biasa
U04156,2025-10-08,Jakarta,iklan_google,1985,P,False,setia
U04157,2026-04-15,Bandung,iklan_meta,1987,P,False,biasa
U04158,2026-05-24,Jakarta,referral,1983,L,False,setia
U04159,2025-06-07,Surabaya,gojek_grab,1982,P,True,biasa
U04160,2025-07-31,Jakarta,iklan_google,2003,P,False,biasa
U04161,2025-12-12,Surabaya,organik,1980,P,False,biasa
U04162,2025-08-05,Yogyakarta,iklan_google,2000,P,True,biasa
U04163,2025-04-03,Bandung,organik,2002,L,False,biasa
U04164,2025-04-06,Jakarta,referral,1992,P,False,biasa
U04165,2025-02-17,Jakarta,organik,1998,L,False,biasa
U04166,2025-03-21,Jakarta,iklan_meta,2006,P,False,setia
U04167,2026-03-02,Jakarta,iklan_meta,2004,P,True,biasa
U04168,2025-01-13,Surabaya,iklan_meta,1977,P,True,biasa
U04169,2026-01-18,Jakarta,referral,1985,P,True,setia
U04170,2025-10-27,Bandung,organik,1978,P,False,biasa
U04171,2026-05-19,Jakarta,iklan_google,2001,L,False,biasa
U04172,2025-11-04,Jakarta,iklan_meta,1993,L,False,biasa
U04173,2026-05-11,Bandung,referral,1976,L,False,biasa
U04174,2025-10-12,Surabaya,iklan_google,1997,L,True,biasa
U04175,2026-04-17,Jakarta,gojek_grab,1993,P,False,biasa
U04176,2026-02-03,Yogyakarta,organik,1984,P,False,biasa
U04177,2025-12-02,Bandung,organik,2003,P,True,setia
U04178,2025-03-21,Jakarta,iklan_google,2000,P,False,biasa
U04179,2025-10-29,Jakarta,organik,1996,P,False,setia
U04180,2025-11-08,Yogyakarta,organik,1994,P,False,biasa
U04181,2025-05-15,Denpasar,gojek_grab,1992,L,False,setia
U04182,2026-05-26,Bandung,organik,1993,P,False,biasa
U04183,2025-04-10,Denpasar,iklan_google,1991,L,False,biasa
U04184,2025-11-24,Surabaya,organik,2003,P,False,setia
U04185,2025-08-31,Jakarta,iklan_google,2003,P,True,biasa
U04186,2026-02-24,Bandung,organik,1981,P,True,biasa
U04187,2025-11-24,Jakarta,referral,1998,P,False,biasa
U04188,2025-10-01,Bandung,referral,1986,L,False,biasa
U04189,2025-08-08,Surabaya,iklan_google,1983,L,True,setia
U04190,2025-03-01,Denpasar,iklan_google,1994,P,False,biasa
U04191,2026-06-11,Yogyakarta,gojek_grab,1989,L,False,setia
U04192,2026-06-16,Jakarta,organik,2006,L,True,biasa
U04193,2026-03-25,Jakarta,iklan_google,2002,L,False,biasa
U04194,2025-07-08,Surabaya,organik,1991,L,False,setia
U04195,2025-12-03,Surabaya,organik,1977,L,True,biasa
U04196,2025-04-04,Jakarta,iklan_google,1975,P,True,biasa
U04197,2025-08-08,Jakarta,organik,1980,P,True,biasa
U04198,2025-11-05,Yogyakarta,organik,1987,L,True,setia
U04199,2025-01-31,Bandung,gojek_grab,1984,L,False,biasa
U04200,2025-03-06,Denpasar,iklan_meta,1980,L,False,biasa
U04201,2026-05-01,Bandung,iklan_meta,1980,L,False,biasa
U04202,2025-07-20,Jakarta,gojek_grab,1982,L,False,biasa
U04203,2026-02-20,Bandung,referral,1975,L,True,biasa
U04204,2025-10-23,Bandung,organik,1992,P,False,setia
U04205,2025-07-02,Jakarta,iklan_google,1992,P,False,biasa
U04206,2025-01-05,Jakarta,iklan_google,1982,P,False,biasa
U04207,2025-03-30,Bandung,gojek_grab,1992,P,False,biasa
U04208,2026-04-24,Jakarta,referral,2002,P,False,biasa
U04209,2026-02-20,Jakarta,iklan_meta,1980,L,False,biasa
U04210,2025-05-11,Bandung,gojek_grab,1991,P,True,biasa
U04211,2025-10-10,Jakarta,iklan_meta,2006,L,False,biasa
U04212,2025-11-06,Bandung,iklan_meta,1994,P,False,biasa
U04213,2026-01-07,Bandung,iklan_meta,1975,L,False,biasa
U04214,2025-12-30,Jakarta,organik,2002,P,False,biasa
U04215,2025-12-11,Surabaya,iklan_meta,1979,P,False,biasa
U04216,2025-08-08,Jakarta,iklan_google,2002,P,False,biasa
U04217,2025-12-14,Denpasar,organik,2003,L,False,setia
U04218,2026-05-06,Bandung,gojek_grab,1985,P,False,biasa
U04219,2025-03-10,Jakarta,organik,1999,P,True,biasa
U04220,2026-02-25,Jakarta,organik,1998,L,False,biasa
U04221,2025-08-16,Jakarta,organik,1998,L,False,biasa
U04222,2025-12-24,Jakarta,gojek_grab,1988,P,False,biasa
U04223,2025-09-16,Surabaya,referral,1982,P,False,setia
U04224,2025-11-14,Jakarta,organik,1988,P,True,biasa
U04225,2025-12-17,Bandung,iklan_meta,2004,P,False,biasa
U04226,2026-03-08,Jakarta,iklan_google,1978,P,False,biasa
U04227,2025-09-08,Jakarta,gojek_grab,2005,P,True,biasa
U04228,2025-02-19,Bandung,organik,2000,P,False,biasa
U04229,2025-01-27,Surabaya,iklan_google,1983,L,False,biasa
U04230,2026-04-20,Bandung,iklan_meta,1975,L,False,biasa
U04231,2026-04-19,Yogyakarta,iklan_meta,1996,L,False,biasa
U04232,2025-06-26,Surabaya,iklan_google,1978,L,False,biasa
U04233,2026-05-17,Surabaya,gojek_grab,1988,P,False,biasa
U04234,2025-01-27,Jakarta,iklan_google,1997,L,True,biasa
U04235,2026-03-31,Jakarta,iklan_meta,1990,L,False,biasa
U04236,2025-07-17,Jakarta,organik,1983,L,False,biasa
U04237,2025-05-22,Jakarta,organik,1983,L,False,biasa
U04238,2025-07-02,Denpasar,iklan_google,1985,P,False,biasa
U04239,2026-03-04,Bandung,iklan_meta,2004,P,False,biasa
U04240,2026-06-24,Jakarta,gojek_grab,1995,P,False,biasa
U04241,2025-04-13,Yogyakarta,iklan_google,1981,L,False,biasa
U04242,2025-06-05,Jakarta,iklan_meta,1998,P,True,biasa
U04243,2025-05-05,Denpasar,referral,1989,P,False,setia
U04244,2025-07-05,Bandung,iklan_meta,1996,P,False,biasa
U04245,2025-05-26,Surabaya,iklan_meta,1993,P,False,setia
U04246,2026-03-26,Jakarta,organik,1991,P,True,biasa
U04247,2026-04-16,Bandung,iklan_meta,1988,P,False,biasa
U04248,2026-03-14,Jakarta,organik,2000,P,False,biasa
U04249,2026-05-09,Jakarta,gojek_grab,1998,L,True,biasa
U04250,2025-09-07,Yogyakarta,iklan_meta,1986,P,False,biasa
U04251,2026-03-08,Yogyakarta,iklan_meta,1983,L,False,biasa
U04252,2026-04-17,Jakarta,iklan_meta,2003,L,True,setia
U04253,2025-08-31,Yogyakarta,organik,1983,P,False,biasa
U04254,2025-01-09,Bandung,iklan_meta,2001,L,True,biasa
U04255,2026-03-26,Bandung,gojek_grab,1994,P,False,setia
U04256,2026-01-27,Surabaya,iklan_google,1992,P,True,biasa
U04257,2026-04-22,Surabaya,iklan_meta,1998,L,False,biasa
U04258,2025-02-12,Bandung,organik,1982,P,False,setia
U04259,2026-06-12,Jakarta,organik,1997,P,True,biasa
U04260,2025-04-03,Jakarta,organik,2005,P,True,setia
U04261,2026-01-05,Jakarta,organik,2001,P,False,setia
U04262,2026-06-04,Jakarta,iklan_meta,1992,P,False,biasa
U04263,2026-05-12,Bandung,referral,1989,P,False,biasa
U04264,2026-06-18,Surabaya,gojek_grab,1998,L,True,biasa
U04265,2026-05-22,Jakarta,iklan_meta,1984,L,False,setia
U04266,2025-12-10,Bandung,iklan_meta,1997,P,False,biasa
U04267,2025-12-31,Surabaya,organik,1988,P,False,biasa
U04268,2025-08-31,Jakarta,gojek_grab,1989,L,False,biasa
U04269,2025-08-15,Denpasar,iklan_meta,2005,P,False,biasa
U04270,2026-04-17,Jakarta,organik,2006,P,False,biasa
U04271,2025-08-08,Bandung,organik,1976,L,False,setia
U04272,2025-08-12,Jakarta,referral,1979,P,False,setia
U04273,2025-05-07,Surabaya,iklan_meta,1986,P,False,biasa
U04274,2025-10-25,Bandung,organik,2005,L,True,setia
U04275,2026-05-21,Denpasar,iklan_google,1983,L,False,biasa
U04276,2025-03-01,Denpasar,organik,2005,P,False,biasa
U04277,2025-12-12,Jakarta,gojek_grab,1975,P,False,biasa
U04278,2025-10-07,Surabaya,organik,1996,L,False,biasa
U04279,2026-01-23,Bandung,iklan_meta,1983,L,False,biasa
U04280,2025-03-14,Surabaya,referral,1996,P,False,setia
U04281,2025-02-14,Bandung,organik,2006,P,True,biasa
U04282,2025-06-22,Denpasar,gojek_grab,1976,L,False,biasa
U04283,2025-10-16,Denpasar,gojek_grab,1982,P,True,setia
U04284,2025-05-14,Surabaya,iklan_meta,1976,P,False,biasa
U04285,2025-11-08,Jakarta,iklan_meta,1986,L,False,biasa
U04286,2026-01-31,Surabaya,organik,1985,P,False,biasa
U04287,2025-01-09,Jakarta,organik,1997,P,False,biasa
U04288,2025-12-17,Bandung,iklan_meta,1995,L,True,biasa
U04289,2025-07-12,Yogyakarta,iklan_meta,1984,P,False,biasa
U04290,2026-03-28,Bandung,organik,1993,L,False,biasa
U04291,2026-05-23,Jakarta,referral,2003,L,False,setia
U04292,2026-04-26,Jakarta,referral,2002,P,False,setia
U04293,2025-03-28,Jakarta,organik,1979,P,False,biasa
U04294,2025-03-01,Jakarta,referral,2003,L,False,biasa
U04295,2026-03-10,Jakarta,organik,1984,L,False,setia
U04296,2026-06-19,Jakarta,organik,1998,P,False,biasa
U04297,2025-05-21,Denpasar,iklan_google,1979,P,False,biasa
U04298,2026-04-05,Jakarta,referral,1983,P,True,biasa
U04299,2025-11-10,Denpasar,iklan_meta,1993,P,False,biasa
U04300,2025-07-10,Bandung,iklan_google,1983,L,False,biasa
U04301,2025-02-02,Surabaya,referral,1983,P,False,setia
U04302,2025-11-05,Jakarta,iklan_google,1983,P,False,biasa
U04303,2025-12-03,Jakarta,gojek_grab,1976,P,True,biasa
U04304,2025-02-09,Jakarta,organik,2006,P,False,setia
U04305,2025-07-22,Bandung,referral,2006,L,True,setia
U04306,2025-04-25,Bandung,iklan_meta,1991,L,True,setia
U04307,2025-03-01,Bandung,iklan_meta,1979,L,True,biasa
U04308,2025-06-20,Yogyakarta,referral,1983,L,False,biasa
U04309,2025-02-22,Jakarta,gojek_grab,1997,P,False,biasa
U04310,2025-10-03,Yogyakarta,organik,1988,L,False,biasa
U04311,2026-03-16,Yogyakarta,organik,1992,L,True,biasa
U04312,2025-02-18,Denpasar,referral,1989,P,False,biasa
U04313,2026-02-10,Jakarta,organik,1976,P,False,setia
U04314,2026-06-19,Jakarta,iklan_meta,1984,L,True,biasa
U04315,2025-04-12,Jakarta,organik,1998,P,False,biasa
U04316,2026-05-04,Jakarta,organik,1986,P,False,biasa
U04317,2026-06-09,Surabaya,organik,1986,L,False,setia
U04318,2025-07-29,Jakarta,organik,1989,P,False,biasa
U04319,2025-02-05,Jakarta,organik,1989,L,False,biasa
U04320,2026-03-21,Yogyakarta,organik,1975,P,False,setia
U04321,2025-01-25,Jakarta,iklan_google,1986,P,False,biasa
U04322,2025-09-30,Bandung,iklan_meta,1994,L,False,biasa
U04323,2025-06-26,Jakarta,organik,1982,P,False,biasa
U04324,2025-05-12,Bandung,gojek_grab,1978,P,False,biasa
U04325,2025-09-07,Yogyakarta,gojek_grab,1983,P,False,biasa
U04326,2025-10-23,Bandung,gojek_grab,2005,L,False,biasa
U04327,2025-03-16,Surabaya,organik,1998,P,False,biasa
U04328,2025-03-14,Jakarta,organik,1997,P,False,biasa
U04329,2026-06-02,Surabaya,iklan_google,1979,P,False,biasa
U04330,2025-12-10,Bandung,referral,1982,P,False,setia
U04331,2026-01-21,Surabaya,iklan_google,2004,P,False,biasa
U04332,2026-03-31,Jakarta,iklan_meta,1976,P,False,biasa
U04333,2025-04-10,Jakarta,gojek_grab,2006,L,False,biasa
U04334,2025-01-23,Surabaya,referral,1976,L,False,biasa
U04335,2025-08-12,Bandung,referral,1978,P,False,biasa
U04336,2025-02-15,Bandung,iklan_meta,1979,P,False,biasa
U04337,2025-04-26,Jakarta,organik,1980,P,False,biasa
U04338,2025-05-19,Jakarta,referral,1995,L,False,biasa
U04339,2025-03-18,Jakarta,organik,2006,P,False,biasa
U04340,2025-03-29,Jakarta,organik,1986,P,False,biasa
U04341,2026-05-24,Surabaya,organik,1983,P,False,biasa
U04342,2025-02-19,Jakarta,organik,2005,P,False,biasa
U04343,2025-05-20,Jakarta,gojek_grab,1997,L,True,biasa
U04344,2026-02-12,Bandung,gojek_grab,1987,L,False,biasa
U04345,2025-04-24,Yogyakarta,organik,1992,L,True,biasa
U04346,2025-05-11,Jakarta,organik,1978,L,False,setia
U04347,2025-06-20,Surabaya,iklan_meta,1999,P,True,biasa
U04348,2026-02-09,Surabaya,organik,1984,P,False,biasa
U04349,2026-04-25,Bandung,organik,1981,P,True,biasa
U04350,2025-06-07,Jakarta,organik,1997,P,False,biasa
U04351,2026-03-21,Denpasar,organik,1999,L,False,setia
U04352,2025-08-29,Bandung,organik,1995,L,False,biasa
U04353,2026-01-27,Jakarta,gojek_grab,1994,P,False,biasa
U04354,2026-02-03,Jakarta,organik,1977,P,False,biasa
U04355,2025-09-11,Jakarta,organik,1979,P,False,biasa
U04356,2026-05-08,Yogyakarta,iklan_meta,1977,L,False,biasa
U04357,2025-01-06,Jakarta,iklan_google,1999,L,False,biasa
U04358,2025-09-06,Surabaya,iklan_meta,1975,L,False,biasa
U04359,2025-05-30,Surabaya,iklan_meta,1990,L,True,biasa
U04360,2025-07-07,Denpasar,organik,1979,P,False,biasa
U04361,2025-07-05,Surabaya,organik,2001,L,False,setia
U04362,2025-12-22,Jakarta,iklan_google,1982,P,False,setia
U04363,2026-02-15,Jakarta,referral,2002,P,False,setia
U04364,2025-05-14,Jakarta,organik,1991,L,True,biasa
U04365,2025-06-12,Surabaya,gojek_grab,1992,L,False,biasa
U04366,2025-05-08,Yogyakarta,gojek_grab,1979,P,True,biasa
U04367,2026-04-30,Bandung,organik,1998,P,True,biasa
U04368,2025-03-22,Surabaya,iklan_meta,1992,P,False,biasa
U04369,2026-05-02,Bandung,gojek_grab,1975,L,False,biasa
U04370,2025-06-03,Jakarta,iklan_meta,2004,P,False,biasa
U04371,2026-02-26,Yogyakarta,referral,1984,L,False,biasa
U04372,2025-10-30,Bandung,organik,1978,L,False,biasa
U04373,2025-01-11,Jakarta,organik,1978,P,False,biasa
U04374,2025-12-08,Jakarta,referral,1996,P,False,setia
U04375,2025-09-18,Bandung,iklan_meta,1980,L,False,biasa
U04376,2026-05-19,Yogyakarta,iklan_meta,1987,P,False,setia
U04377,2025-07-03,Jakarta,organik,1977,P,False,biasa
U04378,2025-06-05,Denpasar,organik,1978,P,False,biasa
U04379,2025-06-27,Bandung,referral,1991,P,False,setia
U04380,2026-02-09,Jakarta,iklan_meta,1978,P,True,biasa
U04381,2025-02-07,Yogyakarta,organik,1993,P,False,biasa
U04382,2025-12-07,Surabaya,gojek_grab,1987,P,False,biasa
U04383,2025-08-01,Yogyakarta,organik,1995,P,False,biasa
U04384,2026-05-27,Surabaya,referral,2006,L,True,setia
U04385,2025-09-16,Jakarta,iklan_meta,1978,P,True,setia
U04386,2026-06-05,Surabaya,gojek_grab,1998,P,True,biasa
U04387,2026-06-01,Yogyakarta,referral,2004,L,False,biasa
U04388,2025-09-12,Surabaya,organik,1997,P,False,biasa
U04389,2025-05-01,Surabaya,gojek_grab,1981,L,False,biasa
U04390,2025-08-07,Jakarta,organik,1982,P,False,setia
U04391,2025-05-31,Bandung,organik,1975,L,False,setia
U04392,2026-03-29,Denpasar,organik,1993,L,False,biasa
U04393,2026-06-16,Bandung,iklan_meta,1982,P,False,biasa
U04394,2025-01-12,Jakarta,iklan_google,1976,L,True,biasa
U04395,2025-07-12,Denpasar,iklan_meta,1988,L,False,biasa
U04396,2026-02-02,Bandung,iklan_meta,1995,P,False,biasa
U04397,2026-04-22,Bandung,organik,1997,L,False,biasa
U04398,2026-03-31,Surabaya,gojek_grab,1993,P,False,biasa
U04399,2025-09-02,Denpasar,iklan_meta,1994,L,False,biasa
U04400,2026-04-26,Bandung,organik,1995,P,False,setia
U04401,2026-01-17,Yogyakarta,iklan_google,1991,P,False,setia
U04402,2025-01-11,Yogyakarta,iklan_google,1993,P,False,setia
U04403,2026-04-06,Denpasar,iklan_meta,1991,L,False,biasa
U04404,2025-11-27,Surabaya,organik,1988,L,False,setia
U04405,2026-06-07,Bandung,iklan_google,1999,L,False,biasa
U04406,2025-08-07,Surabaya,iklan_google,1988,L,False,setia
U04407,2025-05-14,Jakarta,gojek_grab,2004,L,False,biasa
U04408,2025-02-07,Bandung,organik,1979,L,False,setia
U04409,2025-03-06,Surabaya,iklan_meta,1991,L,False,biasa
U04410,2026-03-06,Jakarta,iklan_google,1989,P,False,biasa
U04411,2025-12-21,Jakarta,iklan_google,1992,P,False,biasa
U04412,2025-08-10,Yogyakarta,iklan_meta,1985,L,False,biasa
U04413,2025-12-11,Yogyakarta,gojek_grab,2004,P,False,setia
U04414,2025-11-07,Jakarta,organik,2000,L,False,biasa
U04415,2025-06-15,Surabaya,iklan_meta,1988,P,False,biasa
U04416,2025-07-17,Denpasar,iklan_google,1984,P,True,biasa
U04417,2025-03-12,Surabaya,organik,1975,P,False,biasa
U04418,2025-06-11,Jakarta,gojek_grab,1998,P,False,biasa
U04419,2026-05-20,Bandung,organik,1978,L,False,biasa
U04420,2026-03-10,Jakarta,organik,1990,L,False,biasa
U04421,2025-08-21,Bandung,organik,2004,P,False,biasa
U04422,2026-03-23,Surabaya,referral,1993,P,True,biasa
U04423,2025-06-07,Yogyakarta,gojek_grab,2002,P,False,biasa
U04424,2025-03-21,Yogyakarta,gojek_grab,1990,L,False,biasa
U04425,2025-04-01,Surabaya,referral,1988,L,True,setia
U04426,2025-10-01,Surabaya,iklan_google,2006,L,False,setia
U04427,2026-01-27,Bandung,iklan_meta,1977,L,True,biasa
U04428,2025-03-18,Jakarta,organik,1998,P,False,biasa
U04429,2026-06-14,Denpasar,iklan_meta,1996,P,True,biasa
U04430,2025-03-05,Jakarta,iklan_meta,1979,P,False,biasa
U04431,2025-04-18,Jakarta,organik,1998,P,True,biasa
U04432,2025-03-10,Jakarta,organik,1983,P,False,biasa
U04433,2025-12-30,Bandung,gojek_grab,1997,P,False,setia
U04434,2026-03-02,Jakarta,iklan_meta,1981,P,False,biasa
U04435,2025-05-15,Surabaya,organik,1988,L,False,setia
U04436,2026-02-28,Jakarta,organik,1999,P,False,biasa
U04437,2025-03-24,Yogyakarta,iklan_google,2001,P,False,biasa
U04438,2025-08-30,Denpasar,organik,1999,L,False,biasa
U04439,2025-07-11,Surabaya,iklan_google,1979,L,False,biasa
U04440,2025-04-07,Jakarta,gojek_grab,1979,L,False,biasa
U04441,2026-02-04,Yogyakarta,referral,1982,P,False,biasa
U04442,2025-01-14,Jakarta,referral,1995,P,False,biasa
U04443,2025-01-25,Surabaya,gojek_grab,2006,P,False,biasa
U04444,2025-02-12,Bandung,organik,1983,L,False,biasa
U04445,2025-02-04,Bandung,iklan_meta,2005,P,False,biasa
U04446,2026-05-10,Jakarta,referral,1997,L,False,biasa
U04447,2025-04-24,Denpasar,gojek_grab,1998,P,False,setia
U04448,2025-06-26,Jakarta,iklan_google,1980,P,False,biasa
U04449,2026-01-12,Jakarta,iklan_meta,1987,L,False,biasa
U04450,2025-03-06,Surabaya,iklan_meta,2004,P,False,biasa
U04451,2025-04-21,Denpasar,iklan_google,1976,P,True,biasa
U04452,2026-05-16,Jakarta,gojek_grab,1998,L,False,biasa
U04453,2026-05-22,Denpasar,organik,1990,P,True,biasa
U04454,2026-05-15,Bandung,gojek_grab,1978,P,True,biasa
U04455,2025-05-01,Bandung,organik,1999,L,False,biasa
U04456,2025-08-23,Surabaya,organik,1981,P,False,setia
U04457,2025-11-10,Jakarta,iklan_meta,1978,L,True,biasa
U04458,2025-06-28,Bandung,organik,1991,P,False,biasa
U04459,2025-02-07,Jakarta,iklan_google,2000,P,False,biasa
U04460,2025-05-05,Jakarta,iklan_meta,1990,L,True,biasa
U04461,2025-01-14,Surabaya,organik,1989,P,False,biasa
U04462,2025-11-10,Denpasar,gojek_grab,1983,L,False,biasa
U04463,2026-06-20,Jakarta,iklan_meta,1999,L,False,biasa
U04464,2025-05-07,Jakarta,referral,1994,P,False,biasa
U04465,2025-02-03,Surabaya,organik,1976,L,True,biasa
U04466,2025-05-12,Jakarta,referral,1979,P,True,setia
U04467,2025-11-23,Denpasar,organik,1981,L,False,biasa
U04468,2026-05-17,Jakarta,iklan_google,2001,L,True,setia
U04469,2026-06-06,Jakarta,referral,1993,P,False,biasa
U04470,2025-02-02,Jakarta,iklan_meta,2006,P,False,biasa
U04471,2025-02-24,Surabaya,referral,1999,P,False,biasa
U04472,2025-04-13,Jakarta,iklan_google,1978,L,False,biasa
U04473,2025-06-21,Jakarta,iklan_meta,1977,P,False,biasa
U04474,2025-02-12,Bandung,referral,1998,L,False,biasa
U04475,2025-09-02,Jakarta,iklan_meta,1975,P,False,setia
U04476,2025-01-21,Yogyakarta,iklan_meta,1977,P,False,biasa
U04477,2026-06-21,Yogyakarta,iklan_meta,2002,L,False,biasa
U04478,2025-02-23,Yogyakarta,referral,2001,L,False,biasa
U04479,2025-11-19,Surabaya,referral,1991,L,True,biasa
U04480,2026-05-12,Yogyakarta,iklan_google,2003,L,False,biasa
U04481,2025-10-17,Surabaya,gojek_grab,1995,P,True,biasa
U04482,2026-05-28,Surabaya,iklan_google,1983,P,False,biasa
U04483,2025-07-03,Jakarta,iklan_meta,1987,P,False,biasa
U04484,2026-06-13,Surabaya,referral,2004,L,False,setia
U04485,2025-02-22,Jakarta,iklan_google,1983,P,False,biasa
U04486,2025-07-05,Jakarta,referral,1989,P,False,setia
U04487,2025-11-23,Denpasar,iklan_google,2001,L,False,biasa
U04488,2026-06-11,Denpasar,gojek_grab,1984,P,False,setia
U04489,2026-04-23,Surabaya,gojek_grab,1994,P,False,biasa
U04490,2026-05-13,Jakarta,gojek_grab,1977,P,False,setia
U04491,2025-08-13,Jakarta,referral,2006,L,False,biasa
U04492,2025-06-24,Jakarta,gojek_grab,1976,P,False,biasa
U04493,2026-04-18,Bandung,organik,1982,P,False,biasa
U04494,2025-11-13,Jakarta,referral,2004,L,False,biasa
U04495,2025-01-25,Surabaya,gojek_grab,1998,L,False,biasa
U04496,2025-12-09,Jakarta,iklan_meta,1993,L,False,setia
U04497,2025-12-02,Surabaya,organik,1980,P,False,biasa
U04498,2025-04-06,Denpasar,organik,2004,P,False,biasa
U04499,2025-10-30,Jakarta,iklan_meta,1976,P,True,biasa
U04500,2026-02-20,Jakarta,organik,1984,L,False,setia
U04501,2025-12-03,Yogyakarta,referral,1998,P,False,setia
U04502,2025-11-27,Jakarta,organik,2001,P,False,setia
U04503,2025-02-06,Yogyakarta,organik,1985,L,False,biasa
U04504,2025-06-23,Surabaya,iklan_meta,1978,L,False,biasa
U04505,2025-11-21,Surabaya,iklan_meta,1999,L,False,biasa
U04506,2026-02-03,Bandung,organik,1988,P,False,setia
U04507,2025-11-28,Bandung,iklan_meta,1984,P,False,biasa
U04508,2025-09-02,Bandung,organik,1975,L,False,biasa
U04509,2026-03-19,Jakarta,organik,1983,L,False,biasa
U04510,2025-03-11,Surabaya,organik,1987,P,True,biasa
U04511,2025-06-13,Jakarta,iklan_google,2005,L,False,biasa
U04512,2025-08-16,Bandung,referral,1995,P,False,setia
U04513,2026-06-22,Bandung,organik,1995,L,False,biasa
U04514,2025-03-05,Bandung,referral,2004,L,False,biasa
U04515,2025-11-11,Yogyakarta,iklan_google,2005,L,False,biasa
U04516,2025-08-10,Yogyakarta,iklan_google,1986,L,False,biasa
U04517,2025-04-24,Jakarta,iklan_google,1978,P,False,biasa
U04518,2025-05-16,Bandung,referral,1976,P,False,biasa
U04519,2025-09-11,Denpasar,organik,1977,L,False,setia
U04520,2025-02-08,Denpasar,organik,1987,L,True,biasa
U04521,2025-11-10,Jakarta,iklan_meta,1998,P,False,biasa
U04522,2025-03-19,Jakarta,referral,1988,P,False,biasa
U04523,2026-02-11,Jakarta,organik,1996,P,True,biasa
U04524,2025-02-25,Surabaya,organik,1985,L,False,biasa
U04525,2025-04-06,Bandung,iklan_meta,1980,P,True,setia
U04526,2026-02-07,Surabaya,iklan_meta,2002,L,True,biasa
U04527,2026-01-20,Bandung,gojek_grab,1990,L,False,biasa
U04528,2026-04-16,Jakarta,iklan_meta,2003,P,False,setia
U04529,2025-05-08,Surabaya,referral,1993,P,False,biasa
U04530,2025-05-20,Jakarta,organik,2001,L,True,biasa
U04531,2025-06-07,Yogyakarta,organik,1981,L,True,biasa
U04532,2025-08-12,Denpasar,gojek_grab,1993,L,False,biasa
U04533,2026-06-07,Bandung,referral,1977,P,False,biasa
U04534,2026-05-01,Denpasar,referral,1976,L,True,biasa
U04535,2026-06-11,Bandung,organik,1998,P,False,biasa
U04536,2025-07-03,Jakarta,referral,1999,L,False,biasa
U04537,2026-06-09,Denpasar,iklan_meta,1979,L,False,biasa
U04538,2025-12-03,Jakarta,organik,2004,L,False,biasa
U04539,2026-04-26,Jakarta,iklan_meta,2004,L,False,biasa
U04540,2026-01-25,Surabaya,iklan_google,1992,P,True,biasa
U04541,2026-03-06,Bandung,iklan_meta,1978,P,False,biasa
U04542,2025-11-20,Surabaya,iklan_google,1998,P,False,biasa
U04543,2026-05-23,Bandung,gojek_grab,1984,P,False,setia
U04544,2026-06-18,Bandung,organik,1978,P,True,biasa
U04545,2025-11-23,Jakarta,iklan_meta,2005,L,True,biasa
U04546,2025-02-03,Jakarta,organik,2001,P,False,biasa
U04547,2025-07-04,Jakarta,referral,2006,L,False,biasa
U04548,2025-02-28,Surabaya,iklan_meta,1999,P,False,biasa
U04549,2026-06-06,Jakarta,referral,1994,L,False,setia
U04550,2026-06-17,Bandung,iklan_google,1981,P,False,biasa
U04551,2025-03-03,Jakarta,iklan_google,1991,L,False,setia
U04552,2025-11-02,Yogyakarta,gojek_grab,1981,L,False,biasa
U04553,2025-11-19,Jakarta,referral,1991,L,False,biasa
U04554,2025-07-21,Surabaya,organik,1995,L,False,biasa
U04555,2025-09-07,Surabaya,gojek_grab,1981,L,False,biasa
U04556,2026-05-24,Surabaya,organik,1990,P,False,biasa
U04557,2025-04-06,Jakarta,iklan_meta,1986,L,False,biasa
U04558,2026-05-07,Bandung,organik,1997,P,False,biasa
U04559,2025-08-29,Jakarta,iklan_meta,1979,L,False,setia
U04560,2026-04-22,Jakarta,organik,1992,P,False,biasa
U04561,2026-05-13,Surabaya,iklan_google,1996,P,False,biasa
U04562,2025-01-16,Jakarta,gojek_grab,2000,P,True,biasa
U04563,2025-07-28,Yogyakarta,referral,2000,P,False,setia
U04564,2025-08-09,Surabaya,organik,2001,P,True,biasa
U04565,2025-06-04,Jakarta,iklan_google,1992,L,False,biasa
U04566,2026-03-26,Jakarta,iklan_meta,1981,P,False,biasa
U04567,2025-05-03,Jakarta,organik,2003,P,False,setia
U04568,2025-08-16,Surabaya,referral,1997,P,False,biasa
U04569,2026-01-15,Yogyakarta,gojek_grab,1999,P,False,biasa
U04570,2026-01-09,Denpasar,organik,1984,L,True,biasa
U04571,2025-01-29,Jakarta,referral,2005,P,False,biasa
U04572,2026-03-21,Jakarta,iklan_meta,1996,P,False,biasa
U04573,2026-06-12,Jakarta,iklan_meta,2001,L,False,setia
U04574,2026-01-01,Yogyakarta,gojek_grab,1983,L,False,setia
U04575,2025-10-30,Jakarta,iklan_meta,2000,L,False,biasa
U04576,2025-06-01,Denpasar,iklan_meta,1991,P,False,biasa
U04577,2025-01-27,Jakarta,iklan_google,2005,L,False,biasa
U04578,2026-01-23,Surabaya,referral,2006,P,True,biasa
U04579,2025-05-11,Denpasar,iklan_meta,2005,P,False,biasa
U04580,2026-05-24,Denpasar,referral,1999,P,False,setia
U04581,2025-09-25,Yogyakarta,organik,1999,L,False,biasa
U04582,2025-08-19,Jakarta,gojek_grab,1999,L,False,biasa
U04583,2025-04-21,Jakarta,iklan_meta,1978,L,False,biasa
U04584,2025-06-17,Jakarta,organik,1977,L,True,biasa
U04585,2026-06-11,Jakarta,gojek_grab,1982,L,False,biasa
U04586,2025-12-13,Denpasar,referral,1990,P,False,biasa
U04587,2025-10-15,Surabaya,iklan_google,1988,P,False,biasa
U04588,2025-05-12,Yogyakarta,iklan_google,1987,P,True,biasa
U04589,2025-07-24,Jakarta,referral,2005,L,False,biasa
U04590,2025-07-01,Surabaya,organik,2000,P,False,biasa
U04591,2026-03-07,Jakarta,gojek_grab,1986,P,True,biasa
U04592,2025-07-21,Jakarta,organik,2000,P,True,setia
U04593,2025-09-15,Jakarta,organik,1988,P,False,biasa
U04594,2026-03-29,Jakarta,organik,1975,L,False,biasa
U04595,2025-05-14,Yogyakarta,gojek_grab,2004,L,True,biasa
U04596,2026-02-07,Jakarta,organik,1987,L,True,biasa
U04597,2025-05-07,Jakarta,organik,1977,P,True,biasa
U04598,2026-04-08,Jakarta,iklan_meta,1993,P,False,setia
U04599,2025-07-03,Surabaya,iklan_meta,2002,P,True,biasa
U04600,2025-01-02,Yogyakarta,referral,1994,L,False,biasa
U04601,2025-09-01,Jakarta,iklan_google,2001,L,False,biasa
U04602,2025-04-09,Denpasar,referral,1986,P,False,biasa
U04603,2025-09-09,Yogyakarta,gojek_grab,1984,P,False,biasa
U04604,2026-05-09,Denpasar,organik,1978,P,False,biasa
U04605,2025-08-01,Jakarta,gojek_grab,2006,L,False,biasa
U04606,2025-11-19,Jakarta,iklan_meta,1995,P,False,biasa
U04607,2025-07-27,Bandung,iklan_google,1997,L,True,setia
U04608,2026-05-27,Denpasar,organik,2002,L,True,biasa
U04609,2025-09-11,Bandung,iklan_meta,2002,L,False,biasa
U04610,2025-07-29,Yogyakarta,gojek_grab,1988,L,False,biasa
U04611,2025-05-23,Yogyakarta,iklan_meta,2003,L,False,biasa
U04612,2025-04-20,Bandung,iklan_meta,1985,L,False,setia
U04613,2025-09-16,Denpasar,gojek_grab,2006,L,True,biasa
U04614,2025-12-14,Surabaya,gojek_grab,1976,L,False,biasa
U04615,2026-04-05,Denpasar,organik,2004,L,False,biasa
U04616,2025-04-22,Jakarta,iklan_meta,1988,P,False,biasa
U04617,2025-04-26,Denpasar,organik,1982,P,True,biasa
U04618,2025-06-02,Bandung,organik,1975,P,False,setia
U04619,2025-09-25,Bandung,organik,2006,P,True,setia
U04620,2025-08-11,Denpasar,referral,2003,L,False,setia
U04621,2025-03-23,Yogyakarta,referral,1977,L,False,biasa
U04622,2026-02-13,Yogyakarta,organik,2004,P,False,setia
U04623,2025-11-03,Jakarta,organik,1995,P,False,biasa
U04624,2025-10-21,Denpasar,iklan_meta,1979,P,False,biasa
U04625,2025-01-29,Bandung,iklan_meta,2003,P,False,setia
U04626,2025-11-02,Bandung,iklan_meta,2000,P,False,biasa
U04627,2025-11-14,Jakarta,organik,1985,P,False,biasa
U04628,2025-09-20,Jakarta,gojek_grab,1978,L,False,biasa
U04629,2025-05-31,Surabaya,organik,1983,L,False,biasa
U04630,2026-05-28,Yogyakarta,organik,1984,P,False,biasa
U04631,2025-12-27,Surabaya,referral,1993,L,False,biasa
U04632,2026-06-23,Bandung,organik,1992,P,False,biasa
U04633,2025-12-30,Yogyakarta,organik,1979,P,False,setia
U04634,2025-09-28,Jakarta,organik,1992,L,True,biasa
U04635,2025-04-24,Jakarta,iklan_google,1976,P,False,biasa
U04636,2025-10-19,Bandung,organik,1983,P,True,biasa
U04637,2025-11-18,Bandung,iklan_meta,1985,L,False,setia
U04638,2025-01-05,Jakarta,iklan_meta,1995,P,False,biasa
U04639,2025-09-18,Yogyakarta,iklan_meta,1975,P,False,biasa
U04640,2026-02-17,Bandung,organik,1995,P,False,biasa
U04641,2025-04-16,Yogyakarta,iklan_meta,1985,L,False,biasa
U04642,2026-01-14,Jakarta,referral,1989,L,False,biasa
U04643,2026-05-21,Denpasar,gojek_grab,1994,P,True,setia
U04644,2025-02-11,Surabaya,organik,1976,P,False,biasa
U04645,2026-05-03,Yogyakarta,iklan_google,1991,P,False,biasa
U04646,2025-03-12,Surabaya,iklan_google,1999,L,True,biasa
U04647,2025-07-26,Denpasar,gojek_grab,1990,L,True,biasa
U04648,2025-01-31,Bandung,iklan_google,1999,L,False,biasa
U04649,2026-03-20,Surabaya,iklan_google,1978,P,False,biasa
U04650,2025-08-21,Jakarta,iklan_meta,1995,L,False,setia
U04651,2025-09-25,Bandung,iklan_meta,1976,P,False,biasa
U04652,2025-11-03,Bandung,referral,1986,L,False,biasa
U04653,2025-11-04,Jakarta,organik,1975,P,False,biasa
U04654,2025-02-12,Surabaya,gojek_grab,1997,P,False,biasa
U04655,2025-03-18,Jakarta,iklan_meta,2003,P,True,biasa
U04656,2026-05-29,Jakarta,iklan_meta,1985,P,False,biasa
U04657,2025-11-08,Jakarta,gojek_grab,1988,P,False,setia
U04658,2025-01-29,Bandung,referral,1987,P,True,setia
U04659,2025-03-31,Jakarta,organik,1997,L,True,biasa
U04660,2025-03-26,Jakarta,iklan_meta,1988,P,False,biasa
U04661,2025-04-20,Surabaya,organik,2005,P,False,biasa
U04662,2026-03-03,Denpasar,gojek_grab,2000,L,False,biasa
U04663,2025-03-22,Jakarta,iklan_meta,1994,P,False,biasa
U04664,2025-12-20,Jakarta,gojek_grab,1977,P,False,biasa
U04665,2026-01-05,Yogyakarta,iklan_google,1979,P,False,biasa
U04666,2026-04-04,Surabaya,iklan_meta,1981,P,True,biasa
U04667,2026-01-06,Jakarta,referral,1981,P,False,biasa
U04668,2026-05-06,Bandung,organik,1992,P,False,setia
U04669,2025-04-07,Jakarta,gojek_grab,2002,L,True,biasa
U04670,2026-06-16,Surabaya,iklan_meta,1979,L,False,biasa
U04671,2025-08-29,Denpasar,iklan_meta,1981,L,False,biasa
U04672,2025-11-25,Jakarta,referral,1976,P,False,biasa
U04673,2025-07-28,Surabaya,iklan_meta,2006,L,False,biasa
U04674,2025-11-07,Denpasar,referral,1980,P,False,setia
U04675,2025-11-15,Surabaya,gojek_grab,1988,P,False,biasa
U04676,2025-01-09,Surabaya,iklan_meta,2004,L,False,biasa
U04677,2025-03-27,Jakarta,organik,1993,P,False,biasa
U04678,2025-09-13,Bandung,organik,1976,L,True,biasa
U04679,2026-05-05,Jakarta,referral,1993,P,False,biasa
U04680,2025-06-01,Surabaya,iklan_google,1996,L,False,biasa
U04681,2025-03-20,Jakarta,organik,2003,L,False,biasa
U04682,2025-02-03,Yogyakarta,iklan_meta,2002,P,False,biasa
U04683,2026-06-10,Jakarta,iklan_meta,1989,P,False,biasa
U04684,2025-12-01,Surabaya,iklan_meta,1980,L,False,biasa
U04685,2026-01-21,Surabaya,iklan_meta,1986,P,False,biasa
U04686,2025-01-25,Surabaya,gojek_grab,1990,P,False,setia
U04687,2025-09-10,Surabaya,organik,1979,L,False,biasa
U04688,2025-12-07,Jakarta,iklan_meta,1987,L,False,biasa
U04689,2026-06-10,Jakarta,organik,1985,L,False,biasa
U04690,2026-06-05,Bandung,iklan_meta,1984,L,False,biasa
U04691,2026-05-14,Surabaya,gojek_grab,1986,L,False,biasa
U04692,2025-08-14,Surabaya,iklan_meta,1991,L,True,biasa
U04693,2025-08-21,Surabaya,organik,2003,P,True,biasa
U04694,2025-12-21,Jakarta,iklan_google,1983,P,True,biasa
U04695,2026-06-22,Bandung,organik,1989,P,True,biasa
U04696,2025-01-06,Jakarta,organik,2003,L,False,setia
U04697,2025-08-07,Jakarta,organik,1976,L,False,biasa
U04698,2025-07-12,Jakarta,organik,1983,P,True,setia
U04699,2026-05-11,Bandung,organik,1991,P,False,biasa
U04700,2025-03-01,Denpasar,gojek_grab,2005,L,False,biasa
U04701,2025-05-03,Jakarta,iklan_meta,2000,L,False,biasa
U04702,2025-05-18,Denpasar,referral,2006,L,True,biasa
U04703,2025-03-05,Bandung,iklan_meta,1976,P,False,biasa
U04704,2025-01-14,Jakarta,iklan_meta,1989,L,False,biasa
U04705,2025-09-10,Bandung,iklan_google,1997,P,False,biasa
U04706,2025-09-23,Bandung,iklan_meta,1984,L,False,biasa
U04707,2025-01-11,Jakarta,organik,1989,P,False,biasa
U04708,2026-02-24,Bandung,iklan_google,1995,P,False,biasa
U04709,2025-06-13,Bandung,organik,1986,P,False,biasa
U04710,2026-01-31,Denpasar,iklan_meta,1975,P,False,biasa
U04711,2026-05-01,Yogyakarta,gojek_grab,1980,L,False,setia
U04712,2026-06-16,Jakarta,iklan_meta,2002,P,False,biasa
U04713,2026-01-15,Denpasar,gojek_grab,1981,L,False,setia
U04714,2026-05-02,Surabaya,organik,2005,P,False,setia
U04715,2025-09-13,Surabaya,referral,1980,L,False,biasa
U04716,2026-01-17,Bandung,iklan_meta,1996,P,False,biasa
U04717,2026-03-11,Surabaya,gojek_grab,2003,L,False,biasa
U04718,2026-02-15,Jakarta,gojek_grab,1993,L,False,biasa
U04719,2025-10-18,Bandung,organik,1988,P,False,biasa
U04720,2025-11-11,Bandung,organik,1989,P,False,biasa
U04721,2026-02-10,Bandung,iklan_google,2006,P,False,biasa
U04722,2025-01-10,Jakarta,organik,1997,P,False,biasa
U04723,2026-06-24,Jakarta,iklan_meta,1986,P,False,biasa
U04724,2026-02-18,Surabaya,iklan_google,2001,L,False,biasa
U04725,2026-05-24,Yogyakarta,iklan_meta,1984,L,True,biasa
U04726,2025-11-28,Jakarta,iklan_meta,1981,P,False,setia
U04727,2025-12-02,Yogyakarta,iklan_meta,1991,P,False,biasa
U04728,2026-05-19,Jakarta,iklan_meta,1993,P,False,biasa
U04729,2025-08-25,Jakarta,gojek_grab,1998,P,False,biasa
U04730,2025-04-11,Jakarta,gojek_grab,1979,L,False,biasa
U04731,2025-09-04,Bandung,iklan_meta,1975,P,False,setia
U04732,2026-05-19,Jakarta,iklan_google,2001,P,False,biasa
U04733,2025-05-12,Jakarta,iklan_google,2004,L,False,biasa
U04734,2025-03-29,Jakarta,iklan_meta,2006,P,False,biasa
U04735,2025-11-04,Denpasar,iklan_meta,2004,P,False,biasa
U04736,2025-02-04,Jakarta,organik,1995,L,False,biasa
U04737,2025-11-30,Jakarta,iklan_meta,1987,P,False,biasa
U04738,2025-12-08,Bandung,iklan_google,2003,P,False,biasa
U04739,2025-07-12,Jakarta,organik,1993,L,False,biasa
U04740,2025-06-25,Bandung,iklan_meta,1990,L,True,biasa
U04741,2025-04-17,Surabaya,organik,1989,P,True,biasa
U04742,2025-10-15,Jakarta,iklan_google,2002,P,False,biasa
U04743,2025-01-09,Jakarta,iklan_google,1976,L,False,biasa
U04744,2025-07-23,Bandung,iklan_meta,1986,P,False,biasa
U04745,2025-02-22,Yogyakarta,gojek_grab,2001,L,False,setia
U04746,2025-04-08,Jakarta,iklan_meta,1986,P,False,biasa
U04747,2025-05-13,Jakarta,referral,1988,P,False,biasa
U04748,2026-04-08,Jakarta,organik,1994,P,False,biasa
U04749,2025-08-27,Surabaya,referral,1995,P,False,setia
U04750,2026-03-10,Jakarta,referral,1997,P,False,biasa
U04751,2026-03-30,Jakarta,organik,1977,P,True,biasa
U04752,2025-06-04,Jakarta,gojek_grab,2003,P,False,biasa
U04753,2025-03-19,Jakarta,gojek_grab,1987,L,False,biasa
U04754,2025-06-30,Jakarta,gojek_grab,1980,P,True,biasa
U04755,2025-12-22,Jakarta,iklan_meta,1991,L,False,setia
U04756,2026-02-18,Yogyakarta,organik,2001,L,False,biasa
U04757,2026-03-10,Denpasar,iklan_meta,1999,L,True,biasa
U04758,2025-09-04,Bandung,iklan_google,1979,P,False,biasa
U04759,2025-08-14,Denpasar,organik,1985,L,False,biasa
U04760,2026-01-14,Bandung,organik,2003,L,False,biasa
U04761,2026-01-20,Surabaya,organik,1996,L,True,biasa
U04762,2026-05-11,Jakarta,iklan_meta,1978,L,False,setia
U04763,2026-01-27,Bandung,organik,1999,L,True,biasa
U04764,2026-03-28,Yogyakarta,organik,1978,P,False,biasa
U04765,2025-09-20,Jakarta,organik,1977,P,False,biasa
U04766,2025-11-19,Bandung,iklan_meta,1999,P,True,biasa
U04767,2025-05-01,Jakarta,organik,1982,P,False,setia
U04768,2026-03-02,Denpasar,gojek_grab,1998,P,False,biasa
U04769,2025-12-21,Jakarta,gojek_grab,2004,P,False,biasa
U04770,2025-04-11,Yogyakarta,iklan_google,2005,P,True,setia
U04771,2025-08-18,Yogyakarta,organik,1991,P,False,biasa
U04772,2026-04-01,Jakarta,iklan_google,1977,L,False,biasa
U04773,2026-01-14,Jakarta,referral,1991,L,False,biasa
U04774,2025-05-15,Denpasar,iklan_google,1985,L,True,biasa
U04775,2026-03-25,Jakarta,referral,1988,L,False,setia
U04776,2025-08-17,Bandung,iklan_meta,1986,L,False,setia
U04777,2025-12-15,Surabaya,iklan_google,1993,L,False,biasa
U04778,2025-11-25,Denpasar,iklan_meta,1976,P,False,biasa
U04779,2025-04-07,Jakarta,iklan_meta,1996,P,False,setia
U04780,2025-06-25,Yogyakarta,iklan_google,1991,P,False,biasa
U04781,2026-05-08,Denpasar,organik,1988,P,True,biasa
U04782,2026-03-23,Bandung,gojek_grab,1996,L,False,biasa
U04783,2025-02-23,Bandung,referral,1994,P,False,biasa
U04784,2025-11-17,Bandung,iklan_meta,2001,L,False,setia
U04785,2026-02-12,Bandung,iklan_meta,1996,P,False,setia
U04786,2026-05-28,Surabaya,organik,1993,P,False,biasa
U04787,2025-10-11,Jakarta,gojek_grab,1983,P,False,biasa
U04788,2025-05-31,Jakarta,iklan_meta,1999,P,False,biasa
U04789,2026-04-01,Bandung,organik,1976,L,True,setia
U04790,2026-01-14,Denpasar,iklan_google,1991,P,False,biasa
U04791,2026-05-15,Yogyakarta,iklan_meta,1995,L,False,biasa
U04792,2025-03-25,Bandung,organik,1977,L,False,biasa
U04793,2025-09-02,Jakarta,iklan_meta,1983,L,False,biasa
U04794,2025-04-03,Jakarta,gojek_grab,1983,L,False,biasa
U04795,2025-02-06,Jakarta,iklan_google,1977,P,False,biasa
U04796,2025-10-06,Jakarta,gojek_grab,1977,P,False,biasa
U04797,2026-01-06,Yogyakarta,iklan_meta,1999,L,False,biasa
U04798,2026-05-02,Denpasar,iklan_google,1982,L,False,biasa
U04799,2025-09-09,Surabaya,iklan_meta,1993,P,False,biasa
U04800,2025-09-13,Yogyakarta,referral,1977,P,True,setia
U04801,2025-10-25,Jakarta,iklan_meta,1977,P,False,biasa
U04802,2025-10-29,Jakarta,gojek_grab,2000,L,True,biasa
U04803,2025-06-17,Yogyakarta,referral,2001,P,True,biasa
U04804,2026-05-29,Yogyakarta,iklan_meta,1996,P,False,biasa
U04805,2026-03-22,Denpasar,organik,1991,P,False,setia
U04806,2025-04-20,Surabaya,iklan_meta,1979,P,False,biasa
U04807,2026-06-06,Jakarta,iklan_meta,1986,L,True,biasa
U04808,2026-03-31,Jakarta,iklan_google,1980,P,False,setia
U04809,2025-12-16,Bandung,organik,1982,L,True,biasa
U04810,2026-02-17,Jakarta,gojek_grab,2002,P,False,setia
U04811,2026-01-20,Bandung,iklan_meta,1995,P,False,biasa
U04812,2025-12-26,Surabaya,referral,2003,L,True,setia
U04813,2025-10-23,Jakarta,organik,1995,P,False,biasa
U04814,2025-07-24,Surabaya,organik,1995,P,False,setia
U04815,2025-02-11,Jakarta,iklan_meta,1986,P,False,biasa
U04816,2026-04-13,Denpasar,organik,1998,L,False,biasa
U04817,2025-08-08,Denpasar,gojek_grab,2002,P,False,biasa
U04818,2026-06-08,Yogyakarta,iklan_google,2003,P,False,biasa
U04819,2026-05-20,Yogyakarta,gojek_grab,1977,L,False,biasa
U04820,2025-07-28,Yogyakarta,referral,1993,L,False,setia
U04821,2026-03-12,Jakarta,iklan_meta,2003,P,False,biasa
U04822,2025-08-14,Surabaya,iklan_meta,1975,P,False,biasa
U04823,2025-09-14,Yogyakarta,iklan_meta,1985,P,False,biasa
U04824,2026-02-02,Yogyakarta,gojek_grab,1987,L,False,biasa
U04825,2026-05-18,Jakarta,iklan_google,1975,P,True,biasa
U04826,2025-10-11,Surabaya,referral,1992,P,False,biasa
U04827,2026-04-04,Jakarta,iklan_meta,1989,P,False,biasa
U04828,2025-04-22,Surabaya,iklan_google,2001,P,False,biasa
U04829,2025-07-05,Bandung,organik,1999,P,False,biasa
U04830,2026-04-26,Jakarta,iklan_meta,1991,L,False,setia
U04831,2026-05-26,Jakarta,organik,2002,P,False,biasa
U04832,2025-12-31,Bandung,iklan_meta,2001,P,False,setia
U04833,2025-05-18,Jakarta,iklan_meta,1976,L,False,biasa
U04834,2025-08-27,Yogyakarta,iklan_meta,2006,L,True,setia
U04835,2025-10-15,Jakarta,organik,2006,P,False,biasa
U04836,2025-08-11,Denpasar,iklan_google,1979,P,True,setia
U04837,2025-10-26,Bandung,iklan_google,1989,P,False,biasa
U04838,2025-12-07,Surabaya,referral,1983,P,False,biasa
U04839,2025-04-02,Jakarta,iklan_google,1978,L,False,setia
U04840,2025-06-16,Jakarta,referral,1985,P,False,setia
U04841,2026-02-16,Jakarta,gojek_grab,1998,P,False,biasa
U04842,2025-12-01,Jakarta,organik,1997,L,False,biasa
U04843,2025-02-26,Yogyakarta,referral,1976,L,False,biasa
U04844,2025-03-05,Bandung,iklan_meta,2000,L,False,biasa
U04845,2025-10-14,Bandung,iklan_google,2001,L,False,biasa
U04846,2025-07-31,Surabaya,iklan_meta,1996,P,False,biasa
U04847,2025-06-29,Bandung,organik,2005,P,False,setia
U04848,2026-03-13,Jakarta,iklan_meta,1975,P,False,biasa
U04849,2026-01-04,Yogyakarta,iklan_meta,1978,P,False,biasa
U04850,2025-03-16,Bandung,organik,1976,P,False,biasa
U04851,2025-01-16,Surabaya,organik,2004,P,True,biasa
U04852,2026-01-14,Surabaya,organik,1999,P,False,biasa
U04853,2026-03-11,Jakarta,gojek_grab,2005,P,False,biasa
U04854,2026-01-21,Jakarta,organik,1994,L,False,biasa
U04855,2026-02-04,Jakarta,iklan_meta,1994,L,False,biasa
U04856,2026-02-05,Jakarta,iklan_meta,1999,L,False,biasa
U04857,2025-09-28,Yogyakarta,iklan_meta,1979,P,True,setia
U04858,2025-01-18,Denpasar,iklan_meta,1985,P,True,biasa
U04859,2025-07-05,Bandung,iklan_meta,2000,P,True,setia
U04860,2026-03-23,Surabaya,organik,1992,P,False,biasa
U04861,2025-09-03,Jakarta,organik,1982,L,False,biasa
U04862,2025-05-21,Jakarta,iklan_google,1995,P,False,biasa
U04863,2025-12-15,Bandung,organik,1986,P,False,setia
U04864,2025-04-04,Jakarta,iklan_google,1981,L,False,biasa
U04865,2025-03-23,Jakarta,organik,1983,L,False,biasa
U04866,2025-02-26,Jakarta,iklan_meta,2002,L,False,setia
U04867,2026-04-18,Yogyakarta,organik,1983,L,False,biasa
U04868,2025-11-19,Jakarta,gojek_grab,1983,L,False,biasa
U04869,2025-05-03,Bandung,referral,1985,P,False,setia
U04870,2026-01-23,Surabaya,organik,1991,P,False,biasa
U04871,2025-02-10,Surabaya,iklan_google,2005,L,False,biasa
U04872,2025-12-11,Jakarta,organik,2001,P,False,biasa
U04873,2025-09-18,Jakarta,iklan_meta,1998,L,False,biasa
U04874,2026-05-14,Surabaya,organik,1983,P,False,biasa
U04875,2025-10-15,Surabaya,iklan_meta,1988,L,False,biasa
U04876,2025-07-28,Jakarta,organik,1980,L,False,setia
U04877,2025-11-27,Surabaya,organik,1977,P,True,setia
U04878,2025-02-25,Jakarta,iklan_google,1987,P,True,biasa
U04879,2025-10-12,Bandung,iklan_meta,1977,P,False,biasa
U04880,2025-06-07,Denpasar,iklan_google,1977,L,False,biasa
U04881,2025-05-18,Yogyakarta,gojek_grab,1978,P,False,biasa
U04882,2025-04-17,Bandung,organik,1993,L,True,setia
U04883,2025-09-07,Bandung,organik,2000,L,False,biasa
U04884,2026-01-25,Jakarta,iklan_meta,1976,P,False,biasa
U04885,2025-04-18,Jakarta,iklan_meta,2004,P,False,biasa
U04886,2026-02-22,Jakarta,iklan_meta,1995,P,False,biasa
U04887,2025-11-23,Jakarta,organik,2003,P,False,biasa
U04888,2025-09-17,Yogyakarta,referral,1995,L,False,biasa
U04889,2026-04-24,Yogyakarta,organik,1980,P,False,biasa
U04890,2025-05-22,Jakarta,iklan_meta,1975,P,False,biasa
U04891,2025-02-08,Bandung,organik,2003,L,False,biasa
U04892,2025-09-04,Denpasar,iklan_google,2002,P,False,biasa
U04893,2025-02-09,Jakarta,referral,1998,L,False,biasa
U04894,2025-12-28,Denpasar,iklan_google,1988,L,True,setia
U04895,2025-03-26,Bandung,organik,1989,P,False,biasa
U04896,2025-04-02,Jakarta,organik,1983,L,True,biasa
U04897,2026-05-17,Bandung,organik,1997,P,True,setia
U04898,2025-10-10,Denpasar,organik,1997,L,True,setia
U04899,2025-11-13,Jakarta,organik,1996,P,False,biasa
U04900,2025-05-08,Jakarta,referral,1985,P,True,biasa
U04901,2025-11-13,Jakarta,iklan_meta,1993,L,False,biasa
U04902,2026-02-18,Jakarta,organik,1982,P,False,biasa
U04903,2025-11-06,Jakarta,organik,1992,P,True,setia
U04904,2025-10-11,Bandung,iklan_meta,1980,P,False,biasa
U04905,2025-06-25,Denpasar,gojek_grab,1993,L,False,biasa
U04906,2025-09-20,Jakarta,gojek_grab,1976,P,False,biasa
U04907,2025-03-31,Bandung,organik,1988,L,False,biasa
U04908,2025-10-06,Yogyakarta,iklan_google,1995,P,False,biasa
U04909,2025-07-17,Jakarta,referral,1995,P,False,biasa
U04910,2025-07-05,Jakarta,referral,1997,P,True,setia
U04911,2025-07-30,Denpasar,organik,2005,L,False,biasa
U04912,2026-04-07,Denpasar,gojek_grab,1993,P,False,biasa
U04913,2026-03-19,Jakarta,organik,1986,L,False,setia
U04914,2025-01-12,Jakarta,gojek_grab,2001,P,False,setia
U04915,2025-11-30,Surabaya,iklan_meta,1977,L,False,biasa
U04916,2025-05-25,Jakarta,iklan_meta,2003,P,False,biasa
U04917,2025-05-16,Surabaya,referral,1995,P,False,biasa
U04918,2025-06-18,Jakarta,iklan_google,2002,P,False,biasa
U04919,2025-07-14,Jakarta,gojek_grab,1999,P,False,biasa
U04920,2025-04-09,Denpasar,gojek_grab,2006,P,False,biasa
U04921,2025-12-31,Jakarta,organik,1998,P,False,biasa
U04922,2026-01-06,Surabaya,organik,1988,P,False,biasa
U04923,2026-05-12,Jakarta,referral,1982,P,False,setia
U04924,2025-01-14,Yogyakarta,organik,2001,P,False,setia
U04925,2025-02-21,Surabaya,iklan_meta,1980,L,True,biasa
U04926,2025-11-26,Jakarta,referral,1995,L,True,biasa
U04927,2025-09-02,Yogyakarta,gojek_grab,1994,P,False,biasa
U04928,2026-02-05,Jakarta,organik,1981,P,False,biasa
U04929,2025-09-29,Jakarta,referral,2006,P,False,setia
U04930,2025-05-30,Surabaya,iklan_google,1977,P,False,biasa
U04931,2025-01-29,Bandung,referral,2005,P,False,biasa
U04932,2025-05-29,Jakarta,organik,1982,P,True,biasa
U04933,2025-01-10,Surabaya,organik,1987,L,False,biasa
U04934,2025-09-04,Jakarta,referral,1991,P,False,setia
U04935,2025-06-18,Jakarta,iklan_meta,2004,P,False,biasa
U04936,2025-07-02,Jakarta,organik,1995,P,False,biasa
U04937,2026-03-25,Bandung,referral,1975,L,False,setia
U04938,2025-05-26,Jakarta,gojek_grab,1999,P,False,biasa
U04939,2026-04-20,Surabaya,referral,1986,L,False,setia
U04940,2025-12-16,Bandung,organik,2005,P,False,biasa
U04941,2025-12-20,Jakarta,iklan_google,1990,L,True,biasa
U04942,2025-05-29,Yogyakarta,referral,2000,L,False,setia
U04943,2026-04-24,Jakarta,organik,1976,L,False,biasa
U04944,2026-01-11,Jakarta,gojek_grab,1975,L,False,biasa
U04945,2026-02-28,Yogyakarta,organik,1995,L,False,biasa
U04946,2025-07-18,Yogyakarta,iklan_google,2003,L,False,setia
U04947,2025-03-10,Jakarta,iklan_meta,1985,P,True,biasa
U04948,2026-04-01,Jakarta,gojek_grab,1975,P,False,biasa
U04949,2025-03-09,Jakarta,iklan_meta,1993,L,False,biasa
U04950,2026-05-27,Yogyakarta,referral,1979,L,True,setia
U04951,2026-03-24,Jakarta,organik,1977,P,False,biasa
U04952,2026-02-03,Jakarta,iklan_google,1985,P,False,biasa
U04953,2025-08-30,Bandung,iklan_meta,1999,P,False,biasa
U04954,2025-07-09,Bandung,iklan_google,1987,P,False,biasa
U04955,2025-10-13,Jakarta,iklan_meta,1988,L,False,setia
U04956,2025-11-22,Jakarta,iklan_meta,1987,L,False,setia
U04957,2025-05-02,Jakarta,iklan_meta,1997,P,False,biasa
U04958,2026-02-25,Jakarta,iklan_meta,1985,P,False,biasa
U04959,2026-02-13,Bandung,referral,2003,L,False,biasa
U04960,2025-07-15,Bandung,referral,2001,L,False,biasa
U04961,2026-03-28,Jakarta,organik,1975,L,False,biasa
U04962,2025-10-22,Surabaya,gojek_grab,1989,L,True,biasa
U04963,2025-05-05,Jakarta,gojek_grab,2004,L,False,biasa
U04964,2025-03-09,Surabaya,iklan_google,1977,P,True,biasa
U04965,2025-08-31,Jakarta,gojek_grab,2003,L,False,biasa
U04966,2025-09-20,Yogyakarta,organik,1989,L,False,biasa
U04967,2026-03-17,Bandung,gojek_grab,1987,L,False,biasa
U04968,2025-08-11,Yogyakarta,iklan_meta,2001,L,False,biasa
U04969,2025-10-11,Bandung,organik,1981,P,False,biasa
U04970,2025-05-30,Bandung,iklan_meta,1979,P,False,biasa
U04971,2026-04-14,Bandung,referral,1998,L,False,setia
U04972,2025-05-03,Jakarta,iklan_google,1976,P,False,biasa
U04973,2025-09-08,Jakarta,gojek_grab,1989,P,False,biasa
U04974,2025-03-06,Yogyakarta,iklan_google,1985,L,False,biasa
U04975,2026-02-15,Denpasar,iklan_google,1991,P,False,setia
U04976,2025-02-17,Jakarta,referral,2005,P,False,biasa
U04977,2025-05-15,Surabaya,iklan_google,1983,L,False,biasa
U04978,2025-01-12,Jakarta,organik,2002,P,False,biasa
U04979,2025-04-24,Yogyakarta,iklan_google,1978,P,True,biasa
U04980,2025-03-02,Denpasar,gojek_grab,1997,L,False,biasa
U04981,2025-10-09,Bandung,iklan_meta,2005,L,False,setia
U04982,2026-06-10,Yogyakarta,organik,1998,L,False,biasa
U04983,2025-11-05,Surabaya,organik,2006,L,False,biasa
U04984,2025-04-04,Jakarta,organik,1991,L,False,biasa
U04985,2025-05-08,Denpasar,organik,1997,L,True,biasa
U04986,2025-07-29,Jakarta,organik,1990,L,False,biasa
U04987,2025-08-07,Denpasar,iklan_meta,1976,P,False,biasa
U04988,2026-06-19,Jakarta,iklan_google,1991,L,False,biasa
U04989,2025-08-03,Jakarta,iklan_meta,2004,L,False,biasa
U04990,2025-08-06,Jakarta,referral,2003,P,True,setia
U04991,2025-12-31,Jakarta,referral,1977,P,True,biasa
U04992,2026-04-13,Jakarta,organik,2006,L,False,biasa
U04993,2025-02-02,Denpasar,iklan_google,1993,L,False,setia
U04994,2025-05-23,Jakarta,organik,1980,P,False,biasa
U04995,2026-02-10,Jakarta,iklan_meta,2000,P,True,setia
U04996,2026-06-01,Jakarta,referral,1983,L,False,setia
U04997,2025-06-04,Denpasar,iklan_meta,1993,P,False,biasa
U04998,2025-08-28,Jakarta,iklan_meta,1984,P,False,biasa
U04999,2025-05-20,Surabaya,iklan_meta,1986,L,False,setia
U05000,2025-12-25,Jakarta,gojek_grab,1995,L,False,setia
U05001,2026-03-15,Jakarta,iklan_google,1999,L,False,setia
U05002,2025-06-23,Bandung,iklan_google,1993,P,True,setia
U05003,2025-02-25,Bandung,referral,1993,L,False,biasa
U05004,2025-04-22,Jakarta,referral,1981,P,False,biasa
U05005,2025-09-14,Surabaya,referral,1988,P,False,biasa
U05006,2025-04-17,Yogyakarta,iklan_google,1982,L,False,biasa
U05007,2026-03-17,Jakarta,organik,1976,L,True,biasa
U05008,2025-05-08,Jakarta,gojek_grab,1995,P,False,biasa
U05009,2026-04-13,Jakarta,organik,2001,L,False,setia
U05010,2025-10-24,Jakarta,referral,1984,L,False,setia
U05011,2026-02-27,Jakarta,organik,1984,P,False,biasa
U05012,2025-11-01,Jakarta,iklan_meta,2000,P,False,biasa
U05013,2025-07-11,Bandung,organik,2000,P,False,biasa
U05014,2026-01-13,Jakarta,referral,1998,L,False,setia
U05015,2026-02-11,Jakarta,iklan_google,1990,P,False,setia
U05016,2025-08-04,Surabaya,gojek_grab,1989,P,False,setia
U05017,2026-03-03,Jakarta,organik,1987,P,False,biasa
U05018,2025-03-15,Bandung,iklan_google,1975,P,True,biasa
U05019,2025-01-29,Yogyakarta,organik,1989,L,False,setia
U05020,2025-12-02,Jakarta,iklan_meta,1990,L,False,biasa
U05021,2025-02-24,Surabaya,iklan_google,1975,L,False,biasa
U05022,2025-03-02,Jakarta,gojek_grab,1988,L,False,biasa
U05023,2025-05-03,Surabaya,organik,1978,L,False,biasa
U05024,2026-05-25,Yogyakarta,iklan_meta,1993,P,True,setia
U05025,2026-04-09,Jakarta,organik,1987,P,False,setia
U05026,2026-02-15,Jakarta,iklan_meta,1991,P,False,biasa
U05027,2026-06-12,Yogyakarta,organik,1977,L,False,setia
U05028,2025-11-06,Jakarta,organik,1981,L,False,biasa
U05029,2025-03-20,Bandung,gojek_grab,1979,P,False,biasa
U05030,2025-03-01,Yogyakarta,organik,1978,L,True,setia
U05031,2025-09-05,Jakarta,organik,1984,P,True,setia
U05032,2025-09-12,Surabaya,iklan_meta,1981,L,False,biasa
U05033,2025-09-04,Bandung,gojek_grab,2006,L,False,biasa
U05034,2025-03-24,Denpasar,iklan_meta,2000,P,False,biasa
U05035,2025-05-13,Jakarta,gojek_grab,1996,P,False,biasa
U05036,2026-06-14,Jakarta,iklan_meta,1995,L,False,biasa
U05037,2025-07-09,Jakarta,iklan_meta,1979,P,False,setia
U05038,2025-08-14,Jakarta,referral,1991,P,False,biasa
U05039,2026-01-17,Bandung,iklan_meta,1986,P,False,biasa
U05040,2025-12-21,Jakarta,organik,1993,P,False,setia
U05041,2025-12-27,Jakarta,iklan_meta,1992,L,False,biasa
U05042,2025-03-04,Surabaya,organik,1980,L,False,setia
U05043,2025-07-12,Jakarta,organik,1986,L,False,biasa
U05044,2025-08-20,Jakarta,organik,1996,L,False,biasa
U05045,2025-09-02,Surabaya,organik,1991,L,False,biasa
U05046,2025-03-30,Bandung,organik,1987,L,False,setia
U05047,2025-02-23,Jakarta,iklan_google,1989,L,False,biasa
U05048,2025-11-08,Bandung,iklan_google,1977,L,True,biasa
U05049,2026-03-21,Surabaya,gojek_grab,1982,P,False,biasa
U05050,2026-06-15,Yogyakarta,organik,1992,P,True,biasa
U05051,2025-01-22,Jakarta,organik,2000,L,False,setia
U05052,2025-08-24,Jakarta,iklan_meta,1979,L,False,biasa
U05053,2026-05-06,Jakarta,gojek_grab,1990,P,False,biasa
U05054,2026-01-18,Jakarta,organik,1975,L,True,setia
U05055,2025-05-03,Yogyakarta,iklan_meta,1991,L,False,setia
U05056,2025-02-17,Surabaya,organik,1986,L,False,setia
U05057,2025-05-02,Surabaya,gojek_grab,1982,L,True,setia
U05058,2025-05-16,Jakarta,iklan_google,1987,P,False,biasa
U05059,2026-05-28,Surabaya,iklan_meta,1975,L,True,biasa
U05060,2025-03-09,Jakarta,iklan_meta,1980,P,False,biasa
U05061,2025-05-27,Bandung,gojek_grab,1978,P,True,setia
U05062,2025-04-07,Jakarta,gojek_grab,2003,P,False,setia
U05063,2026-02-08,Jakarta,referral,1979,L,True,setia
U05064,2025-03-30,Bandung,iklan_google,1995,P,False,setia
U05065,2025-04-15,Jakarta,gojek_grab,1999,P,True,biasa
U05066,2025-12-15,Jakarta,gojek_grab,1982,P,False,setia
U05067,2025-08-14,Jakarta,organik,1975,L,False,biasa
U05068,2025-09-08,Surabaya,gojek_grab,1998,L,False,setia
U05069,2026-01-25,Jakarta,referral,1976,P,False,biasa
U05070,2025-11-09,Surabaya,referral,1991,L,False,setia
U05071,2026-04-29,Jakarta,iklan_google,2001,P,False,biasa
U05072,2025-11-27,Jakarta,gojek_grab,2006,L,True,biasa
U05073,2025-03-09,Denpasar,iklan_google,1991,P,True,biasa
U05074,2025-06-30,Bandung,iklan_google,1979,P,False,biasa
U05075,2025-04-29,Jakarta,referral,1976,P,True,biasa
U05076,2026-04-06,Bandung,organik,1995,P,False,biasa
U05077,2025-08-20,Bandung,iklan_meta,1983,L,True,biasa
U05078,2025-10-08,Bandung,referral,1995,P,False,biasa
U05079,2026-03-07,Jakarta,organik,1980,P,False,biasa
U05080,2026-04-18,Jakarta,organik,1997,P,False,biasa
U05081,2025-11-16,Jakarta,iklan_meta,2006,P,False,biasa
U05082,2026-03-04,Jakarta,referral,1975,P,False,setia
U05083,2025-02-05,Jakarta,iklan_google,1997,L,True,biasa
U05084,2026-01-15,Jakarta,referral,2004,P,True,biasa
U05085,2025-09-24,Bandung,gojek_grab,1985,P,False,biasa
U05086,2025-10-01,Bandung,iklan_google,1988,P,True,biasa
U05087,2026-05-14,Yogyakarta,iklan_google,1993,L,False,biasa
U05088,2026-03-26,Bandung,organik,1989,P,False,biasa
U05089,2025-04-07,Jakarta,gojek_grab,1997,P,False,biasa
U05090,2026-01-04,Jakarta,organik,1982,P,False,biasa
U05091,2025-08-07,Bandung,iklan_google,2004,P,False,biasa
U05092,2026-02-07,Jakarta,organik,2004,P,False,biasa
U05093,2025-03-20,Jakarta,iklan_google,1985,P,False,biasa
U05094,2025-02-03,Jakarta,referral,1993,L,False,biasa
U05095,2025-05-27,Jakarta,gojek_grab,1995,P,True,biasa
U05096,2025-08-03,Surabaya,iklan_meta,1982,P,False,biasa
U05097,2026-05-20,Jakarta,referral,2006,L,True,biasa
U05098,2025-12-21,Bandung,organik,1980,P,False,setia
U05099,2026-06-06,Jakarta,gojek_grab,1996,P,True,biasa
U05100,2025-02-08,Yogyakarta,gojek_grab,2001,P,False,biasa
U05101,2025-03-12,Jakarta,gojek_grab,1985,L,True,biasa
U05102,2025-10-01,Jakarta,iklan_google,2004,P,False,biasa
U05103,2025-09-19,Jakarta,iklan_meta,1991,P,False,biasa
U05104,2025-10-19,Surabaya,organik,1982,P,True,biasa
U05105,2025-09-08,Jakarta,organik,1985,L,False,biasa
U05106,2025-05-21,Jakarta,organik,2004,L,True,setia
U05107,2025-11-18,Surabaya,organik,1990,L,False,biasa
U05108,2025-06-07,Jakarta,iklan_meta,1997,L,True,biasa
U05109,2025-01-20,Surabaya,referral,1995,P,False,biasa
U05110,2026-01-29,Surabaya,referral,1979,P,False,biasa
U05111,2025-08-27,Bandung,referral,1992,P,False,setia
U05112,2025-02-13,Surabaya,iklan_google,1990,P,False,biasa
U05113,2026-03-07,Bandung,referral,1992,P,False,biasa
U05114,2025-01-06,Yogyakarta,iklan_google,1985,L,False,biasa
U05115,2025-07-21,Yogyakarta,organik,1985,P,False,biasa
U05116,2026-05-18,Jakarta,referral,1990,P,False,biasa
U05117,2025-07-13,Surabaya,gojek_grab,1978,P,False,biasa
U05118,2026-01-20,Surabaya,gojek_grab,1992,P,False,biasa
U05119,2026-01-11,Bandung,organik,1992,L,False,setia
U05120,2025-10-28,Jakarta,iklan_google,2002,P,False,biasa
U05121,2025-11-06,Yogyakarta,organik,1999,P,True,biasa
U05122,2026-02-22,Jakarta,iklan_meta,1976,L,False,biasa
U05123,2025-06-15,Surabaya,iklan_google,1998,P,True,setia
U05124,2025-05-25,Denpasar,gojek_grab,1990,P,False,biasa
U05125,2025-03-23,Bandung,gojek_grab,2001,L,False,biasa
U05126,2026-01-05,Jakarta,organik,2005,P,False,biasa
U05127,2025-04-20,Yogyakarta,gojek_grab,1998,P,False,biasa
U05128,2025-11-18,Bandung,gojek_grab,2001,P,False,biasa
U05129,2026-05-08,Bandung,referral,1993,L,False,setia
U05130,2025-06-11,Yogyakarta,organik,2004,P,False,setia
U05131,2025-02-03,Surabaya,iklan_google,1978,P,True,biasa
U05132,2025-06-07,Denpasar,iklan_google,1988,P,False,biasa
U05133,2026-01-26,Jakarta,iklan_google,1983,P,False,biasa
U05134,2025-09-20,Jakarta,organik,1991,L,False,biasa
U05135,2025-05-26,Yogyakarta,iklan_meta,1994,L,False,biasa
U05136,2025-02-17,Surabaya,referral,1993,L,False,biasa
U05137,2025-04-02,Surabaya,organik,1986,P,True,biasa
U05138,2026-01-23,Yogyakarta,organik,1997,L,False,biasa
U05139,2025-08-18,Jakarta,organik,2002,P,False,biasa
U05140,2026-05-09,Yogyakarta,referral,2004,L,True,biasa
U05141,2025-02-02,Surabaya,gojek_grab,1988,L,False,biasa
U05142,2026-05-05,Jakarta,organik,1980,L,False,biasa
U05143,2025-04-04,Jakarta,iklan_meta,2004,L,False,setia
U05144,2025-11-15,Jakarta,organik,1979,L,False,biasa
U05145,2026-03-20,Jakarta,organik,1990,P,False,setia
U05146,2025-04-25,Jakarta,organik,2001,P,True,biasa
U05147,2025-07-13,Surabaya,gojek_grab,2004,P,False,setia
U05148,2025-01-05,Bandung,iklan_meta,1976,P,False,biasa
U05149,2025-11-20,Bandung,referral,1982,P,False,biasa
U05150,2025-10-21,Surabaya,gojek_grab,1986,P,True,biasa
U05151,2025-07-23,Bandung,iklan_meta,1975,L,False,biasa
U05152,2025-05-14,Jakarta,organik,1984,P,False,setia
U05153,2025-01-31,Surabaya,gojek_grab,1995,P,False,biasa
U05154,2025-06-06,Jakarta,gojek_grab,1977,L,False,biasa
U05155,2025-01-29,Bandung,organik,2001,L,False,setia
U05156,2025-12-26,Jakarta,iklan_meta,2002,L,False,biasa
U05157,2025-11-20,Jakarta,referral,2003,P,False,biasa
U05158,2025-03-08,Jakarta,organik,1988,L,False,biasa
U05159,2025-05-20,Jakarta,iklan_meta,2004,P,False,biasa
U05160,2025-11-21,Jakarta,iklan_google,1979,P,False,biasa
U05161,2026-03-27,Jakarta,iklan_meta,1997,P,True,biasa
U05162,2026-02-08,Jakarta,referral,1987,P,False,biasa
U05163,2026-05-21,Yogyakarta,iklan_google,1991,L,True,biasa
U05164,2025-01-19,Denpasar,gojek_grab,2002,P,True,biasa
U05165,2025-10-09,Denpasar,referral,1992,P,False,biasa
U05166,2025-10-30,Surabaya,iklan_meta,2001,L,False,biasa
U05167,2025-02-06,Jakarta,organik,2003,P,True,setia
U05168,2026-01-25,Surabaya,iklan_google,1977,P,True,setia
U05169,2025-06-26,Jakarta,iklan_meta,1982,P,False,biasa
U05170,2025-08-22,Jakarta,iklan_meta,1991,P,False,biasa
U05171,2025-03-17,Bandung,organik,1975,L,False,setia
U05172,2025-06-12,Bandung,referral,1992,L,False,biasa
U05173,2025-01-20,Jakarta,referral,2000,P,True,biasa
U05174,2025-03-26,Surabaya,gojek_grab,1994,L,True,biasa
U05175,2025-05-30,Denpasar,iklan_google,1988,L,False,setia
U05176,2026-05-31,Bandung,organik,1978,P,False,biasa
U05177,2025-03-09,Bandung,gojek_grab,1977,L,False,biasa
U05178,2025-08-08,Surabaya,organik,1984,P,False,biasa
U05179,2025-11-27,Yogyakarta,iklan_meta,1988,P,False,biasa
U05180,2025-04-16,Bandung,iklan_meta,1988,L,False,biasa
U05181,2026-04-18,Yogyakarta,iklan_google,2002,L,False,biasa
U05182,2025-01-28,Surabaya,iklan_meta,1995,L,False,setia
U05183,2025-05-11,Jakarta,iklan_meta,1996,L,False,biasa
U05184,2025-05-07,Bandung,iklan_google,1981,P,False,biasa
U05185,2025-11-27,Jakarta,iklan_meta,1998,L,False,biasa
U05186,2026-03-24,Jakarta,organik,1989,P,True,biasa
U05187,2025-10-31,Jakarta,organik,1984,P,False,setia
U05188,2025-04-11,Denpasar,organik,1996,L,False,setia
U05189,2025-02-08,Bandung,gojek_grab,1980,L,True,biasa
U05190,2025-12-29,Jakarta,organik,1987,P,False,setia
U05191,2026-06-17,Jakarta,gojek_grab,1991,P,False,biasa
U05192,2026-05-10,Yogyakarta,iklan_google,1977,P,False,biasa
U05193,2026-05-10,Jakarta,iklan_google,2000,P,False,setia
U05194,2025-07-27,Bandung,organik,1997,P,True,biasa
U05195,2026-06-07,Jakarta,organik,1999,L,False,biasa
U05196,2025-10-14,Jakarta,iklan_meta,1988,P,False,biasa
U05197,2026-05-20,Jakarta,organik,1980,P,False,setia
U05198,2025-03-25,Surabaya,gojek_grab,1991,L,False,biasa
U05199,2025-06-06,Denpasar,referral,1975,L,False,biasa
U05200,2025-05-04,Jakarta,organik,1995,L,False,biasa
U05201,2025-10-27,Yogyakarta,iklan_meta,1980,P,False,biasa
U05202,2025-07-28,Bandung,referral,2002,L,False,biasa
U05203,2025-10-02,Bandung,iklan_google,1994,P,False,biasa
U05204,2026-01-04,Jakarta,iklan_google,1975,L,False,biasa
U05205,2025-07-27,Jakarta,gojek_grab,1992,P,False,setia
U05206,2025-09-20,Jakarta,organik,1981,P,True,biasa
U05207,2026-02-28,Jakarta,gojek_grab,2006,P,False,biasa
U05208,2026-04-04,Denpasar,iklan_google,1981,P,False,biasa
U05209,2025-11-25,Yogyakarta,referral,1996,P,False,setia
U05210,2026-02-08,Jakarta,organik,1987,P,False,biasa
U05211,2026-04-22,Yogyakarta,organik,1977,P,False,biasa
U05212,2025-11-03,Yogyakarta,referral,2005,P,False,biasa
U05213,2025-01-05,Surabaya,referral,1988,P,False,biasa
U05214,2025-08-23,Jakarta,organik,1997,L,False,biasa
U05215,2026-06-04,Yogyakarta,iklan_meta,1986,L,False,biasa
U05216,2025-10-29,Jakarta,referral,1989,P,False,biasa
U05217,2026-05-06,Jakarta,referral,2002,P,False,biasa
U05218,2025-08-23,Jakarta,referral,2005,P,False,biasa
U05219,2026-02-02,Denpasar,gojek_grab,1990,P,False,biasa
U05220,2025-09-10,Jakarta,gojek_grab,1996,P,False,biasa
U05221,2025-03-30,Bandung,iklan_google,1977,P,False,biasa
U05222,2025-06-14,Surabaya,referral,1982,P,True,biasa
U05223,2025-05-11,Surabaya,referral,1981,P,False,biasa
U05224,2025-04-03,Yogyakarta,iklan_google,1983,P,False,biasa
U05225,2025-03-20,Yogyakarta,organik,1985,P,False,biasa
U05226,2026-06-05,Bandung,iklan_google,1977,P,False,biasa
U05227,2025-12-17,Jakarta,iklan_google,1983,L,False,biasa
U05228,2025-01-26,Denpasar,organik,1996,P,False,biasa
U05229,2025-01-22,Surabaya,referral,1994,L,False,biasa
U05230,2025-01-28,Bandung,referral,2002,L,False,biasa
U05231,2025-04-30,Jakarta,referral,1988,P,False,biasa
U05232,2025-03-01,Jakarta,iklan_google,1993,P,False,biasa
U05233,2026-03-20,Bandung,gojek_grab,1999,P,False,biasa
U05234,2025-08-04,Jakarta,organik,1987,P,False,setia
U05235,2025-11-20,Surabaya,gojek_grab,1984,P,True,biasa
U05236,2025-10-03,Jakarta,organik,1978,P,False,setia
U05237,2025-09-28,Jakarta,iklan_meta,1987,P,False,biasa
U05238,2025-06-14,Jakarta,organik,1985,L,False,biasa
U05239,2025-10-28,Jakarta,iklan_meta,1989,L,True,biasa
U05240,2026-02-06,Jakarta,organik,2003,P,False,setia
U05241,2025-03-16,Jakarta,iklan_google,1978,P,False,biasa
U05242,2025-07-14,Denpasar,iklan_meta,2003,P,False,biasa
U05243,2026-01-03,Jakarta,iklan_google,2006,L,False,biasa
U05244,2025-03-08,Surabaya,referral,1994,P,True,biasa
U05245,2025-01-05,Bandung,organik,1978,L,True,biasa
U05246,2025-08-20,Jakarta,gojek_grab,1991,P,True,biasa
U05247,2025-03-08,Denpasar,organik,2000,P,True,setia
U05248,2025-08-28,Jakarta,iklan_google,1997,L,True,biasa
U05249,2026-02-15,Jakarta,gojek_grab,1992,P,False,biasa
U05250,2025-10-02,Jakarta,organik,1995,L,False,setia
U05251,2025-05-16,Jakarta,gojek_grab,1980,P,False,biasa
U05252,2025-06-10,Jakarta,gojek_grab,1989,L,False,setia
U05253,2026-05-28,Surabaya,referral,1976,P,False,biasa
U05254,2025-08-11,Surabaya,gojek_grab,1983,P,True,biasa
U05255,2025-07-26,Jakarta,gojek_grab,2000,L,False,biasa
U05256,2025-07-07,Bandung,organik,1979,P,True,biasa
U05257,2026-04-24,Surabaya,referral,1984,L,False,setia
U05258,2025-04-08,Jakarta,organik,1975,P,True,biasa
U05259,2026-03-29,Jakarta,organik,1983,P,False,biasa
U05260,2025-07-12,Jakarta,organik,1986,L,False,biasa
U05261,2025-10-07,Surabaya,referral,1985,P,False,biasa
U05262,2025-12-15,Bandung,organik,1992,P,False,biasa
U05263,2025-10-18,Surabaya,iklan_meta,2006,P,True,biasa
U05264,2026-06-12,Jakarta,organik,1989,L,False,setia
U05265,2026-02-27,Bandung,iklan_google,2001,P,False,biasa
U05266,2025-09-24,Jakarta,iklan_google,1977,P,True,setia
U05267,2025-05-22,Jakarta,referral,2001,P,False,setia
U05268,2025-09-21,Jakarta,referral,1992,P,True,setia
U05269,2025-08-25,Bandung,organik,1992,P,False,biasa
U05270,2025-05-31,Bandung,iklan_meta,1976,L,False,biasa
U05271,2025-05-06,Surabaya,referral,1996,L,True,biasa
U05272,2025-08-05,Jakarta,referral,1982,P,False,setia
U05273,2025-12-22,Jakarta,referral,2001,L,False,setia
U05274,2026-04-30,Surabaya,gojek_grab,1983,P,False,biasa
U05275,2025-08-16,Jakarta,iklan_google,1987,P,False,setia
U05276,2025-04-18,Denpasar,referral,1978,L,True,setia
U05277,2025-05-12,Jakarta,iklan_meta,2002,P,False,biasa
U05278,2025-09-09,Jakarta,iklan_meta,1990,P,False,biasa
U05279,2026-06-24,Bandung,organik,1997,P,False,biasa
U05280,2026-05-26,Jakarta,iklan_meta,2002,L,False,biasa
U05281,2025-11-07,Jakarta,organik,1997,P,False,biasa
U05282,2026-01-16,Jakarta,iklan_meta,1997,P,True,biasa
U05283,2025-04-21,Jakarta,organik,2006,L,False,biasa
U05284,2025-11-26,Bandung,organik,2001,P,True,biasa
U05285,2026-06-04,Surabaya,iklan_meta,1985,P,False,biasa
U05286,2025-10-22,Jakarta,iklan_google,1998,L,False,biasa
U05287,2025-04-04,Jakarta,gojek_grab,1982,L,True,biasa
U05288,2025-01-09,Jakarta,gojek_grab,1983,L,True,biasa
U05289,2025-03-14,Jakarta,iklan_google,1982,L,True,biasa
U05290,2025-10-29,Jakarta,iklan_google,1977,P,False,biasa
U05291,2026-01-30,Yogyakarta,referral,1999,L,False,biasa
U05292,2025-07-09,Bandung,iklan_google,1993,L,False,biasa
U05293,2025-07-22,Bandung,organik,1978,P,False,biasa
U05294,2025-03-23,Jakarta,iklan_meta,2003,L,False,setia
U05295,2025-05-31,Jakarta,iklan_google,1979,L,False,setia
U05296,2025-08-08,Jakarta,iklan_meta,2003,L,False,biasa
U05297,2025-01-17,Bandung,iklan_google,1981,P,False,biasa
U05298,2025-09-20,Bandung,gojek_grab,2005,L,False,biasa
U05299,2026-03-23,Jakarta,iklan_meta,2004,P,False,biasa
U05300,2026-01-23,Yogyakarta,organik,1997,L,True,biasa
U05301,2025-05-18,Jakarta,iklan_meta,1983,L,False,biasa
U05302,2025-11-21,Yogyakarta,organik,2004,P,False,biasa
U05303,2026-01-15,Surabaya,organik,2000,P,False,setia
U05304,2025-05-12,Yogyakarta,referral,1994,L,False,setia
U05305,2025-07-08,Denpasar,iklan_google,1985,P,True,biasa
U05306,2025-11-21,Jakarta,iklan_meta,1975,P,False,biasa
U05307,2025-05-20,Denpasar,referral,1975,L,False,setia
U05308,2025-09-22,Bandung,gojek_grab,1997,P,False,biasa
U05309,2025-05-27,Surabaya,gojek_grab,1992,P,False,setia
U05310,2025-08-11,Yogyakarta,iklan_google,1975,P,False,biasa
U05311,2025-05-03,Surabaya,iklan_meta,1977,L,False,setia
U05312,2025-11-30,Bandung,iklan_google,1980,L,False,biasa
U05313,2025-08-31,Denpasar,iklan_google,2000,L,True,biasa
U05314,2025-08-31,Jakarta,organik,2002,L,False,setia
U05315,2025-10-31,Bandung,referral,2003,P,True,biasa
U05316,2025-12-22,Jakarta,referral,2006,P,False,biasa
U05317,2025-06-29,Jakarta,iklan_google,1995,P,True,biasa
U05318,2026-05-16,Yogyakarta,iklan_google,1984,P,False,biasa
U05319,2026-01-19,Yogyakarta,gojek_grab,2000,L,False,biasa
U05320,2025-10-27,Jakarta,organik,1991,P,False,biasa
U05321,2025-10-06,Jakarta,organik,1983,L,False,biasa
U05322,2025-12-10,Surabaya,iklan_meta,1997,L,False,biasa
U05323,2025-01-07,Yogyakarta,iklan_google,1992,P,False,biasa
U05324,2025-06-01,Bandung,gojek_grab,2000,P,False,setia
U05325,2025-03-09,Bandung,iklan_google,1992,P,True,biasa
U05326,2025-06-29,Jakarta,iklan_meta,1998,L,False,biasa
U05327,2025-08-04,Jakarta,organik,2002,P,False,biasa
U05328,2025-03-07,Jakarta,organik,1995,L,False,biasa
U05329,2025-05-14,Yogyakarta,iklan_meta,1996,L,True,biasa
U05330,2025-11-27,Bandung,gojek_grab,1988,L,False,biasa
U05331,2026-03-21,Denpasar,gojek_grab,1980,P,True,biasa
U05332,2025-06-10,Bandung,iklan_google,1992,L,False,setia
U05333,2025-07-09,Jakarta,gojek_grab,1999,L,False,biasa
U05334,2025-05-01,Jakarta,gojek_grab,1981,L,False,biasa
U05335,2025-10-15,Denpasar,referral,1995,L,False,biasa
U05336,2026-05-28,Denpasar,iklan_google,2001,L,False,biasa
U05337,2025-08-05,Jakarta,gojek_grab,1978,L,False,biasa
U05338,2025-07-07,Jakarta,iklan_meta,1999,L,True,biasa
U05339,2026-05-05,Surabaya,organik,1990,L,False,biasa
U05340,2025-05-19,Surabaya,iklan_meta,1996,P,True,biasa
U05341,2026-02-11,Yogyakarta,referral,2005,P,False,setia
U05342,2025-05-30,Bandung,iklan_google,1993,L,False,biasa
U05343,2025-10-13,Jakarta,referral,2001,L,False,biasa
U05344,2025-12-12,Jakarta,gojek_grab,1976,L,False,setia
U05345,2025-12-26,Bandung,organik,1985,L,True,biasa
U05346,2025-10-04,Jakarta,organik,1976,L,False,biasa
U05347,2025-08-04,Jakarta,iklan_google,1983,P,False,biasa
U05348,2025-11-05,Jakarta,iklan_meta,2001,L,True,biasa
U05349,2025-06-27,Bandung,iklan_meta,1990,P,True,biasa
U05350,2025-06-22,Denpasar,organik,2004,L,False,setia
U05351,2026-05-21,Bandung,gojek_grab,1993,L,False,setia
U05352,2026-05-29,Jakarta,gojek_grab,1978,P,False,biasa
U05353,2026-06-08,Surabaya,iklan_meta,2001,P,False,biasa
U05354,2025-06-25,Surabaya,iklan_meta,1977,P,True,biasa
U05355,2025-08-20,Denpasar,iklan_meta,2004,P,False,setia
U05356,2025-02-11,Jakarta,organik,2003,P,False,biasa
U05357,2025-02-19,Bandung,iklan_google,1997,L,False,biasa
U05358,2025-11-20,Jakarta,iklan_meta,2005,P,True,biasa
U05359,2026-04-02,Surabaya,gojek_grab,1992,P,False,biasa
U05360,2026-05-12,Jakarta,organik,1981,P,False,setia
U05361,2026-04-20,Denpasar,iklan_google,1992,L,True,biasa
U05362,2025-04-12,Bandung,organik,1999,P,False,setia
U05363,2026-05-09,Jakarta,iklan_google,2001,L,False,biasa
U05364,2025-03-25,Jakarta,iklan_google,2006,P,True,biasa
U05365,2026-02-21,Jakarta,organik,1995,L,False,biasa
U05366,2025-01-10,Surabaya,organik,1993,L,False,setia
U05367,2026-03-21,Surabaya,iklan_meta,1981,L,True,setia
U05368,2026-04-28,Yogyakarta,iklan_meta,1996,P,False,biasa
U05369,2025-05-28,Jakarta,gojek_grab,1990,P,False,biasa
U05370,2025-10-16,Jakarta,organik,1984,P,False,setia
U05371,2025-05-25,Surabaya,iklan_meta,2005,P,True,biasa
U05372,2026-02-13,Jakarta,gojek_grab,1991,P,False,biasa
U05373,2025-12-08,Bandung,iklan_google,2002,L,False,biasa
U05374,2026-06-20,Denpasar,referral,2001,P,False,setia
U05375,2026-05-28,Bandung,organik,1978,P,False,setia
U05376,2026-03-03,Bandung,iklan_meta,1989,L,False,setia
U05377,2025-06-26,Jakarta,organik,1999,L,False,biasa
U05378,2025-12-10,Bandung,iklan_google,1996,P,False,biasa
U05379,2026-04-30,Yogyakarta,gojek_grab,1986,P,False,setia
U05380,2025-06-04,Bandung,organik,2002,P,False,setia
U05381,2025-11-28,Jakarta,iklan_google,1995,P,False,biasa
U05382,2025-02-13,Jakarta,iklan_google,1975,L,True,biasa
U05383,2025-11-20,Yogyakarta,organik,2000,L,True,biasa
U05384,2025-06-19,Jakarta,gojek_grab,1980,P,False,biasa
U05385,2026-02-07,Jakarta,gojek_grab,1980,L,False,biasa
U05386,2025-01-19,Jakarta,organik,1975,L,True,biasa
U05387,2025-10-26,Jakarta,iklan_meta,2005,P,False,biasa
U05388,2026-04-03,Bandung,iklan_google,1979,L,True,biasa
U05389,2026-05-25,Denpasar,gojek_grab,1981,P,False,biasa
U05390,2026-02-11,Jakarta,iklan_google,1993,P,True,biasa
U05391,2026-04-19,Surabaya,organik,2005,P,True,biasa
U05392,2025-12-31,Bandung,organik,1983,P,False,setia
U05393,2026-05-11,Bandung,gojek_grab,1982,P,False,biasa
U05394,2025-11-04,Jakarta,gojek_grab,1975,P,False,biasa
U05395,2025-01-10,Bandung,referral,1987,P,False,biasa
U05396,2025-12-03,Bandung,iklan_google,1985,L,False,biasa
U05397,2025-05-21,Jakarta,iklan_meta,1985,P,False,biasa
U05398,2025-09-19,Jakarta,organik,1995,L,False,biasa
U05399,2025-12-26,Yogyakarta,iklan_meta,2001,P,False,biasa
U05400,2025-02-07,Yogyakarta,iklan_google,2002,P,False,biasa
U05401,2026-04-16,Surabaya,organik,2006,P,False,biasa
U05402,2026-06-17,Jakarta,iklan_google,1979,P,False,biasa
U05403,2026-03-23,Bandung,organik,1996,P,False,biasa
U05404,2025-04-13,Denpasar,organik,1992,L,False,biasa
U05405,2025-10-12,Jakarta,organik,1998,P,False,biasa
U05406,2025-01-24,Surabaya,iklan_google,1994,P,False,biasa
U05407,2026-06-01,Jakarta,iklan_meta,1977,P,False,biasa
U05408,2025-10-06,Denpasar,organik,1989,P,False,biasa
U05409,2026-05-27,Denpasar,gojek_grab,1997,L,False,biasa
U05410,2025-03-06,Denpasar,referral,2000,P,False,biasa
U05411,2025-01-07,Surabaya,organik,2006,P,False,setia
U05412,2025-07-24,Surabaya,organik,1977,P,True,biasa
U05413,2025-06-17,Denpasar,referral,2005,L,True,biasa
U05414,2026-03-25,Bandung,organik,1975,L,True,setia
U05415,2025-05-28,Surabaya,organik,1980,L,True,setia
U05416,2025-08-15,Surabaya,iklan_meta,1990,L,False,biasa
U05417,2026-06-03,Jakarta,organik,1981,P,False,biasa
U05418,2025-05-15,Bandung,iklan_google,1982,L,True,biasa
U05419,2025-12-19,Bandung,iklan_meta,2001,L,False,biasa
U05420,2025-10-10,Jakarta,iklan_google,2000,L,False,biasa
U05421,2025-06-21,Denpasar,referral,1980,L,False,biasa
U05422,2025-04-10,Surabaya,iklan_meta,1993,L,True,biasa
U05423,2025-10-28,Surabaya,gojek_grab,1984,P,False,biasa
U05424,2025-07-06,Surabaya,gojek_grab,1994,P,False,biasa
U05425,2025-10-20,Jakarta,iklan_google,1993,L,True,biasa
U05426,2026-06-01,Jakarta,iklan_meta,2006,L,False,biasa
U05427,2025-02-21,Surabaya,organik,2005,L,False,biasa
U05428,2025-05-02,Jakarta,iklan_google,1983,P,True,biasa
U05429,2025-09-05,Jakarta,gojek_grab,1979,L,True,biasa
U05430,2026-03-15,Jakarta,iklan_google,1978,P,False,biasa
U05431,2025-05-28,Jakarta,organik,2001,L,False,biasa
U05432,2026-05-13,Surabaya,organik,2003,P,False,biasa
U05433,2025-01-07,Yogyakarta,iklan_google,2003,L,True,biasa
U05434,2026-06-22,Jakarta,organik,1994,P,False,setia
U05435,2025-04-07,Jakarta,organik,1996,P,False,biasa
U05436,2025-01-01,Yogyakarta,organik,1978,P,True,biasa
U05437,2025-11-08,Jakarta,gojek_grab,1989,L,False,biasa
U05438,2025-01-02,Yogyakarta,referral,1999,P,False,biasa
U05439,2025-11-17,Jakarta,referral,1996,P,False,setia
U05440,2025-03-15,Jakarta,iklan_meta,2000,L,False,biasa
U05441,2026-01-28,Jakarta,referral,2003,P,True,setia
U05442,2025-11-20,Yogyakarta,iklan_meta,2003,P,False,biasa
U05443,2025-12-10,Denpasar,iklan_meta,1981,P,False,biasa
U05444,2025-10-13,Jakarta,organik,2001,P,True,biasa
U05445,2025-12-21,Jakarta,iklan_google,1996,P,False,biasa
U05446,2026-04-01,Jakarta,iklan_meta,2002,L,True,biasa
U05447,2026-03-14,Bandung,iklan_meta,2005,P,False,biasa
U05448,2025-02-04,Jakarta,gojek_grab,1996,L,False,biasa
U05449,2026-04-02,Jakarta,gojek_grab,1994,L,False,biasa
U05450,2025-09-04,Bandung,iklan_meta,1983,P,False,biasa
U05451,2025-06-14,Surabaya,iklan_meta,1991,L,True,biasa
U05452,2026-03-03,Jakarta,iklan_meta,1980,L,False,biasa
U05453,2025-10-18,Bandung,iklan_meta,2002,L,False,biasa
U05454,2025-12-15,Bandung,iklan_meta,2002,P,True,biasa
U05455,2025-11-08,Bandung,organik,1986,P,False,biasa
U05456,2025-07-04,Jakarta,organik,1989,L,False,biasa
U05457,2025-07-17,Surabaya,iklan_google,1986,L,True,biasa
U05458,2025-04-19,Denpasar,iklan_meta,1993,P,False,setia
U05459,2026-03-16,Jakarta,iklan_meta,1994,P,False,biasa
U05460,2025-08-11,Jakarta,iklan_google,1999,P,False,biasa
U05461,2025-06-17,Bandung,organik,1988,L,False,biasa
U05462,2025-03-25,Bandung,gojek_grab,1978,L,False,setia
U05463,2026-03-31,Jakarta,organik,1997,L,False,biasa
U05464,2025-03-31,Jakarta,iklan_google,2004,L,False,biasa
U05465,2025-07-11,Jakarta,organik,1979,P,False,biasa
U05466,2026-03-19,Bandung,gojek_grab,2000,P,False,biasa
U05467,2025-07-22,Denpasar,gojek_grab,2000,L,False,biasa
U05468,2025-02-01,Jakarta,iklan_meta,2000,P,False,setia
U05469,2025-10-29,Bandung,organik,1997,P,False,biasa
U05470,2026-04-01,Surabaya,gojek_grab,1986,L,True,setia
U05471,2026-01-11,Bandung,gojek_grab,1980,L,False,biasa
U05472,2025-03-16,Jakarta,referral,1984,L,False,biasa
U05473,2026-03-02,Yogyakarta,iklan_meta,1999,P,False,biasa
U05474,2025-04-01,Jakarta,organik,1987,L,False,biasa
U05475,2026-06-03,Jakarta,referral,1983,L,False,setia
U05476,2025-02-20,Denpasar,referral,1986,L,False,setia
U05477,2025-03-29,Yogyakarta,organik,1981,L,False,biasa
U05478,2025-06-26,Denpasar,iklan_google,1988,P,False,biasa
U05479,2025-04-03,Denpasar,iklan_meta,1984,P,True,biasa
U05480,2025-10-25,Bandung,iklan_meta,1987,L,False,biasa
U05481,2025-02-08,Yogyakarta,iklan_google,1975,P,False,biasa
U05482,2025-08-26,Yogyakarta,iklan_google,2000,L,False,biasa
U05483,2025-07-01,Yogyakarta,iklan_google,1989,P,False,biasa
U05484,2026-04-20,Denpasar,iklan_google,1975,L,False,setia
U05485,2026-03-04,Bandung,organik,1998,P,False,biasa
U05486,2025-12-11,Bandung,iklan_meta,1998,P,False,setia
U05487,2026-05-06,Bandung,iklan_google,2002,P,False,biasa
U05488,2025-07-11,Bandung,iklan_google,1985,L,False,biasa
U05489,2025-10-17,Jakarta,referral,1997,P,False,biasa
U05490,2025-08-28,Denpasar,iklan_meta,2006,P,False,biasa
U05491,2025-03-27,Jakarta,iklan_google,1981,L,False,biasa
U05492,2025-04-29,Yogyakarta,organik,1998,P,False,biasa
U05493,2026-01-09,Jakarta,iklan_meta,1987,P,True,biasa
U05494,2026-01-13,Denpasar,iklan_google,1984,P,False,setia
U05495,2025-02-09,Surabaya,referral,1980,P,False,setia
U05496,2025-10-12,Denpasar,iklan_meta,2000,P,False,biasa
U05497,2025-12-03,Jakarta,iklan_meta,2005,P,False,biasa
U05498,2025-12-06,Jakarta,organik,1987,L,False,biasa
U05499,2025-06-01,Bandung,organik,1983,P,False,setia
U05500,2025-01-17,Jakarta,organik,1976,P,False,biasa
U05501,2025-04-16,Jakarta,organik,1981,L,False,biasa
U05502,2026-04-18,Bandung,organik,1986,L,False,biasa
U05503,2025-09-04,Denpasar,iklan_meta,2001,P,False,biasa
U05504,2026-04-28,Yogyakarta,organik,1983,P,False,biasa
U05505,2025-03-08,Jakarta,organik,1985,P,False,setia
U05506,2026-01-26,Jakarta,organik,1991,L,False,biasa
U05507,2025-10-06,Yogyakarta,iklan_meta,1984,P,False,biasa
U05508,2025-02-15,Jakarta,iklan_meta,1986,P,True,biasa
U05509,2025-11-17,Bandung,referral,2003,L,False,biasa
U05510,2025-07-07,Jakarta,organik,2003,P,True,biasa
U05511,2025-09-05,Jakarta,organik,1991,P,False,biasa
U05512,2025-05-29,Surabaya,iklan_google,1990,P,True,biasa
U05513,2025-03-09,Jakarta,gojek_grab,2004,L,False,biasa
U05514,2025-08-17,Jakarta,organik,1986,P,True,biasa
U05515,2026-05-06,Jakarta,iklan_meta,1982,L,False,biasa
U05516,2025-02-25,Jakarta,iklan_google,2000,L,False,biasa
U05517,2026-02-26,Jakarta,organik,2003,L,False,biasa
U05518,2025-05-04,Jakarta,iklan_google,1997,P,False,biasa
U05519,2025-06-21,Jakarta,gojek_grab,1984,P,False,biasa
U05520,2025-08-30,Jakarta,iklan_google,1985,L,False,biasa
U05521,2025-02-06,Jakarta,iklan_meta,1980,L,False,biasa
U05522,2026-04-13,Yogyakarta,organik,1984,P,False,biasa
U05523,2025-08-21,Surabaya,iklan_meta,1988,P,True,biasa
U05524,2026-03-28,Bandung,iklan_google,1999,P,False,biasa
U05525,2025-06-03,Jakarta,organik,2006,P,False,biasa
U05526,2025-12-19,Yogyakarta,iklan_google,1995,L,False,biasa
U05527,2025-03-07,Bandung,iklan_meta,2002,P,False,setia
U05528,2025-01-12,Bandung,organik,2006,P,True,setia
U05529,2025-05-05,Bandung,gojek_grab,1980,P,False,biasa
U05530,2025-09-26,Surabaya,iklan_meta,1985,P,False,biasa
U05531,2025-09-02,Jakarta,iklan_meta,2002,P,False,setia
U05532,2026-05-18,Denpasar,iklan_meta,1993,P,False,biasa
U05533,2025-06-20,Jakarta,gojek_grab,1993,L,False,biasa
U05534,2025-05-13,Jakarta,referral,1976,L,False,biasa
U05535,2026-01-22,Jakarta,organik,2006,P,False,biasa
U05536,2025-01-19,Bandung,organik,1988,P,False,biasa
U05537,2026-04-11,Jakarta,iklan_google,1999,L,False,biasa
U05538,2025-06-27,Surabaya,iklan_google,2001,L,False,biasa
U05539,2025-06-19,Jakarta,referral,1975,L,False,setia
U05540,2025-08-28,Bandung,iklan_google,1996,P,False,biasa
U05541,2025-05-02,Jakarta,iklan_google,1979,P,False,biasa
U05542,2026-06-02,Surabaya,referral,1988,L,True,setia
U05543,2025-03-24,Surabaya,organik,1988,P,False,setia
U05544,2026-06-17,Jakarta,organik,1993,P,False,biasa
U05545,2025-09-21,Denpasar,gojek_grab,1986,L,False,biasa
U05546,2025-02-14,Yogyakarta,referral,1996,L,True,biasa
U05547,2025-06-04,Jakarta,organik,1989,P,False,biasa
U05548,2025-12-04,Jakarta,referral,1996,P,False,biasa
U05549,2026-05-06,Surabaya,organik,2006,L,False,biasa
U05550,2025-08-04,Denpasar,organik,1983,L,False,biasa
U05551,2025-06-07,Jakarta,iklan_meta,1979,L,False,biasa
U05552,2026-01-15,Jakarta,organik,1979,L,False,setia
U05553,2025-07-04,Jakarta,gojek_grab,1975,P,False,biasa
U05554,2026-05-01,Jakarta,organik,1976,L,False,setia
U05555,2025-02-03,Yogyakarta,iklan_meta,1995,L,False,setia
U05556,2026-02-11,Jakarta,organik,1983,L,False,biasa
U05557,2025-10-15,Bandung,organik,1998,L,True,biasa
U05558,2025-09-03,Jakarta,organik,1986,L,False,setia
U05559,2025-04-23,Surabaya,organik,1982,P,False,biasa
U05560,2025-01-21,Surabaya,gojek_grab,1988,P,False,setia
U05561,2026-02-08,Surabaya,organik,1981,P,True,biasa
U05562,2026-05-15,Jakarta,gojek_grab,1980,P,False,biasa
U05563,2025-11-03,Jakarta,iklan_meta,2001,L,False,biasa
U05564,2026-05-20,Denpasar,iklan_meta,2005,L,True,biasa
U05565,2025-07-31,Jakarta,organik,1994,L,True,biasa
U05566,2025-12-13,Jakarta,gojek_grab,1996,P,False,biasa
U05567,2025-01-13,Denpasar,gojek_grab,2002,P,False,biasa
U05568,2026-04-24,Jakarta,organik,1989,L,False,biasa
U05569,2026-01-06,Surabaya,gojek_grab,1997,P,False,setia
U05570,2025-06-28,Jakarta,iklan_meta,1984,L,False,biasa
U05571,2025-04-15,Bandung,organik,2000,P,False,biasa
U05572,2025-07-08,Jakarta,iklan_meta,1999,P,False,biasa
U05573,2025-08-10,Jakarta,organik,1982,L,False,biasa
U05574,2026-06-06,Jakarta,organik,1991,L,False,setia
U05575,2025-12-13,Surabaya,organik,1995,P,False,biasa
U05576,2025-07-01,Jakarta,organik,1987,P,False,biasa
U05577,2025-06-25,Bandung,organik,1998,L,False,biasa
U05578,2025-09-03,Surabaya,referral,2002,L,True,setia
U05579,2026-03-22,Denpasar,organik,1980,L,False,biasa
U05580,2025-06-25,Bandung,iklan_google,1977,L,False,biasa
U05581,2025-12-14,Surabaya,organik,1981,L,False,biasa
U05582,2025-04-27,Bandung,iklan_meta,1989,P,False,biasa
U05583,2025-01-20,Jakarta,iklan_meta,1991,L,True,biasa
U05584,2025-08-24,Surabaya,gojek_grab,1982,L,False,biasa
U05585,2025-03-31,Jakarta,organik,1998,P,False,biasa
U05586,2026-02-11,Jakarta,gojek_grab,1986,P,False,biasa
U05587,2025-12-02,Bandung,gojek_grab,1978,P,False,biasa
U05588,2026-02-03,Surabaya,iklan_meta,2003,P,False,biasa
U05589,2025-11-04,Surabaya,iklan_meta,1984,P,False,setia
U05590,2025-01-26,Denpasar,organik,1980,P,False,setia
U05591,2026-04-12,Jakarta,organik,2006,L,False,biasa
U05592,2025-06-26,Jakarta,organik,1992,P,False,setia
U05593,2026-03-03,Jakarta,organik,1990,P,False,setia
U05594,2026-03-12,Jakarta,iklan_meta,1992,P,False,biasa
U05595,2025-09-14,Jakarta,gojek_grab,1979,P,False,setia
U05596,2026-03-25,Jakarta,organik,1982,L,False,biasa
U05597,2025-07-10,Bandung,referral,1989,P,False,biasa
U05598,2025-06-26,Bandung,organik,1979,P,False,setia
U05599,2025-04-13,Bandung,iklan_google,1981,P,False,biasa
U05600,2026-03-09,Jakarta,iklan_google,1980,P,False,biasa
U05601,2025-07-02,Bandung,iklan_google,1998,P,False,biasa
U05602,2026-01-25,Yogyakarta,iklan_meta,1985,L,False,setia
U05603,2025-07-13,Jakarta,iklan_google,1983,L,True,biasa
U05604,2025-07-08,Bandung,organik,1978,L,False,biasa
U05605,2025-04-01,Denpasar,referral,1987,L,False,biasa
U05606,2025-10-15,Yogyakarta,iklan_google,2002,P,False,biasa
U05607,2025-08-30,Denpasar,iklan_meta,1978,P,True,biasa
U05608,2025-04-04,Yogyakarta,iklan_meta,1986,P,True,biasa
U05609,2025-12-16,Jakarta,gojek_grab,1990,P,True,biasa
U05610,2025-01-16,Denpasar,iklan_meta,2005,P,False,biasa
U05611,2025-09-01,Jakarta,iklan_meta,1995,L,False,biasa
U05612,2025-04-30,Surabaya,iklan_meta,2006,L,False,biasa
U05613,2025-03-02,Jakarta,organik,2001,L,False,biasa
U05614,2025-11-07,Jakarta,organik,1999,P,False,setia
U05615,2025-01-04,Jakarta,organik,1994,P,False,setia
U05616,2026-02-25,Bandung,iklan_google,1975,L,False,biasa
U05617,2025-06-07,Jakarta,organik,1984,P,False,biasa
U05618,2026-05-09,Jakarta,iklan_meta,1978,L,False,biasa
U05619,2025-03-14,Yogyakarta,gojek_grab,2005,P,False,biasa
U05620,2026-04-27,Yogyakarta,iklan_meta,1990,L,False,biasa
U05621,2026-01-27,Bandung,referral,2005,L,False,setia
U05622,2025-01-26,Denpasar,iklan_meta,1982,P,False,biasa
U05623,2025-06-21,Jakarta,iklan_meta,1997,L,False,biasa
U05624,2026-04-10,Jakarta,organik,1993,P,False,biasa
U05625,2025-05-11,Surabaya,referral,1979,P,False,biasa
U05626,2025-02-26,Bandung,iklan_meta,1983,P,True,biasa
U05627,2026-01-16,Denpasar,referral,1982,P,False,biasa
U05628,2025-02-14,Surabaya,organik,1993,L,True,setia
U05629,2025-11-01,Jakarta,organik,1976,L,False,biasa
U05630,2025-06-18,Surabaya,gojek_grab,1979,P,False,biasa
U05631,2025-07-03,Denpasar,gojek_grab,1996,P,True,biasa
U05632,2025-06-07,Jakarta,iklan_meta,2005,L,False,biasa
U05633,2025-04-29,Surabaya,gojek_grab,1983,L,False,setia
U05634,2026-04-02,Bandung,iklan_google,1996,L,False,biasa
U05635,2025-04-12,Jakarta,gojek_grab,1979,P,False,biasa
U05636,2025-07-26,Jakarta,referral,1990,P,False,biasa
U05637,2025-01-15,Surabaya,gojek_grab,1975,L,False,biasa
U05638,2025-06-07,Bandung,iklan_meta,1992,L,False,biasa
U05639,2025-10-01,Jakarta,gojek_grab,2004,P,False,setia
U05640,2025-10-18,Jakarta,iklan_meta,2006,L,False,setia
U05641,2026-03-26,Jakarta,gojek_grab,1988,P,False,biasa
U05642,2026-05-25,Jakarta,iklan_google,2001,P,False,setia
U05643,2025-12-01,Jakarta,gojek_grab,1978,P,False,biasa
U05644,2025-06-02,Jakarta,iklan_google,1982,L,True,biasa
U05645,2025-07-18,Bandung,organik,1977,L,False,biasa
U05646,2026-03-23,Denpasar,referral,1998,L,False,biasa
U05647,2025-10-25,Jakarta,iklan_meta,1976,P,False,biasa
U05648,2026-01-29,Surabaya,organik,1997,P,False,biasa
U05649,2026-05-24,Jakarta,gojek_grab,1985,L,False,biasa
U05650,2025-09-11,Bandung,gojek_grab,2002,P,True,setia
U05651,2026-01-26,Jakarta,organik,1978,P,False,biasa
U05652,2026-02-07,Bandung,organik,1990,P,True,biasa
U05653,2026-03-23,Jakarta,organik,2001,L,False,setia
U05654,2025-09-26,Jakarta,iklan_google,1975,L,True,biasa
U05655,2025-10-05,Jakarta,iklan_meta,1997,P,False,biasa
U05656,2026-01-14,Yogyakarta,iklan_meta,1985,P,False,biasa
U05657,2025-09-02,Jakarta,organik,2003,P,False,biasa
U05658,2025-07-10,Denpasar,iklan_meta,1984,L,True,biasa
U05659,2025-05-10,Bandung,gojek_grab,1986,P,False,setia
U05660,2025-09-14,Jakarta,iklan_meta,1981,P,False,biasa
U05661,2025-10-05,Jakarta,referral,1980,P,False,biasa
U05662,2025-04-24,Jakarta,iklan_google,2000,L,False,setia
U05663,2025-08-07,Jakarta,gojek_grab,1976,P,True,setia
U05664,2025-06-20,Surabaya,organik,1976,P,True,biasa
U05665,2026-01-25,Bandung,organik,1978,L,False,biasa
U05666,2026-06-21,Jakarta,referral,1997,L,False,setia
U05667,2025-03-10,Jakarta,organik,1977,P,False,biasa
U05668,2025-11-19,Bandung,organik,1983,P,False,biasa
U05669,2025-04-12,Denpasar,iklan_meta,2001,L,False,biasa
U05670,2025-12-05,Jakarta,iklan_meta,1995,P,False,setia
U05671,2025-03-28,Yogyakarta,organik,2002,L,False,biasa
U05672,2025-06-26,Jakarta,iklan_google,1975,P,False,biasa
U05673,2026-06-08,Yogyakarta,referral,2000,P,False,biasa
U05674,2025-11-28,Jakarta,organik,1989,P,False,setia
U05675,2025-06-07,Bandung,referral,1978,P,False,biasa
U05676,2025-05-19,Bandung,referral,1995,L,True,biasa
U05677,2025-09-04,Yogyakarta,iklan_google,1988,L,True,biasa
U05678,2025-07-22,Jakarta,iklan_google,1984,P,False,biasa
U05679,2026-05-21,Jakarta,organik,2006,L,False,biasa
U05680,2026-06-13,Bandung,gojek_grab,2004,L,False,biasa
U05681,2025-04-13,Jakarta,gojek_grab,1984,P,False,biasa
U05682,2026-02-18,Bandung,iklan_meta,1997,L,False,biasa
U05683,2026-03-13,Jakarta,iklan_google,1983,P,False,biasa
U05684,2025-08-22,Surabaya,referral,1991,P,False,biasa
U05685,2025-05-30,Jakarta,referral,1995,L,False,biasa
U05686,2025-10-30,Denpasar,iklan_google,1978,P,False,biasa
U05687,2025-01-27,Denpasar,organik,1997,P,False,biasa
U05688,2025-06-17,Jakarta,organik,1982,P,False,biasa
U05689,2025-12-17,Yogyakarta,gojek_grab,1997,L,False,setia
U05690,2026-01-15,Yogyakarta,organik,2006,L,False,biasa
U05691,2025-01-02,Bandung,organik,2006,P,False,setia
U05692,2025-06-07,Jakarta,iklan_meta,1997,P,True,biasa
U05693,2025-02-22,Yogyakarta,iklan_meta,2006,L,False,biasa
U05694,2026-03-31,Bandung,referral,2005,L,False,biasa
U05695,2025-08-15,Jakarta,organik,2003,L,False,biasa
U05696,2026-05-27,Jakarta,referral,1998,P,False,biasa
U05697,2025-09-16,Surabaya,referral,1982,L,False,biasa
U05698,2025-12-28,Bandung,organik,1982,L,False,biasa
U05699,2025-07-06,Denpasar,iklan_meta,2001,P,False,biasa
U05700,2025-04-19,Yogyakarta,gojek_grab,1977,L,False,biasa
U05701,2026-06-18,Jakarta,iklan_meta,1976,P,False,biasa
U05702,2025-08-25,Yogyakarta,iklan_meta,1992,P,False,biasa
U05703,2025-03-04,Surabaya,iklan_meta,1999,P,False,biasa
U05704,2025-06-06,Jakarta,gojek_grab,1999,P,False,biasa
U05705,2025-02-01,Jakarta,organik,1984,P,False,biasa
U05706,2025-07-18,Bandung,iklan_google,1987,L,False,biasa
U05707,2025-04-24,Surabaya,referral,1995,L,False,setia
U05708,2025-03-29,Jakarta,referral,2003,L,False,biasa
U05709,2025-11-03,Surabaya,organik,1993,P,False,setia
U05710,2025-11-23,Yogyakarta,organik,2003,L,False,setia
U05711,2026-05-31,Jakarta,iklan_google,1981,P,True,biasa
U05712,2025-06-25,Yogyakarta,iklan_google,1994,P,False,biasa
U05713,2025-03-30,Jakarta,organik,1993,P,False,biasa
U05714,2025-03-31,Yogyakarta,iklan_meta,1993,P,False,biasa
U05715,2025-05-21,Yogyakarta,iklan_meta,1991,P,False,biasa
U05716,2026-05-23,Bandung,organik,2006,L,False,biasa
U05717,2025-10-09,Denpasar,organik,1994,P,False,biasa
U05718,2025-01-16,Surabaya,iklan_google,1989,L,False,biasa
U05719,2025-08-04,Jakarta,organik,1990,P,False,biasa
U05720,2026-06-24,Jakarta,referral,1981,L,False,biasa
U05721,2025-08-30,Surabaya,organik,2006,L,False,biasa
U05722,2025-02-26,Surabaya,organik,1995,P,True,biasa
U05723,2025-03-14,Jakarta,gojek_grab,1990,P,False,setia
U05724,2025-08-28,Bandung,iklan_google,1996,L,False,biasa
U05725,2025-06-25,Yogyakarta,iklan_meta,2004,P,False,biasa
U05726,2025-09-20,Jakarta,iklan_google,1990,P,False,biasa
U05727,2025-12-10,Bandung,iklan_meta,1999,L,False,biasa
U05728,2026-02-05,Yogyakarta,iklan_meta,1977,P,False,biasa
U05729,2025-12-15,Jakarta,referral,1989,P,False,biasa
U05730,2026-05-09,Jakarta,iklan_meta,1996,L,False,biasa
U05731,2025-05-08,Surabaya,iklan_google,1978,L,False,biasa
U05732,2025-07-28,Jakarta,iklan_google,2003,L,False,biasa
U05733,2025-04-02,Denpasar,iklan_meta,1992,P,True,biasa
U05734,2026-01-17,Jakarta,iklan_google,2006,P,False,biasa
U05735,2025-05-09,Bandung,iklan_meta,2003,L,False,biasa
U05736,2025-01-14,Surabaya,organik,1992,P,False,biasa
U05737,2026-03-17,Bandung,organik,1979,L,False,biasa
U05738,2025-01-14,Jakarta,gojek_grab,1975,L,False,biasa
U05739,2025-05-08,Surabaya,iklan_meta,1990,P,False,biasa
U05740,2025-07-01,Yogyakarta,iklan_meta,1990,P,False,biasa
U05741,2025-09-20,Surabaya,referral,1985,P,False,biasa
U05742,2025-07-28,Surabaya,referral,1999,P,False,setia
U05743,2025-01-11,Denpasar,referral,1977,L,True,biasa
U05744,2025-07-28,Jakarta,iklan_meta,2001,P,True,biasa
U05745,2026-04-19,Jakarta,iklan_google,1998,L,False,biasa
U05746,2025-08-15,Jakarta,referral,1993,L,False,biasa
U05747,2025-06-14,Jakarta,iklan_google,1989,P,False,biasa
U05748,2025-12-02,Surabaya,iklan_meta,2002,P,False,biasa
U05749,2026-03-08,Jakarta,iklan_google,2002,P,False,biasa
U05750,2025-04-28,Yogyakarta,organik,2004,P,True,biasa
U05751,2026-01-24,Jakarta,iklan_google,1991,P,True,biasa
U05752,2025-07-25,Jakarta,referral,2003,P,True,setia
U05753,2025-03-21,Yogyakarta,iklan_meta,1993,P,False,biasa
U05754,2025-06-29,Jakarta,referral,1989,P,False,biasa
U05755,2025-10-04,Denpasar,iklan_meta,2001,L,False,setia
U05756,2026-06-21,Jakarta,iklan_google,2003,P,False,biasa
U05757,2026-03-28,Bandung,iklan_meta,1993,P,True,setia
U05758,2025-04-02,Surabaya,gojek_grab,2006,P,False,biasa
U05759,2025-09-04,Jakarta,organik,1993,P,True,biasa
U05760,2025-01-29,Bandung,iklan_meta,1980,P,False,biasa
U05761,2025-09-22,Yogyakarta,referral,1988,L,True,biasa
U05762,2025-04-12,Surabaya,referral,1983,L,True,biasa
U05763,2025-02-25,Surabaya,referral,1983,P,False,setia
U05764,2026-01-27,Jakarta,organik,2001,P,False,biasa
U05765,2026-05-16,Bandung,iklan_google,1979,P,False,biasa
U05766,2025-04-02,Jakarta,organik,2000,P,False,setia
U05767,2026-03-28,Bandung,referral,1985,L,False,biasa
U05768,2025-11-15,Jakarta,iklan_meta,1994,P,True,biasa
U05769,2025-09-13,Surabaya,referral,1978,P,False,biasa
U05770,2026-01-02,Jakarta,organik,1985,L,True,biasa
U05771,2025-05-07,Surabaya,iklan_meta,2000,L,False,biasa
U05772,2025-05-30,Jakarta,referral,1996,L,True,biasa
U05773,2026-01-07,Denpasar,organik,2003,P,False,biasa
U05774,2026-03-22,Yogyakarta,referral,1984,P,False,setia
U05775,2025-04-22,Bandung,organik,1985,L,True,biasa
U05776,2026-05-28,Yogyakarta,gojek_grab,1985,P,False,biasa
U05777,2026-02-26,Bandung,referral,1992,L,True,biasa
U05778,2025-05-19,Jakarta,referral,1992,L,False,biasa
U05779,2026-01-13,Jakarta,organik,1989,P,False,setia
U05780,2025-07-05,Bandung,iklan_meta,1996,P,True,biasa
U05781,2025-08-02,Denpasar,referral,1989,P,False,setia
U05782,2025-10-23,Jakarta,organik,1992,P,False,setia
U05783,2025-02-13,Surabaya,gojek_grab,2001,L,True,biasa
U05784,2025-06-30,Bandung,gojek_grab,1986,L,False,biasa
U05785,2025-01-22,Surabaya,organik,1978,P,True,biasa
U05786,2026-04-18,Denpasar,iklan_google,1992,P,True,biasa
U05787,2025-01-06,Bandung,gojek_grab,2006,P,False,biasa
U05788,2026-06-19,Yogyakarta,organik,1992,L,True,biasa
U05789,2026-03-21,Jakarta,iklan_meta,1982,L,False,biasa
U05790,2025-09-13,Yogyakarta,iklan_google,1990,P,False,setia
U05791,2025-08-23,Jakarta,referral,1977,P,False,biasa
U05792,2026-01-08,Bandung,referral,1997,P,False,biasa
U05793,2025-08-11,Yogyakarta,iklan_meta,1997,P,True,biasa
U05794,2025-01-30,Jakarta,organik,1978,P,True,setia
U05795,2025-06-22,Denpasar,gojek_grab,2000,P,True,setia
U05796,2026-01-07,Denpasar,organik,1998,L,False,biasa
U05797,2026-05-30,Jakarta,iklan_meta,1975,L,True,biasa
U05798,2025-04-10,Bandung,iklan_google,2002,L,False,setia
U05799,2026-05-24,Surabaya,iklan_google,1993,L,False,biasa
U05800,2025-08-11,Jakarta,gojek_grab,1987,L,False,biasa
U05801,2025-01-28,Jakarta,iklan_google,1982,P,True,biasa
U05802,2026-06-24,Bandung,gojek_grab,2002,L,False,biasa
U05803,2026-03-29,Jakarta,iklan_google,1992,L,False,biasa
U05804,2025-04-16,Jakarta,organik,1993,P,False,biasa
U05805,2025-04-06,Yogyakarta,organik,1994,L,False,biasa
U05806,2026-03-17,Yogyakarta,gojek_grab,1994,P,False,biasa
U05807,2025-10-21,Jakarta,iklan_google,1978,L,False,biasa
U05808,2025-02-05,Jakarta,organik,1998,P,False,setia
U05809,2026-03-27,Bandung,iklan_meta,2002,P,False,biasa
U05810,2026-03-30,Jakarta,referral,1991,L,True,biasa
U05811,2025-08-07,Denpasar,iklan_google,1994,P,True,biasa
U05812,2025-02-19,Surabaya,organik,1981,P,False,biasa
U05813,2025-06-22,Bandung,referral,1982,L,False,setia
U05814,2025-01-06,Yogyakarta,organik,1993,L,False,biasa
U05815,2025-01-20,Jakarta,iklan_meta,1976,P,True,setia
U05816,2025-02-20,Denpasar,organik,1982,P,False,biasa
U05817,2025-02-08,Surabaya,iklan_meta,1992,L,False,biasa
U05818,2026-01-24,Jakarta,referral,1988,P,True,biasa
U05819,2025-12-06,Bandung,referral,1978,P,False,setia
U05820,2025-07-11,Jakarta,referral,1991,P,False,biasa
U05821,2026-01-27,Jakarta,organik,1995,P,False,biasa
U05822,2025-03-25,Jakarta,iklan_meta,2006,L,True,biasa
U05823,2026-03-23,Surabaya,organik,1994,P,False,setia
U05824,2026-02-09,Bandung,organik,1988,P,False,biasa
U05825,2025-12-16,Surabaya,iklan_meta,1984,P,False,setia
U05826,2025-12-22,Yogyakarta,organik,1998,P,True,biasa
U05827,2026-06-20,Surabaya,organik,1989,L,False,setia
U05828,2025-02-19,Surabaya,iklan_google,1993,P,False,biasa
U05829,2026-02-22,Bandung,iklan_meta,1999,L,False,setia
U05830,2025-11-09,Jakarta,referral,1999,L,False,setia
U05831,2025-09-24,Bandung,iklan_meta,1997,P,False,biasa
U05832,2025-09-11,Jakarta,iklan_meta,1987,L,False,biasa
U05833,2026-04-06,Jakarta,iklan_google,1978,L,False,biasa
U05834,2026-04-22,Jakarta,gojek_grab,1984,L,False,biasa
U05835,2025-04-23,Jakarta,iklan_google,1999,P,True,biasa
U05836,2026-04-17,Denpasar,gojek_grab,2001,P,False,biasa
U05837,2026-04-07,Yogyakarta,referral,1999,L,False,setia
U05838,2025-08-19,Surabaya,iklan_google,1992,L,False,biasa
U05839,2025-05-23,Surabaya,iklan_meta,1976,P,True,biasa
U05840,2025-10-27,Jakarta,iklan_meta,1978,P,False,biasa
U05841,2026-04-06,Surabaya,iklan_meta,1979,P,True,biasa
U05842,2025-08-05,Jakarta,organik,1984,L,True,biasa
U05843,2026-02-20,Jakarta,iklan_google,1995,P,False,biasa
U05844,2025-04-25,Jakarta,organik,1975,P,False,setia
U05845,2026-04-24,Yogyakarta,iklan_meta,2005,P,False,biasa
U05846,2026-01-21,Bandung,organik,2000,L,True,setia
U05847,2025-09-02,Jakarta,organik,1990,P,False,biasa
U05848,2026-01-02,Jakarta,organik,2005,L,True,biasa
U05849,2025-05-09,Bandung,referral,1992,P,False,setia
U05850,2025-02-18,Bandung,organik,1982,P,False,biasa
U05851,2025-01-02,Jakarta,gojek_grab,1975,P,False,biasa
U05852,2026-03-16,Jakarta,gojek_grab,1985,P,False,biasa
U05853,2026-01-17,Bandung,iklan_meta,1987,L,True,biasa
U05854,2026-05-09,Jakarta,iklan_meta,1976,L,False,biasa
U05855,2026-06-13,Jakarta,iklan_google,1975,P,False,biasa
U05856,2025-08-11,Jakarta,organik,1987,P,True,setia
U05857,2025-04-14,Yogyakarta,iklan_google,1989,L,False,biasa
U05858,2025-06-21,Jakarta,gojek_grab,2005,P,False,biasa
U05859,2025-04-25,Yogyakarta,iklan_meta,1996,P,False,biasa
U05860,2025-04-26,Jakarta,gojek_grab,1984,P,False,biasa
U05861,2026-06-17,Jakarta,iklan_meta,1988,L,False,biasa
U05862,2026-03-02,Surabaya,gojek_grab,1994,P,False,biasa
U05863,2025-07-28,Yogyakarta,referral,1999,L,True,biasa
U05864,2025-04-16,Jakarta,gojek_grab,1984,P,False,setia
U05865,2026-02-28,Denpasar,organik,2002,P,False,biasa
U05866,2026-04-07,Jakarta,iklan_meta,1997,P,False,biasa
U05867,2026-04-09,Jakarta,iklan_google,1980,L,False,biasa
U05868,2025-07-01,Surabaya,gojek_grab,2001,P,False,biasa
U05869,2025-06-05,Jakarta,referral,1992,L,True,setia
U05870,2025-04-18,Bandung,iklan_google,1998,L,False,biasa
U05871,2025-05-12,Jakarta,gojek_grab,1991,P,True,biasa
U05872,2026-06-23,Jakarta,referral,1987,P,False,biasa
U05873,2025-06-12,Jakarta,organik,1981,P,False,setia
U05874,2026-04-09,Yogyakarta,referral,1998,P,False,setia
U05875,2025-04-30,Bandung,organik,1994,P,True,biasa
U05876,2025-07-09,Jakarta,iklan_meta,1990,L,False,biasa
U05877,2025-08-09,Jakarta,iklan_google,2003,P,False,biasa
U05878,2025-05-04,Surabaya,referral,2002,L,False,setia
U05879,2025-08-30,Denpasar,referral,1998,P,True,setia
U05880,2026-01-03,Bandung,referral,1986,P,False,biasa
U05881,2025-11-03,Denpasar,gojek_grab,1994,L,False,biasa
U05882,2025-11-25,Jakarta,iklan_meta,2001,L,False,setia
U05883,2026-01-18,Jakarta,iklan_google,2004,L,False,biasa
U05884,2026-03-24,Jakarta,gojek_grab,1996,L,False,biasa
U05885,2026-06-05,Jakarta,iklan_meta,1997,P,False,biasa
U05886,2025-11-27,Yogyakarta,organik,1977,P,True,biasa
U05887,2025-01-15,Surabaya,organik,1981,P,True,biasa
U05888,2025-08-08,Surabaya,referral,1982,P,True,biasa
U05889,2025-07-01,Denpasar,organik,1976,L,False,setia
U05890,2025-08-18,Jakarta,referral,1995,P,False,biasa
U05891,2025-06-02,Jakarta,iklan_meta,1976,P,False,setia
U05892,2025-06-15,Jakarta,gojek_grab,1987,P,False,biasa
U05893,2025-12-30,Jakarta,iklan_meta,1991,P,False,biasa
U05894,2025-04-29,Jakarta,organik,1999,P,False,setia
U05895,2025-11-03,Surabaya,organik,1984,P,False,setia
U05896,2025-07-07,Jakarta,referral,1981,L,False,biasa
U05897,2026-01-26,Bandung,organik,2000,P,False,setia
U05898,2026-01-07,Yogyakarta,iklan_meta,1999,L,False,biasa
U05899,2026-06-14,Surabaya,organik,1986,P,False,biasa
U05900,2026-06-23,Surabaya,referral,1982,P,True,biasa
U05901,2026-04-21,Jakarta,iklan_google,1990,L,False,biasa
U05902,2026-04-18,Yogyakarta,referral,1987,L,False,biasa
U05903,2025-06-25,Yogyakarta,gojek_grab,1983,P,False,biasa
U05904,2025-04-22,Bandung,iklan_google,1994,L,False,biasa
U05905,2025-01-31,Yogyakarta,referral,1979,L,False,biasa
U05906,2026-03-02,Bandung,organik,1996,P,True,biasa
U05907,2026-06-23,Bandung,iklan_meta,1987,L,False,biasa
U05908,2025-03-11,Bandung,gojek_grab,2005,P,False,setia
U05909,2025-01-11,Jakarta,iklan_meta,1980,L,False,biasa
U05910,2026-04-22,Jakarta,organik,2000,L,False,biasa
U05911,2026-06-24,Bandung,iklan_google,1992,P,False,biasa
U05912,2025-05-25,Surabaya,gojek_grab,1986,P,True,setia
U05913,2025-02-01,Jakarta,organik,1980,P,False,biasa
U05914,2025-09-19,Bandung,referral,2000,L,False,biasa
U05915,2025-09-10,Bandung,gojek_grab,1978,P,False,setia
U05916,2025-03-22,Bandung,referral,1979,P,False,setia
U05917,2025-12-01,Surabaya,iklan_meta,1994,L,False,biasa
U05918,2025-09-29,Denpasar,gojek_grab,2004,L,False,biasa
U05919,2025-06-10,Yogyakarta,gojek_grab,1978,P,False,biasa
U05920,2026-06-02,Surabaya,organik,1986,P,False,biasa
U05921,2026-03-03,Surabaya,iklan_google,1999,P,False,biasa
U05922,2026-04-13,Bandung,iklan_meta,1991,P,False,setia
U05923,2025-09-15,Jakarta,iklan_meta,1976,P,False,biasa
U05924,2025-07-29,Yogyakarta,organik,2004,L,False,biasa
U05925,2025-06-24,Jakarta,organik,1995,P,False,biasa
U05926,2025-02-21,Jakarta,referral,1994,L,False,setia
U05927,2026-04-26,Surabaya,iklan_meta,1980,L,True,biasa
U05928,2025-11-27,Jakarta,iklan_meta,1999,P,False,biasa
U05929,2025-09-13,Jakarta,iklan_google,2001,P,True,setia
U05930,2026-01-27,Surabaya,organik,1996,P,False,biasa
U05931,2025-04-25,Surabaya,organik,1989,P,False,biasa
U05932,2026-05-05,Surabaya,iklan_google,1980,P,False,biasa
U05933,2026-05-02,Bandung,iklan_meta,1986,P,False,biasa
U05934,2026-02-13,Denpasar,organik,1987,L,False,biasa
U05935,2025-03-21,Surabaya,organik,1992,L,False,biasa
U05936,2026-04-26,Surabaya,organik,1986,P,True,biasa
U05937,2025-06-16,Yogyakarta,referral,1978,P,False,setia
U05938,2026-02-04,Jakarta,organik,1977,L,True,setia
U05939,2025-07-11,Yogyakarta,iklan_meta,1976,P,False,biasa
U05940,2025-07-19,Surabaya,referral,1999,L,False,setia
U05941,2025-10-18,Surabaya,referral,1988,P,False,biasa
U05942,2026-06-11,Bandung,iklan_meta,1987,L,False,biasa
U05943,2025-09-23,Jakarta,gojek_grab,2000,P,False,biasa
U05944,2025-05-31,Bandung,referral,2004,L,False,biasa
U05945,2026-06-13,Jakarta,organik,1986,P,False,setia
U05946,2025-09-10,Denpasar,gojek_grab,1998,L,False,biasa
U05947,2025-12-02,Yogyakarta,gojek_grab,1976,P,True,biasa
U05948,2025-12-03,Jakarta,referral,1987,L,True,biasa
U05949,2026-03-24,Bandung,referral,1995,P,False,biasa
U05950,2025-11-23,Bandung,organik,1975,L,False,biasa
U05951,2025-03-03,Jakarta,iklan_meta,1999,L,False,biasa
U05952,2026-01-05,Bandung,organik,2004,P,True,biasa
U05953,2025-07-18,Jakarta,organik,2004,L,True,biasa
U05954,2025-11-06,Denpasar,iklan_google,1976,P,False,setia
U05955,2025-04-13,Yogyakarta,referral,2005,L,False,setia
U05956,2025-03-11,Surabaya,iklan_meta,1987,L,True,biasa
U05957,2025-08-12,Jakarta,organik,1977,P,True,biasa
U05958,2026-03-15,Jakarta,gojek_grab,1982,L,False,biasa
U05959,2026-04-28,Yogyakarta,organik,1979,P,False,biasa
U05960,2026-01-14,Jakarta,organik,2006,L,True,biasa
U05961,2025-05-03,Yogyakarta,organik,2003,P,False,setia
U05962,2025-03-19,Surabaya,organik,2003,P,True,biasa
U05963,2025-04-29,Surabaya,iklan_google,1981,L,False,setia
U05964,2025-12-20,Jakarta,gojek_grab,1983,L,False,biasa
U05965,2026-02-11,Bandung,iklan_google,2005,P,False,biasa
U05966,2025-05-04,Jakarta,gojek_grab,1981,P,False,biasa
U05967,2025-03-10,Jakarta,iklan_google,1992,P,False,setia
U05968,2025-10-06,Bandung,organik,1976,P,False,biasa
U05969,2025-11-24,Jakarta,iklan_meta,2004,L,False,biasa
U05970,2025-09-05,Denpasar,gojek_grab,1975,P,False,biasa
U05971,2026-03-30,Jakarta,iklan_meta,1992,L,False,biasa
U05972,2025-04-09,Yogyakarta,organik,1979,L,True,biasa
U05973,2026-02-26,Jakarta,organik,1988,P,False,biasa
U05974,2025-08-08,Bandung,iklan_google,1989,L,True,biasa
U05975,2025-07-05,Surabaya,gojek_grab,1977,P,False,biasa
U05976,2025-06-11,Jakarta,iklan_google,1988,L,False,biasa
U05977,2025-08-21,Surabaya,gojek_grab,1975,P,False,biasa
U05978,2026-02-05,Yogyakarta,iklan_meta,1996,P,False,biasa
U05979,2026-05-11,Jakarta,organik,2002,P,False,biasa
U05980,2025-01-29,Bandung,iklan_meta,1977,P,False,biasa
U05981,2025-12-27,Denpasar,iklan_google,2001,P,False,biasa
U05982,2025-06-21,Yogyakarta,iklan_meta,1978,L,False,biasa
U05983,2025-10-12,Jakarta,gojek_grab,1993,P,False,biasa
U05984,2025-01-16,Bandung,iklan_meta,1992,P,True,biasa
U05985,2025-02-25,Denpasar,organik,2001,P,False,setia
U05986,2025-12-10,Jakarta,organik,1977,P,False,biasa
U05987,2025-02-17,Jakarta,gojek_grab,1997,P,True,biasa
U05988,2026-05-11,Jakarta,iklan_google,1985,P,False,biasa
U05989,2025-12-28,Surabaya,iklan_google,1993,L,False,biasa
U05990,2025-10-17,Jakarta,iklan_meta,2004,L,False,biasa
U05991,2026-04-24,Jakarta,iklan_google,2004,L,True,biasa
U05992,2026-05-16,Jakarta,organik,1981,P,False,setia
U05993,2026-01-09,Bandung,organik,1991,P,False,biasa
U05994,2025-11-24,Jakarta,referral,1987,L,True,biasa
U05995,2025-06-19,Surabaya,iklan_google,1978,P,False,biasa
U05996,2026-03-22,Bandung,iklan_meta,1990,P,False,biasa
U05997,2025-02-27,Denpasar,iklan_meta,1990,L,False,biasa
U05998,2025-09-30,Jakarta,iklan_meta,1995,L,True,biasa
U05999,2025-11-29,Jakarta,gojek_grab,1995,P,False,setia
U06000,2026-04-12,Jakarta,organik,2000,L,False,biasa
U06001,2025-08-19,Jakarta,referral,1995,L,False,setia
U06002,2025-02-23,Jakarta,iklan_google,1985,P,True,biasa
U06003,2025-03-16,Yogyakarta,referral,1987,L,False,setia
U06004,2025-09-19,Denpasar,iklan_meta,1992,L,False,biasa
U06005,2025-09-29,Jakarta,organik,1990,L,False,biasa
U06006,2025-06-05,Jakarta,referral,1977,L,False,biasa
U06007,2025-02-11,Jakarta,iklan_google,1995,P,False,biasa
U06008,2025-05-21,Bandung,gojek_grab,1985,P,False,biasa
U06009,2026-01-16,Surabaya,gojek_grab,2004,L,True,biasa
U06010,2025-11-09,Yogyakarta,iklan_google,1986,P,False,setia
U06011,2025-04-13,Jakarta,iklan_meta,2003,P,False,biasa
U06012,2025-03-06,Denpasar,iklan_google,1986,L,False,biasa
U06013,2026-05-25,Bandung,iklan_meta,1979,P,False,biasa
U06014,2026-05-06,Jakarta,iklan_meta,1995,L,False,biasa
U06015,2025-10-24,Surabaya,iklan_meta,1979,L,False,setia
U06016,2025-06-25,Yogyakarta,iklan_google,2000,P,False,biasa
U06017,2026-01-01,Jakarta,iklan_meta,1989,P,False,biasa
U06018,2025-02-09,Jakarta,organik,1995,L,False,setia
U06019,2025-06-14,Yogyakarta,iklan_meta,1987,L,True,biasa
U06020,2025-05-06,Bandung,organik,1997,L,False,setia
U06021,2025-07-13,Jakarta,iklan_meta,2002,P,False,biasa
U06022,2025-07-15,Jakarta,iklan_meta,1976,P,False,biasa
U06023,2026-06-23,Surabaya,referral,1990,L,False,biasa
U06024,2025-08-06,Jakarta,gojek_grab,1995,L,False,biasa
U06025,2025-11-07,Jakarta,organik,2005,P,False,biasa
U06026,2025-01-07,Jakarta,organik,1978,P,False,biasa
U06027,2025-01-27,Denpasar,organik,1994,L,True,biasa
U06028,2025-04-12,Yogyakarta,referral,2000,P,False,biasa
U06029,2025-08-08,Bandung,iklan_meta,1986,L,True,biasa
U06030,2025-10-16,Jakarta,organik,1982,P,False,biasa
U06031,2026-05-01,Yogyakarta,gojek_grab,1993,P,False,biasa
U06032,2025-05-25,Surabaya,iklan_meta,1980,P,False,biasa
U06033,2025-12-01,Surabaya,gojek_grab,2006,L,False,biasa
U06034,2025-07-12,Surabaya,organik,1993,P,False,biasa
U06035,2025-09-28,Jakarta,iklan_meta,1988,L,True,biasa
U06036,2025-12-31,Jakarta,organik,1989,P,False,biasa
U06037,2026-04-14,Jakarta,iklan_google,1987,P,False,biasa
U06038,2026-02-07,Jakarta,gojek_grab,1982,P,False,biasa
U06039,2025-05-10,Jakarta,referral,1998,P,False,biasa
U06040,2025-10-18,Jakarta,iklan_meta,1975,P,False,biasa
U06041,2025-07-12,Bandung,iklan_google,1984,L,True,biasa
U06042,2025-08-15,Jakarta,organik,1976,P,False,biasa
U06043,2026-02-26,Bandung,iklan_meta,1989,P,False,biasa
U06044,2025-08-18,Surabaya,iklan_google,1989,P,False,biasa
U06045,2025-09-01,Jakarta,gojek_grab,1991,P,False,setia
U06046,2025-06-10,Yogyakarta,referral,1985,P,True,setia
U06047,2025-08-13,Jakarta,referral,2006,P,False,biasa
U06048,2026-06-19,Jakarta,iklan_meta,1976,P,False,setia
U06049,2025-07-07,Surabaya,iklan_meta,1999,P,False,setia
U06050,2025-03-10,Jakarta,iklan_meta,2003,P,False,setia
U06051,2025-01-02,Jakarta,organik,1981,P,True,setia
U06052,2026-03-09,Jakarta,organik,1978,P,False,biasa
U06053,2025-03-12,Surabaya,organik,1991,P,True,setia
U06054,2025-06-11,Jakarta,iklan_meta,1983,L,False,setia
U06055,2025-02-07,Jakarta,iklan_google,1979,L,False,biasa
U06056,2026-04-11,Jakarta,referral,2001,P,False,biasa
U06057,2025-02-14,Jakarta,iklan_meta,1978,L,False,setia
U06058,2026-05-21,Jakarta,gojek_grab,1997,L,False,biasa
U06059,2025-12-07,Jakarta,iklan_meta,1979,L,False,biasa
U06060,2025-12-03,Surabaya,referral,1994,P,False,biasa
U06061,2025-08-06,Surabaya,organik,2005,L,False,biasa
U06062,2026-03-28,Jakarta,organik,1999,P,False,setia
U06063,2025-03-20,Surabaya,iklan_google,1990,L,False,biasa
U06064,2026-04-11,Jakarta,organik,1993,L,False,biasa
U06065,2026-06-18,Jakarta,referral,1997,P,False,biasa
U06066,2025-06-24,Jakarta,iklan_meta,1988,P,False,biasa
U06067,2025-12-08,Surabaya,organik,2001,P,False,biasa
U06068,2025-02-19,Jakarta,referral,2006,P,False,biasa
U06069,2025-04-08,Jakarta,referral,1989,L,False,biasa
U06070,2026-06-03,Jakarta,organik,1977,P,True,biasa
U06071,2025-10-07,Surabaya,organik,1985,L,True,setia
U06072,2026-02-03,Yogyakarta,referral,1979,P,False,biasa
U06073,2025-10-19,Jakarta,referral,1996,P,True,biasa
U06074,2026-04-17,Surabaya,organik,2004,P,False,biasa
U06075,2025-06-15,Jakarta,gojek_grab,1980,P,False,biasa
U06076,2025-01-05,Bandung,gojek_grab,1987,P,False,biasa
U06077,2026-01-19,Bandung,organik,2001,L,True,biasa
U06078,2026-02-23,Jakarta,iklan_google,1995,P,False,biasa
U06079,2026-03-22,Yogyakarta,referral,1999,P,False,biasa
U06080,2026-02-23,Jakarta,organik,1984,L,False,setia
U06081,2025-02-05,Surabaya,referral,1985,P,False,biasa
U06082,2026-02-05,Bandung,gojek_grab,1988,P,False,setia
U06083,2025-12-31,Denpasar,iklan_google,2004,P,False,biasa
U06084,2026-06-22,Jakarta,referral,1991,P,False,setia
U06085,2025-07-26,Jakarta,organik,1992,P,False,setia
U06086,2026-05-16,Bandung,referral,2005,L,False,setia
U06087,2025-10-02,Jakarta,organik,1976,L,False,biasa
U06088,2026-04-26,Bandung,organik,1997,P,False,biasa
U06089,2025-09-07,Jakarta,organik,1976,P,False,biasa
U06090,2025-07-16,Surabaya,iklan_meta,1999,P,False,biasa
U06091,2026-01-27,Jakarta,iklan_google,1990,L,False,biasa
U06092,2025-04-05,Yogyakarta,organik,2004,P,False,biasa
U06093,2025-10-30,Jakarta,iklan_meta,1990,P,False,biasa
U06094,2025-08-29,Jakarta,iklan_google,1979,P,False,setia
U06095,2026-02-10,Denpasar,iklan_meta,2000,L,True,biasa
U06096,2025-01-08,Jakarta,iklan_google,1977,L,False,biasa
U06097,2026-03-30,Surabaya,referral,1975,L,False,setia
U06098,2025-11-26,Denpasar,organik,1994,P,False,biasa
U06099,2026-01-29,Surabaya,gojek_grab,1980,P,False,biasa
U06100,2025-06-27,Bandung,referral,2006,L,False,biasa
U06101,2025-05-03,Jakarta,organik,1998,L,False,biasa
U06102,2025-01-03,Jakarta,iklan_meta,1975,P,False,biasa
U06103,2026-05-15,Jakarta,iklan_google,1990,L,False,biasa
U06104,2026-05-24,Denpasar,iklan_google,2003,P,False,biasa
U06105,2025-02-24,Denpasar,iklan_meta,1996,P,False,biasa
U06106,2025-08-16,Surabaya,organik,1983,L,False,biasa
U06107,2026-05-05,Jakarta,gojek_grab,1991,P,False,biasa
U06108,2026-04-11,Denpasar,iklan_meta,1984,L,False,biasa
U06109,2025-10-28,Jakarta,organik,2002,P,False,setia
U06110,2025-10-25,Jakarta,iklan_meta,1991,P,True,biasa
U06111,2025-02-20,Jakarta,iklan_google,1989,L,False,biasa
U06112,2025-07-26,Jakarta,referral,1985,L,False,setia
U06113,2025-04-03,Bandung,referral,2001,P,False,biasa
U06114,2025-04-27,Yogyakarta,iklan_meta,1988,P,False,biasa
U06115,2025-04-30,Surabaya,organik,2002,P,False,biasa
U06116,2026-01-23,Jakarta,organik,1981,P,False,biasa
U06117,2025-03-30,Jakarta,iklan_google,2003,P,True,biasa
U06118,2025-04-17,Bandung,organik,1994,L,False,biasa
U06119,2025-05-30,Jakarta,gojek_grab,2002,P,True,biasa
U06120,2026-05-21,Surabaya,gojek_grab,1988,L,False,biasa
U06121,2025-09-25,Jakarta,gojek_grab,1987,L,False,biasa
U06122,2026-03-27,Surabaya,referral,2002,L,False,biasa
U06123,2025-10-30,Bandung,iklan_meta,1981,L,True,biasa
U06124,2025-10-23,Yogyakarta,iklan_google,2002,P,False,biasa
U06125,2025-05-06,Bandung,organik,2005,P,False,biasa
U06126,2026-01-30,Jakarta,organik,1985,P,False,biasa
U06127,2026-05-27,Jakarta,iklan_meta,1999,P,False,biasa
U06128,2025-05-05,Bandung,iklan_meta,1994,P,False,biasa
U06129,2025-03-05,Bandung,referral,1980,L,False,setia
U06130,2025-09-24,Surabaya,gojek_grab,1999,P,True,setia
U06131,2026-05-15,Bandung,referral,1988,L,True,biasa
U06132,2026-02-06,Bandung,referral,1987,L,True,biasa
U06133,2026-05-25,Yogyakarta,gojek_grab,1988,L,False,biasa
U06134,2025-05-24,Jakarta,iklan_meta,2003,L,False,biasa
U06135,2025-11-01,Yogyakarta,iklan_meta,1976,P,True,biasa
U06136,2025-08-02,Bandung,gojek_grab,1997,L,False,biasa
U06137,2025-12-23,Jakarta,gojek_grab,1984,L,False,biasa
U06138,2026-05-26,Bandung,iklan_meta,2003,L,False,biasa
U06139,2026-02-12,Bandung,referral,1992,P,False,biasa
U06140,2025-08-25,Jakarta,iklan_meta,1975,L,False,biasa
U06141,2025-03-04,Jakarta,iklan_meta,1979,P,False,biasa
U06142,2025-03-06,Jakarta,gojek_grab,1976,P,False,biasa
U06143,2025-08-07,Yogyakarta,gojek_grab,1986,L,False,biasa
U06144,2025-07-03,Jakarta,gojek_grab,1993,L,False,biasa
U06145,2026-04-28,Surabaya,iklan_google,1983,L,False,biasa
U06146,2025-04-28,Surabaya,organik,1983,P,True,biasa
U06147,2025-02-13,Jakarta,iklan_meta,1979,P,False,setia
U06148,2025-01-01,Yogyakarta,gojek_grab,2005,L,False,setia
U06149,2026-04-17,Jakarta,organik,1997,P,False,biasa
U06150,2026-06-04,Bandung,organik,1984,L,False,biasa
U06151,2025-05-03,Jakarta,iklan_google,2005,P,False,biasa
U06152,2025-08-11,Surabaya,organik,1977,L,False,biasa
U06153,2025-05-28,Jakarta,organik,1983,P,False,biasa
U06154,2025-09-02,Jakarta,organik,1975,L,False,biasa
U06155,2025-01-14,Surabaya,gojek_grab,1979,L,False,biasa
U06156,2025-01-21,Surabaya,iklan_meta,1997,L,False,biasa
U06157,2025-07-19,Jakarta,iklan_meta,1978,P,False,setia
U06158,2025-07-15,Yogyakarta,iklan_google,1991,P,True,biasa
U06159,2025-01-11,Jakarta,iklan_google,1975,P,False,biasa
U06160,2025-02-20,Bandung,gojek_grab,1980,L,False,biasa
U06161,2026-02-21,Bandung,iklan_meta,1994,L,False,biasa
U06162,2025-02-02,Jakarta,iklan_google,1978,P,False,biasa
U06163,2025-03-09,Denpasar,iklan_meta,2006,P,False,biasa
U06164,2025-10-29,Bandung,gojek_grab,1987,P,False,setia
U06165,2026-03-18,Yogyakarta,iklan_google,1993,P,False,biasa
U06166,2026-05-02,Jakarta,organik,2003,L,False,biasa
U06167,2025-08-19,Jakarta,gojek_grab,1983,P,False,biasa
U06168,2025-05-17,Jakarta,iklan_google,1994,P,False,biasa
U06169,2026-01-28,Surabaya,iklan_google,1998,L,True,biasa
U06170,2025-10-14,Surabaya,iklan_google,1992,P,True,biasa
U06171,2025-04-01,Jakarta,referral,2002,L,False,biasa
U06172,2025-08-17,Bandung,gojek_grab,1984,L,False,biasa
U06173,2025-09-22,Jakarta,iklan_google,1992,P,False,setia
U06174,2025-12-07,Jakarta,gojek_grab,2003,P,True,biasa
U06175,2025-05-27,Jakarta,gojek_grab,1983,L,False,biasa
U06176,2026-05-12,Surabaya,organik,2000,P,False,biasa
U06177,2026-02-21,Surabaya,referral,1997,P,False,biasa
U06178,2025-03-25,Jakarta,gojek_grab,1982,L,True,biasa
U06179,2025-05-26,Denpasar,organik,1992,P,True,biasa
U06180,2025-11-22,Bandung,organik,1999,L,True,biasa
U06181,2026-03-16,Jakarta,organik,2006,P,False,biasa
U06182,2026-04-18,Surabaya,iklan_meta,1982,P,False,biasa
U06183,2025-10-25,Jakarta,organik,1979,L,True,biasa
U06184,2025-11-16,Jakarta,organik,1996,L,False,biasa
U06185,2025-06-22,Yogyakarta,organik,1987,P,False,biasa
U06186,2025-06-26,Jakarta,referral,1979,P,False,setia
U06187,2025-06-03,Surabaya,organik,1975,L,False,setia
U06188,2025-02-05,Jakarta,gojek_grab,1993,P,False,biasa
U06189,2025-12-05,Jakarta,organik,1975,L,True,biasa
U06190,2025-10-19,Bandung,iklan_google,1998,P,False,biasa
U06191,2025-08-01,Bandung,iklan_meta,1998,P,False,biasa
U06192,2025-10-07,Yogyakarta,organik,1975,P,True,biasa
U06193,2025-11-17,Yogyakarta,iklan_meta,1987,P,False,biasa
U06194,2025-07-31,Denpasar,iklan_google,1998,L,False,setia
U06195,2025-09-26,Jakarta,iklan_google,1987,P,False,setia
U06196,2025-07-04,Yogyakarta,organik,1988,P,False,biasa
U06197,2026-05-28,Jakarta,iklan_meta,1981,P,True,biasa
U06198,2025-02-13,Bandung,organik,2002,P,True,setia
U06199,2025-05-23,Surabaya,organik,1977,L,False,biasa
U06200,2025-07-08,Bandung,iklan_meta,1997,P,False,biasa
