transaksi_id,tanggal,cabang_id,kota,saluran,metode_bayar,total
T0118394,2026-03-12,C04,,Takeaway,QRIS,25000
T0113986,2026-02-25,C02,Jakarta,Dine-in,Kartu Debit,93000
T0110727,2026-02-14,C01,Jakarta,Takeaway,Kartu Debit,195000
T0118627,2026-03-13,C02,Jakarta,Dine-in,Tunai,15000
T0113465,2026-02-23,C01,JAKARTA,Dine-in,QRIS,53000
T0101669,2026-01-12,C02,Jakarta,Dine-in,QRIS,18000
T0119790,17/03/2026,C03,bandung,Dine-in,QRIS,84000
T0118761,2026-03-13,C05,Yogyakarta,Delivery,Tunai,15000
T0119251,2026-03-15,C02,Jakarta,Takeaway,-,102000
T0108438,2026-02-06,C02,Jakarta,Takeaway,Kartu Debit,16200
T0116517,2026-03-06,C02,Jakarta,Dine-in,QRIS,169000
T0114583,2026-02-27,C02,Jakarta,Dine-in,Kartu Debit,Rp 47.000
T0122498,2026-03-26,C01,Jakarta,Dine-in,QRIS,36000
T0103604,2026-01-19,C05,Yogyakarta,Takeaway,QRIS,18000
T0105188,2026-01-25,C02,JAKARTA,Dine-in,QRIS,43000
T0116773,2026-03-06,C06,Denpasar,Dine-in,QRIS,50000
T0121352,2026-03-22,C02,Jakarta,Takeaway,Kartu Debit,172000
T0108150,2026-02-05,C02,Jakarta,Delivery,QRIS,69000
T0117283,2026-03-08,C03,Bandung,Dine-in,QRIS,163000
T0107689,2026-02-03,C03,bandung,Delivery,Kartu Debit,49000
T0110774,2026-02-14,C02,Jakarta,Dine-in,QRIS,50000
T0107502,2026-02-02,C05,Yogyakarta,Delivery,Kartu Debit,33000
T0099259,2026-01-02,C04,Surabaya,Dine-in,QRIS,95000
T0103929,2026-01-21,C01,Jakarta,Delivery,E-Wallet,115000
T0122973,27/03/2026,C06,Denpasar,Dine-in,QRIS,20000
T0115520,2026-03-02,C01,Jakarta,Dine-in,QRIS,108000
T0112893,2026-02-21,C03,BANDUNG,Dine-in,Tunai,87000
T0119019,14/03/2026,C04, Surabaya  ,Delivery,QRIS,25000
T0111838,2026-02-17,C05,,Delivery,E-Wallet,24000
T0111646,2026-02-17,C02, jakarta  ,Delivery,E-Wallet,115000
T0102513,16-Jan-2026,C01,Jakarta,Delivery,-,39000
T0108100,2026-02-05,C01,Jakarta,Delivery,Kartu Debit,99000
T0110323,2026-02-12,C05,Yogyakarta,Delivery,QRIS,15000
T0103039,2026-01-17,C04,SURABAYA,Delivery,QRIS,Rp 102.000
T0107566,2026-02-02,C06,Denpasar,Takeaway,E-Wallet,28000
T0102564,2026-01-16,C02,Jakarta,Delivery,Kartu Debit,14000
T0121942,2026-03-24,C01,Jakarta,Dine-in,Tunai,120000
T0114041,2026-02-25,C03,Bandung,Delivery,QRIS,52000
T0110106,2026-02-12,C01,Jakarta,DINE-IN,QRIS,
T0104747,2026-01-24,C01,Jakarta,Takeaway,Kartu Debit,22000
T0120553,20-Mar-2026,C01, Jakarta  ,Dine-in,Tunai,25000
T0104857,2026-01-24,C03,Bandung,Takeaway,E-Wallet,134000
T0100457,2026-01-07,C03,Bandung,Takeaway,QRIS,18000
T0120713,20-Mar-2026,C04,Surabaya,Takeaway,E-Wallet,181450
T0116697,06/03/2026,C04,Surabaya,Takeaway,E-Wallet,148200
T0105303,2026-01-25,C04,Surabaya,Dine-in,QRIS,74000
T0106938,2026-01-31,C05,Yogyakarta,Dine-in,QRIS,28000
T0107353,2026-02-02,C01, Jakarta  ,Takeaway,E-Wallet,65000
T0108056,2026-02-04,C06,Denpasar,Delivery,Tunai,30000
T0117369,2026-03-08,C04,Surabaya,Delivery,QRIS,Rp 50.000
,,,,,,
T0114957,2026-02-28,C02,JKT,Delivery,E-Wallet,30000
T0100240,2026-01-06,C03,Bandung,Takeaway,QRIS,33000
T0110242,2026-02-12,C03,Bandung,Dine-in,QRIS,20000
T0121921,2026-03-24,C01,Jakarta,Takeaway,E-Wallet,120000
T0103489,2026-01-19,C02,Jakarta,Takeaway,QRIS,65000
T0123862,2026-03-30,C05,JKT,Takeaway,QRIS,90000
T0114245,2026-02-26,C01,Jakarta,Dine-in,E-Wallet,
T0110960,2026-02-14,C05,Yogyakarta,Dine-in,QRIS,35000
T0117032,2026-03-07,C03,Bandung,Dine-in,Kartu Debit,48000
T0114567,2026-02-27,C02,Jakarta,Takeaway,QRIS,38000
T0119248,2026-03-15,C02,,Dine-in,QRIS,Rp 58.000
T0120783,2026-03-20,C05,Yogyakarta,Takeaway,E-Wallet,113000
T0110103,2026-02-12,C01,Jakarta,Delivery,-,48000
T0123140,2026-03-28,C03,Bandung,Delivery,Tunai,15000
T0118511,2026-03-13,C01,Jakarta,Delivery,E-Wallet,39000
T0102454,15/01/2026,C06,Denpasar,Takeaway,Tunai,18000
T0112398,2026-02-19,C05,Yogyakarta,Delivery,E-Wallet,80000
T0122918,2026-03-27,C05,Yogyakarta,Takeaway,Kartu Debit,25000
T0120167,19-Mar-2026,C01,Jakarta,Takeaway,E-Wallet,20000
T0115759,03/03/2026,C01,Jakarta,Dine-in,E-Wallet,120000
T0112478,2026-02-20,C01,Jakarta,Dine-in,E-Wallet,51000
T0104494,2026-01-23,C02,Jakarta,Delivery,E-Wallet,98000
T0117626,09-Mar-2026,C03,bandung,Dine-in,qris,Rp 75.000
T0109084,2026-02-08,C01,Jakarta,Delivery,QRIS,Rp 45.000
T0122809,2026-03-27,C03,Bandung,DINE-IN,QRIS,79000
T0101925,2026-01-13,C03,Bandung,DINE-IN,QRIS,68000
T0100446,2026-01-07,C03, bandung  ,Delivery,E-Wallet,15000
T0100685,2026-01-08,C03,Bandung,Dine-in,QRIS,39000
T0109232,2026-02-08,C04,Surabaya,Dine-in,QRIS,37000
T0109944,2026-02-11,C03,Bandung,Delivery,QRIS,81700
T0114979,28/02/2026,C03,Bandung,Takeaway,Kartu Debit,28000
T0114383,2026-02-26,C04,surabaya,Dine-in,QRIS,85000
T0102904,2026-01-17,C02,Jakarta,Takeaway,E-Wallet,Rp 12.000
T0106662,2026-01-30,C06,Denpasar,Takeaway,Tunai,62000
T0114556,2026-02-27,C02,Jakarta,Delivery,QRIS,30000
T0104109,2026-01-21,C05,Yogyakarta,DINE-IN,QRIS,98000
T0099425,01-Mar-2026,C02,Jakarta,Delivery,QRIS,30000
T0119288,2026-03-15,C03,Bandung,Dine-in,QRIS,171000
T0109642,2026-02-10,C02,JKT,Takeaway,QRIS,150000
T0103598,2026-01-19,C04,surabaya,Takeaway,QRIS,14250
T0113422,2026-02-22,C06,Denpasar,Takeaway,Tunai,39000
T0106548,2026-01-30,C04,Surabaya,Dine-in,QRIS,37800
T0098854,2026-01-01,C02,Jakarta,Dine-in,QRIS,Rp 144.000
T0104862,2026-01-24,C03,,dine in,Tunai,99000
T0116551,2026-03-06,C02,Jakarta,Delivery,QRIS,40000
T0112439,2026-02-20,C01,JAKARTA,Dine-in,QRIS,100000
T0102208,2026-01-15,C01,Jakarta,Takeaway,QRIS,86000
T0106465,2026-01-30,C03, Bandung  ,Takeaway,-,18000
T0116498,2026-03-06,C01,Jakarta,Dine-in,E-Wallet,25000
T0117129,2026-03-07,C05,Yogyakarta,Delivery,E-Wallet,131000
T0109958,2026-02-11,C03,Bandung,Dine-in,Tunai,25000
T0117487,2026-03-08,C06, Denpasar  ,Dine-in,QRIS,46000
T0123523,29/03/2026,C03,Bandung,Delivery,QRIS,20000
T0103145,18/01/2026,C01,,Delivery,Tunai,44000
T0111656,17-Feb-2026,C02, JAKARTA  ,Takeaway,Kartu Debit,96000
T0111339,2026-02-16,C01,Jakarta,Takeaway,Tunai,66000
T0118162,2026-03-11,C04, Surabaya  ,Dine-in,Kartu Debit,
T0118801,2026-03-13,C06,Denpasar,Dine-in,QRIS,168000
T0119779,17-Mar-2026,C02,Jakarta,Takeaway,Kartu Debit,86000
T0103601,2026-01-19,C04,SURABAYA,Takeaway,Tunai,
T0116777,2026-03-06,C06, Denpasar  ,Takeaway,Kartu Debit,132000
T0100561,2026-01-08,C01,Jakarta,Dine-in,Tunai,25000
T0107930,2026-02-04,C03,Bandung,Takeaway,QRIS,24000
T0102177,14-Jan-2026,C05,Yogyakarta,Delivery,E-Wallet,43000
T0116032,2026-03-04,C02,,Delivery,QRIS,35000
T0099004,2026-01-01,C04,Surabaya,Takeaway,E-Wallet,72000
T0104453,2026-01-23,C01,JAKARTA,Takeaway,Tunai,72000
T0114471,27/02/2026,C01,Jakarta,Takeaway,Kartu Debit,36000
,,,,,,
T0121330,2026-03-22,C01,Jakarta,Takeaway,QRIS,105000
T0108378,06/02/2026,C01,Jakarta,Dine-in,QRIS,25000
T0116948,2026-03-07,C02,Jakarta,Dine-in,E-Wallet,72000
T0115301,2026-03-01,C02,Jakarta,DINE-IN,QRIS,70000
T0102156,14/01/2026,C04,Surabaya,Takeaway,Kartu Debit,22000
T0112685,2026-02-20,C05,YOGYAKARTA,Dine-in,Tunai,
T0101760,2026-01-12,C04,surabaya,Delivery,QRIS,18000
T0109278,08-Feb-2026,C05,Yogyakarta,Takeaway,QRIS,126000
T0101697,2026-01-12,C02,Jakarta,Takeaway,QRIS,Rp 48.000
T0107767,2026-02-03,C05,Yogyakarta,Dine-in,E-Wallet,-185000.0
T0103605,2026-01-19,C05,YOGYAKARTA,Takeaway,Kartu Debit,80000
T0109454,2026-02-09,C03,Bandung,Dine-in,Tunai,89000
T0117663,2026-03-09,C04,Surabaya,Delivery,QRIS,12000
T0122408,2026-03-25,C06,Denpasar,Delivery,Kartu Debit,25000
T0118524,2026-03-13,C01,JAKARTA,Delivery,QRIS,Rp 20.000
T0099681,04-Jan-2026,C01,,Takeaway,Kartu Debit,87000
T0099091,01/01/2026,C05,YOGYAKARTA,Dine-in,E-Wallet,32000
T0105343,2026-01-25,C05,Yogyakarta,Takeaway,Tunai,93000
T0114304,2026-02-26,C03,BANDUNG,Delivery,Kartu Debit,130000
T0105165,2026-01-25,C02,Jakarta,Dine-in,QRIS,65000
T0105989,2026-01-28,C03,Bandung,Dine-in,Tunai,151000
T0119215,2026-03-15,C01,Jakarta,Dine-in,Tunai,Rp 256.000
T0120104,2026-03-18,C05,YOGYAKARTA,Dine-in,QRIS,55000
T0110840,2026-02-14,C03,BANDUNG,Takeaway,QRIS,178000
T0105556,2026-01-26,C03,Bandung,Dine-in,QRIS,43000
T0116015,2026-03-04,C02,Jakarta,Dine-in,Tunai,43000
T0107436,2026-02-02,C03,Bandung,Takeaway,Kartu Debit,18000
T0118356,12/03/2026,C03,Bandung,Takeaway,E-Wallet,42000
T0102767,2026-01-16,C06,Denpasar,Takeaway,Tunai,50000
T0121055,2026-03-21,C03,BANDUNG,Takeaway,Tunai,150000
T0112724,2026-02-20,C06,,Dine-in,Kartu Debit,84000
T0114925,2026-02-28,C02,Jakarta,Takeaway,E-Wallet,47500
T0100768,08/01/2026,C05,Yogyakarta,Dine-in,Kartu Debit,145000
T0119656,2026-03-16,C04,Surabaya,Dine-in,E-Wallet,46000
,,,,,,
T0112567,2026-02-20,C03,JKT,Takeaway,QRIS,Rp 12.000
T0106674,2026-01-31,C01, Jakarta  ,DINE-IN,Tunai,78850
T0107827,2026-02-04,C01,Jakarta,Delivery,QRIS,95000
T0099862,2026-01-04,C04,Surabaya,Takeaway,QRIS,146000
T0099375,2026-01-03,C01,Jakarta,Dine-in,Tunai,22000
T0122432,2026-03-25,C06,Denpasar,Dine-in,Kartu Debit,65000
T0117751,2026-03-10,C01,Jakarta,Takeaway,E-Wallet,15000
T0112663,2026-02-20,C05,Yogyakarta,Delivery,qris,40000
T0101293,01-Oct-2026,C04,Surabaya,Takeaway,Kartu Debit,77000
T0107031,2026-02-01,C01,jakarta,Takeaway,Kartu Debit,73000
T0114597,2026-02-27,C02,Jakarta,Dine-in,QRIS,128000
,,,,,,
T0099789,2026-01-04,C03,BANDUNG,Dine-in,Tunai,139000
T0121744,2026-03-23,C01,Jakarta,Takeaway,E-Wallet,50000
T0121952,2026-03-24,C01,Jakarta,Dine-in,Tunai,28000
T0102944,2026-01-17,C03,Bandung,Delivery,QRIS,17100
T0113811,2026-02-24,C03,Bandung,Dine-in,QRIS,66000
T0106432,2026-01-30,C02,Jakarta,Takeaway,Tunai,14000
T0119023,2026-03-14,C04,Surabaya,Dine-in,Tunai,18000
T0120160,2026-03-18,C06,Denpasar,Delivery,Tunai,53200
T0111919,2026-02-18,C01,Jakarta,Takeaway,Tunai,134000
T0121701,2026-03-22,C06,Denpasar,Dine-in,QRIS,22000
T0123783,2026-03-30,C03, Bandung  ,Dine-in,QRIS,Rp 95.000
T0114237,26/02/2026,C01,Jakarta,Delivery,QRIS,-27000.0
T0107386,2026-02-02,C02,Jakarta,Delivery,QRIS,15000
T0105486,26-Jan-2026,C02,Jakarta,Takeaway,Tunai,43000
T0101853,2026-01-13,C01, Jakarta  ,Takeaway,E-Wallet,96000
T0099210,2026-01-02,C03,Bandung,Dine-in,Kartu Debit,47500
T0123669,30/03/2026,C01,Jakarta,Dine-in,Tunai,108000
T0119508,16-Mar-2026,C01,Jakarta,Dine-in,Tunai,22000
T0100845,2026-01-09,C01,jakarta,Takeaway,QRIS,94000
T0102248,15/01/2026,C02,Jakarta,Dine-in,Kartu Debit,-33000.0
T0118236,12-Mar-2026,C01,Jakarta,Dine-in,QRIS,43000
T0109916,2026-02-11,C03,Bandung,Dine-in,Kartu Debit,79000
T0108083,2026-02-05,C01,Jakarta,Dine-in,Tunai,43000
T0113566,2026-02-23,C03,Bandung,Dine-in,QRIS,23750
T0105110,2026-01-25,C01,Jakarta,Takeaway,QRIS,18000
T0100060,05/01/2026,C03,BANDUNG,Takeaway,QRIS,40000
T0098997,2026-01-01,C04,Surabaya,Takeaway,Tunai,18000
T0110901,2026-02-14,C04,Surabaya,Takeaway,E-Wallet,
T0099593,2026-01-03,C04, SURABAYA  ,Delivery,Tunai,240000
T0104969,2026-01-24,C04,Surabaya,Takeaway,QRIS,25000
T0117788,2026-03-10,C01,Jakarta,Delivery,QRIS,18000
T0110896,2026-02-14,C04,Surabaya,Dine-in,QRIS,35000
T0123969,2026-03-31,C02,Jakarta,Dine-in,Tunai,28000
T0118885,2026-03-14,C02,Jakarta,Delivery,E-Wallet,16200
T0099737,2026-01-04,C02,Jakarta,Delivery,Kartu Debit,100000
T0112272,2026-02-19,C03,Bandung,Takeaway,E-Wallet,56000
T0113847,2026-02-24,C04,Surabaya,Dine-in,Tunai,34000
T0116186,04-Mar-2026,C06,Denpasar,Dine-in,QRIS,145000
T0118606,2026-03-13,C02,Jakarta,Delivery,Tunai,20000
T0105420,26-Jan-2026,C01,JAKARTA,Takeaway,E-Wallet,116000
T0117613,09-Mar-2026,C03,Bandung,Dine-in,QRIS,136000
T0113264,2026-02-22,C03,Bandung,Dine-in,Tunai,53000
T0114551,2026-02-27,C02,JKT,Dine-in,E-Wallet,125400
T0101615,11-Jan-2026,C05,Yogyakarta,Delivery,Tunai,53200
T0099773,2026-01-04,C02,,dine in,QRIS,Rp 15.000
T0104262,22/01/2026,C03,,Dine-in,Tunai,87000
T0105236,2026-01-25,C03,Bandung,Dine-in,QRIS,130000
T0122181,25/03/2026,C01,Jakarta,Dine-in,Kartu Debit,18000
T0109592,2026-02-10,C01,Jakarta,Takeaway,Tunai,99000
T0107352,2026-02-02,C01, Jakarta  ,Takeaway,QRIS,15000
T0102688,2026-01-16,C04,Surabaya,Takeaway,E-Wallet,57000
T0112331,2026-02-19,C04,Surabaya,Dine-in,QRIS,43000
T0120274,2026-03-19,C02,Jakarta,Takeaway,E-Wallet,15000
T0104618,2026-01-23,C04,Surabaya,Delivery,QRIS,60000
T0120661,2026-03-20,C03,Bandung,Dine-in,E-Wallet,15000
T0115559,2026-03-02,C03,Bandung,Dine-in,Kartu Debit,
T0105292,2026-01-25,C04,Surabaya,Dine-in,Kartu Debit,24000
T0119940,2026-03-18,C01,Jakarta,Delivery,E-Wallet,28500
T0118957,2026-03-14,C03,Bandung,Dine-in,qris,70000
T0102955,2026-01-17,C03,Bandung,Takeaway,QRIS,43200
T0105629,26/01/2026,C06,Denpasar,Dine-in,QRIS,180000
T0108520,2026-02-06,C03,Bandung,Dine-in,E-Wallet,Rp 217.000
T0121284,2026-03-22,C01,Jakarta,Takeaway,QRIS,Rp 78.000
T0106662,2026-01-30,C06,Denpasar,Takeaway,Tunai,62000
T0101207,2026-01-10,C03, Bandung  ,Delivery,Tunai,113000
T0120427,2026-03-19,C04,,Delivery,E-Wallet,25200
T0112603,2026-02-20,C03,Bandung,Takeaway,Kartu Debit,149000
T0117327,2026-03-08,C03,Bandung,Dine-in,-,30000
T0113731,2026-02-24,C01,Jakarta,Dine-in,QRIS,87000
T0115065,2026-02-28,C04,Surabaya,Takeaway,E-Wallet,130000
T0102997,2026-01-17,C04,Surabaya,Dine-in,E-Wallet,25000
T0099684,2026-01-04,C01,Jakarta,Takeaway,E-Wallet,28000
T0101140,2026-01-10,C02,jakarta,Delivery,Tunai,
T0104711,2026-01-23,C06,Denpasar,Takeaway,Tunai,65000
T0120282,2026-03-19,C02,Jakarta,Dine-in,QRIS,66000
T0110520,13/02/2026,C03,Bandung,Dine-in,Kartu Debit,25000
T0117413,2026-03-08,C05,Yogyakarta,Dine-in,Tunai,20000
T0113735,2026-02-24,C01,Jakarta,Dine-in,Kartu Debit,
T0103432,2026-01-18,C06,Denpasar,Dine-in,E-Wallet,86000
T0115258,2026-03-01,C01,Jakarta,Takeaway,QRIS,28000
T0118237,2026-03-12,C01,Jakarta,Dine-in,QRIS,25000
T0108692,2026-02-07,C01,JKT,Takeaway,QRIS,24000
T0118801,2026-03-13,C06,Denpasar,Dine-in,QRIS,168000
T0115662,2026-03-02,C05,Yogyakarta,Takeaway,Tunai,28000
T0109491,2026-02-09,C04,Surabaya,Dine-in,E-Wallet,101000
T0106597,2026-01-30,C05,,Dine-in,QRIS,49000
T0116903,2026-03-07,C02,Jakarta,Delivery,QRIS,44000
T0104452,2026-01-23,C01,Jakarta,Takeaway,QRIS,62000
T0115132,2026-02-28,C05,Yogyakarta,Takeaway,QRIS,54000
T0114854,28-Feb-2026,C01,Jakarta,Dine-in,E-Wallet,71250
T0100067,05-Jan-2026,C04,Surabaya,Dine-in,Tunai,41800
T0118589,2026-03-13,C02,Jakarta,Delivery,QRIS,36000
T0104447,2026-01-23,C01,,Takeaway,QRIS,18000
T0122829,27/03/2026,C03,Bandung,Dine-in,Kartu Debit,33250
T0102429,2026-01-15,C05,Yogyakarta,Dine-in,QRIS,52000
T0123517,2026-03-29,C03,Bandung,Takeaway,E-Wallet,0
T0109332,2026-02-08,C06,Denpasar,Takeaway,QRIS,15000
T0123671,2026-03-30,C01,jakarta,Takeaway,E-Wallet,109000
T0110308,2026-02-12,C05,YOGYAKARTA,Dine-in,QRIS,18000
T0098785,2026-01-01,C01,Jakarta,Delivery,Tunai,
T0122133,2026-03-24,C06,DENPASAR,Delivery,Kartu Debit,76000
T0110336,12/02/2026,C06,Denpasar,Dine-in,Tunai,25000
T0107189,2026-02-01,C04, Surabaya  ,Delivery,Tunai,95000
T0113187,2026-02-22,C02,Jakarta,Takeaway,E-Wallet,214000
T0104335,2026-01-22,C05,Yogyakarta,Dine-in,Tunai,126000
T0104845,2026-01-24,C02,Jakarta,Takeaway,QRIS,24000
T0106087,2026-01-28,C06, Denpasar  ,Takeaway,QRIS,51300
T0115323,2026-03-01,C02, Jakarta  ,Dine-in,QRIS,Rp 179.000
T0123504,2026-03-29,C03,Bandung,Delivery,QRIS,Rp 45.000
T0103969,2026-01-21,C01,Jakarta,Dine-in,Kartu Debit,101000
T0118288,12/03/2026,C01,JAKARTA,Delivery,QRIS,28000
T0121149,2026-03-21,C04,Surabaya,Dine-in,Kartu Debit,155000
T0123881,2026-03-30,C06,Denpasar,Delivery,Kartu Debit,15000
T0099439,2026-01-03,C02, Jakarta  ,Dine-in,E-Wallet,
T0100508,2026-01-07,C04,Surabaya,Delivery,-,165000
T0107647,2026-02-03,C02,Jakarta,Takeaway,QRIS,66000
T0105485,2026-01-26,C02,Jakarta,Takeaway,QRIS,49000
T0119172,14/03/2026,C06,Denpasar,Delivery,QRIS,Rp 171.000
T0100152,2026-01-06,C01,Jakarta,Takeaway,qris,64000
T0120110,18-Mar-2026,C05,Yogyakarta,Dine-in,qris,55000
T0115052,2026-02-28,C04,Surabaya,Dine-in,QRIS,53000
T0107587,2026-02-03,C01,Jakarta,Delivery,Kartu Debit,50000
T0123136,2026-03-28,C02,Jakarta,Dine-in,QRIS,25000
T0109959,2026-02-11,C03,,Takeaway,E-Wallet,18000
T0119703,16/03/2026,C06,Denpasar,Takeaway,QRIS,28000
,,,,,,
T0102411,15/01/2026,C05,yogyakarta,Takeaway,QRIS,54900
T0107958,2026-02-04,C04,Surabaya,Takeaway,QRIS,63000
T0100008,2026-01-05,C02,Jakarta,Dine-in,Kartu Debit,18000
T0101289,2026-01-10,C04,Surabaya,Dine-in,E-Wallet,15000
T0123324,2026-03-28,C06,Denpasar,Dine-in,E-Wallet,25000
T0118927,2026-03-14,C02,Jakarta,Dine-in,QRIS,154000
T0121914,2026-03-24,C01,JKT,Dine-in,QRIS,Rp 49.000
T0114179,2026-02-25,C06,Denpasar,Takeaway,Kartu Debit,24000
,,,,,,
T0112976,2026-02-21,C04,Surabaya,Dine-in,QRIS,158000
T0101465,2026-01-11,C03,Bandung,Delivery,E-Wallet,32000
T0122270,2026-03-25,C03,Bandung,Takeaway,Kartu Debit,24000
T0123917,2026-03-31,C01,Jakarta,Delivery,Tunai,50000
T0121955,2026-03-24,C01,Jakarta,Takeaway,QRIS,24000
T0103660,2026-01-19,C06,Denpasar,Dine-in,QRIS,18000
T0118042,2026-03-11,C02,,Dine-in,QRIS,58000
T0114385,2026-02-26,C04,Surabaya,Dine-in,QRIS,43000
T0100409,2026-01-07,C02,Jakarta,Delivery,QRIS,108000
T0121068,2026-03-21,C03,Bandung,Dine-in,E-Wallet,58000
T0112361,2026-02-19,C05,Yogyakarta,Dine-in,Tunai,76000
T0117958,10/03/2026,C06,Denpasar,Takeaway,QRIS,0
T0109053,2026-02-08,C01,Jakarta,Dine-in,QRIS,48000
,,,,,,
T0122260,2026-03-25,C03,Bandung,Takeaway,Tunai,65000
T0105263,25/01/2026,C04,Surabaya,Takeaway,E-Wallet,86000
T0112615,2026-02-20,C03,,Takeaway,Kartu Debit,296000
T0115524,02/03/2026,C01,Jakarta,Delivery,QRIS,58500
T0116622,2026-03-06,C03,Bandung,Dine-in,Kartu Debit,72000
T0116602,06/03/2026,C03,Bandung,Dine-in,E-Wallet,Rp 25.000
T0104941,2026-01-24,C04,Surabaya,Dine-in,Kartu Debit,Rp 63.000
T0100159,2026-01-06,C01,Jakarta,Dine-in,QRIS,37000
T0109161,2026-02-08,C03,Bandung,Dine-in,Kartu Debit,74000
T0115089,2026-02-28,C04, Surabaya  ,Takeaway,QRIS,18000
T0121044,2026-03-21,C03,,Dine-in,QRIS,167000
T0117643,2026-03-09,C04,surabaya,Dine-in,E-Wallet,24000
T0107933,2026-02-04,C03,Bandung,Delivery,QRIS,50000
T0112101,2026-02-18,C05,Yogyakarta,Takeaway,QRIS,14000
T0111937,2026-02-18,C01,Jakarta,Dine-in,Tunai,67000
T0121475,2026-03-22,C03,Bandung,Delivery,QRIS,50000
T0112299,2026-02-19,C03,Bandung,Dine-in,Kartu Debit,15000
T0112807,2026-02-21,C02,Jakarta,Takeaway,QRIS,18000
T0102109,14/01/2026,C03,Bandung,dine in,Kartu Debit,97000
T0116081,04-Mar-2026,C03,Bandung,Delivery,Kartu Debit,24000
T0098836,2026-01-01,C01,Jakarta,Dine-in,QRIS,24000
T0112545,2026-02-20,C02,jakarta,Dine-in,Kartu Debit,83000
T0114714,2026-02-27,C04,surabaya,Takeaway,Kartu Debit,0
T0105828,2026-01-27,C05,JKT,Dine-in,Tunai,Rp 37.000
T0104237,2026-01-22,C03,BANDUNG,Delivery,Tunai,55000
T0099501,2026-01-03,C03,Bandung,Delivery,Tunai,37000
T0103206,2026-01-18,C02,Jakarta,Delivery,E-Wallet,46000
T0118692,13-Mar-2026,C04,Surabaya,Takeaway,QRIS,35100
T0105114,2026-01-25,C01,Jakarta,Takeaway,Kartu Debit,90000
T0113043,2026-02-21,C05,Yogyakarta,Delivery,E-Wallet,45000
T0104628,2026-01-23,C04,Surabaya,Delivery,E-Wallet,37000
T0106560,2026-01-30,C04, Surabaya  ,Takeaway,Kartu Debit,25000
T0110455,2026-02-13,C02,Jakarta,Dine-in,Tunai,37000
T0112572,2026-02-20,C03,Bandung,Delivery,E-Wallet,66500
T0110643,2026-02-13,C06,denpasar,Dine-in,E-Wallet,22000
T0102213,15/01/2026,C01,Jakarta,Takeaway,Tunai,78000
T0101339,2026-01-11,C01,Jakarta,Delivery,QRIS,79000
T0115617,2026-03-02,C04,surabaya,Takeaway,Tunai,110000
T0111532,2026-02-16,C05,Yogyakarta,Dine-in,Kartu Debit,52000
T0118906,2026-03-14,C02, jakarta  ,Dine-in,Tunai,0
,,,,,,
T0116317,2026-03-05,C03,JKT,Dine-in,-,22000
T0121476,2026-03-22,C03,BANDUNG,Takeaway,QRIS,48000
T0109052,2026-02-08,C01,Jakarta,Dine-in,QRIS,22000
T0101008,2026-01-09,C04, Surabaya  ,Dine-in,Kartu Debit,67000
T0123585,2026-03-29,C05,Yogyakarta,Takeaway,Tunai,70000
T0105979,2026-01-28,C03,Bandung,Delivery,Tunai,72000
T0111328,2026-02-16,C01,Jakarta,Delivery,Tunai,57000
T0110165,2026-02-12,C02,Jakarta,Dine-in,QRIS,Rp 54.000
T0120992,21-Mar-2026,C03,Bandung,Takeaway,QRIS,46000
T0102724,2026-01-16,C04,Surabaya,Takeaway,Kartu Debit,24000
T0116364,2026-03-05,C04,Surabaya,Takeaway,Tunai,Rp 45.000
T0120249,2026-03-19,C02,Jakarta,Dine-in,Kartu Debit,22000
T0107894,2026-02-04,C02,Jakarta,Dine-in,Kartu Debit,64000
T0102290,15/01/2026,C02,Jakarta,Delivery,QRIS,30400
T0107880,04/02/2026,C02,Jakarta,Delivery,QRIS,94000
T0111343,2026-02-16,C01,Jakarta,Delivery,Kartu Debit,56000
T0110536,2026-02-13,C03,Bandung,dine in,QRIS,18000
T0119411,15/03/2026,C05,YOGYAKARTA,Dine-in,QRIS,49000
T0102524,2026-01-16,C01,Jakarta,Takeaway,-,Rp 118.000
T0103311,2026-01-18,C04,SURABAYA,Delivery,Kartu Debit,
T0104163,2026-01-22,C01,Jakarta,Takeaway,E-Wallet,108000
T0116199,2026-03-04,C06,DENPASAR,Delivery,Tunai,92000
T0101596,2026-01-11,C05, Yogyakarta  ,Takeaway,E-Wallet,49000
T0110205,2026-02-12,C03,BANDUNG,Delivery,Tunai,91000
T0121767,23-Mar-2026,C02, Jakarta  ,Takeaway,Kartu Debit,18000
T0102454,15/01/2026,C06,Denpasar,Takeaway,Tunai,18000
T0101360,2026-01-11,C01,Jakarta,Takeaway,QRIS,15000
T0103872,2026-01-20,C05,Yogyakarta,Takeaway,E-Wallet,47500
T0112077,2026-02-18,C04,Surabaya,Takeaway,Kartu Debit,17100
T0111198,2026-02-15,C04,SURABAYA,Dine-in,QRIS,72000
T0122169,25/03/2026,C01,Jakarta,DINE-IN,E-Wallet,-43000.0
T0124018,2026-03-31,C03,BANDUNG,Takeaway,QRIS,25000
T0119185,15/03/2026,C01,Jakarta,Delivery,QRIS,60800
T0107053,01/02/2026,C01,Jakarta,Takeaway,QRIS,32000
T0123003,2026-03-27,C06,denpasar,Delivery,Kartu Debit,39000
T0115944,2026-03-03,C06,Denpasar,DINE-IN,E-Wallet,120000
T0112765,2026-02-21,C01,Jakarta,Takeaway,E-Wallet,35000
T0119993,2026-03-18,C02,Jakarta,DINE-IN,E-Wallet,25000
T0105334,2026-01-25,C05,Yogyakarta,Dine-in,E-Wallet,40000
T0101280,10-Jan-2026,C04,Surabaya,Dine-in,QRIS,56000
T0121884,2026-03-23,C05,Yogyakarta,Takeaway,Tunai,25000
T0104885,24-Jan-2026,C03,BANDUNG,Takeaway,E-Wallet,Rp 22.000
T0107685,03-Feb-2026,C03, Bandung  ,Dine-in,E-Wallet,133000
T0112159,2026-02-19,C01,Jakarta,Takeaway,E-Wallet,44000
T0112346,2026-02-19,C04,Surabaya,Takeaway,qris,14000
T0114333,26/02/2026,C03,Bandung,Dine-in,Tunai,22000
T0123649,2026-03-29,C06,,Dine-in,Kartu Debit,47500
T0107838,2026-02-04,C01, Jakarta  ,Dine-in,E-Wallet,42000
T0105128,2026-01-25,C01,Jakarta,Takeaway,QRIS,90000
T0099744,04/01/2026,C02,Jakarta,Dine-in,Tunai,74000
T0113864,2026-02-24,C04,Surabaya,Delivery,Tunai,53000
T0102558,2026-01-16,C02,Jakarta,Takeaway,Tunai,113000
T0103868,2026-01-20,C05,Yogyakarta,Takeaway,qris,56000
T0117421,2026-03-08,C05,Yogyakarta,Dine-in,QRIS,64000
T0116183,2026-03-04,C05,yogyakarta,Takeaway,Tunai,16200
T0118312,12/03/2026,C02,Jakarta,Takeaway,QRIS,0
T0118759,2026-03-13,C05,Yogyakarta,Dine-in,Kartu Debit,56000
T0107904,2026-02-04,C03,Bandung,Delivery,Tunai,87000
T0123969,2026-03-31,C02,Jakarta,Dine-in,Tunai,28000
T0106624,2026-01-30,C06,Denpasar,Takeaway,E-Wallet,Rp 67.000
T0123767,30/03/2026,C03,Bandung,Takeaway,E-Wallet,72000
T0113564,2026-02-23,C03,Bandung,Takeaway,Tunai,52000
T0110795,2026-02-14,C03,Bandung,Takeaway,E-Wallet,66000
T0104710,2026-01-23,C06, Denpasar  ,Dine-in,E-Wallet,57000
T0109528,2026-02-09,C05,Yogyakarta,Dine-in,-,75000
T0123121,2026-03-28,C02,JAKARTA,Dine-in,QRIS,-50000.0
T0124119,2026-03-31,C05,Yogyakarta,Dine-in,QRIS,18000
T0124060,2026-03-31,C04,Surabaya,Takeaway,QRIS,34000
T0111852,2026-02-17,C05,Yogyakarta,Takeaway,QRIS,
T0115843,2026-03-03,C03,Bandung,Delivery,Tunai,18000
T0108985,2026-02-07,C06,Denpasar,Takeaway,Kartu Debit,106000
T0115768,2026-03-03,C01, Jakarta  ,Dine-in,E-Wallet,101000
T0099379,2026-01-03,C01,Jakarta,Delivery,Tunai,46000
T0099964,2026-01-05,C01,Jakarta,Takeaway,Kartu Debit,24000
T0102585,16-Jan-2026,C02,Jakarta,Takeaway,QRIS,123000
T0102214,15-Jan-2026,C01,Jakarta,Takeaway,E-Wallet,97000
T0100075,2026-01-05,C04,JKT,Dine-in,Tunai,19000
T0103490,2026-01-19,C02,Jakarta,Takeaway,QRIS,99000
T0102951,2026-01-17,C03,bandung,Delivery,E-Wallet,25000
T0118217,2026-03-11,C06,Denpasar,Delivery,Tunai,59000
T0116459,2026-03-05,C06, Denpasar  ,Delivery,E-Wallet,60000
T0101460,2026-01-11,C03,JKT,DINE-IN,QRIS,28000
T0109138,2026-02-08,C02,Jakarta,Dine-in,QRIS,35000
T0112225,19/02/2026,C02,Jakarta,Delivery,E-Wallet,53000
T0122963,27/03/2026,C05,Yogyakarta,Takeaway,Tunai,36000
T0103146,2026-01-18,C01,Jakarta,Takeaway,E-Wallet,71000
T0105745,2026-01-27,C03,Bandung,Dine-in,Tunai,58000
T0105398,2026-01-25,C06,Denpasar,Delivery,E-Wallet,23750
T0121665,2026-03-22,C06,Denpasar,Dine-in,QRIS,40000
T0108840,2026-02-07,C03,Bandung,Dine-in,QRIS,88000
T0121370,2026-03-22,C02,Jakarta,Dine-in,Tunai,15000
T0100617,2026-01-08,C02,jakarta,Takeaway,E-Wallet,77000
T0110596,13-Feb-2026,C05,Yogyakarta,dine in,QRIS,60000
T0101847,2026-01-13,C01,Jakarta,Dine-in,QRIS,37000
T0109746,2026-02-10,C04,Surabaya,Dine-in,QRIS,54000
T0121380,22/03/2026,C02,Jakarta,Takeaway,Kartu Debit,19000
T0108122,2026-02-05,C01,JKT,Delivery,QRIS,
T0110698,2026-02-14,C01,Jakarta,Dine-in,Kartu Debit,25000
T0102941,2026-01-17,C03,Bandung,Takeaway,Kartu Debit,17100
T0122976,2026-03-27,C06,Denpasar,Delivery,QRIS,32000
T0123012,28/03/2026,C01, Jakarta  ,Takeaway,Tunai,
T0110771,14-Feb-2026,C02,Jakarta,Dine-in,QRIS,25000
T0119570,2026-03-16,C03,Bandung,Takeaway,QRIS,75000
T0111430,16/02/2026,C03,Bandung,Takeaway,Tunai,70000
T0114155,2026-02-25,C05,Yogyakarta,Takeaway,QRIS,126350
T0114101,2026-02-25,C04,Surabaya,dine in,QRIS,-18000.0
T0102139,2026-01-14,C04,SURABAYA,Takeaway,Tunai,50000
T0123412,2026-03-29,C02, jakarta  ,Dine-in,E-Wallet,90250
T0115668,2026-03-02,C05,Yogyakarta,Takeaway,E-Wallet,37000
T0112449,20/02/2026,C01,Jakarta,Delivery,Tunai,86000
T0111437,2026-02-16,C03,Bandung,Takeaway,QRIS,60000
T0123328,2026-03-28,C06, Denpasar  ,Dine-in,Kartu Debit,62000
T0104974,2026-01-24,C04,Surabaya,Delivery,Tunai,101000
T0100111,2026-01-05,C05,Yogyakarta,Delivery,Tunai,62700
T0099941,2026-01-04,C05,Yogyakarta,Delivery,Kartu Debit,65000
T0110790,2026-02-14,C03,Bandung,DINE-IN,QRIS,50000
T0118541,2026-03-13,C01,Jakarta,Dine-in,QRIS,53000
T0108975,2026-02-07,C05,JKT,Takeaway,E-Wallet,18000
T0100127,2026-01-05,C05,JKT,Dine-in,qris,24000
T0105989,2026-01-28,C03,Bandung,Dine-in,Tunai,151000
T0107704,2026-02-03,C03,Bandung,Delivery,E-Wallet,22500
T0102956,2026-01-17,C03,bandung,Dine-in,Tunai,69000
T0101849,2026-01-13,C01,Jakarta,Delivery,Kartu Debit,64000
T0118345,2026-03-12,C03,Bandung,Delivery,QRIS,38000
T0099922,2026-01-04,C05,Yogyakarta,Dine-in,E-Wallet,28000
T0119342,2026-03-15,C03,Bandung,Takeaway,QRIS,18000
T0111994,2026-02-18,C03,Bandung,Takeaway,QRIS,
T0105916,2026-01-28,C02,Jakarta,Takeaway,QRIS,50000
T0120012,2026-03-18,C03,,Dine-in,E-Wallet,52000
T0118670,2026-03-13,C03,Bandung,Takeaway,Kartu Debit,Rp 48.000
T0101790,2026-01-12,C04,Surabaya,DINE-IN,QRIS,22000
T0111790,17/02/2026,C04,Surabaya,Dine-in,Kartu Debit,24000
T0107199,2026-02-01,C04,Surabaya,Dine-in,Tunai,48000
T0108205,2026-02-05,C03,Bandung,DINE-IN,Kartu Debit,52000
T0099670,2026-01-04,C01,Jakarta,Dine-in,QRIS,69300
T0107853,2026-02-04,C01,JAKARTA,Takeaway,Tunai,22000
T0102369,2026-01-15,C04,Surabaya,Dine-in,Kartu Debit,23750
T0105083,2026-01-25,C01,Jakarta,Delivery,Tunai,22000
T0116458,2026-03-05,C06,denpasar,Takeaway,E-Wallet,24000
T0121734,2026-03-23,C01,Jakarta,Takeaway,Kartu Debit,121000
T0122966,2026-03-27,C06,Denpasar,Dine-in,QRIS,95000
T0122744,27/03/2026,C01,Jakarta,Takeaway,qris,43700
T0114947,2026-02-28,C02,Jakarta,Dine-in,QRIS,18000
T0109080,2026-02-08,C01,Jakarta,Takeaway,E-Wallet,61000
T0101950,13-Jan-2026,C04,Surabaya,Delivery,Kartu Debit,28000
T0104505,2026-01-23,C03,Bandung,Delivery,qris,22000
T0111433,16/02/2026,C03,Bandung,Dine-in,E-Wallet,82000
T0113673,2026-02-23,C06,Denpasar,Takeaway,Tunai,35000
T0100877,2026-01-09,C02,Jakarta,Dine-in,Tunai,36000
T0121260,2026-03-21,C06,Denpasar,Delivery,-,
T0107561,2026-02-02,C06,Denpasar,Dine-in,E-Wallet,190000
,,,,,,
T0101983,2026-01-13,C05,Yogyakarta,dine in,Kartu Debit,48000
T0103952,2026-01-21,C01, JAKARTA  ,Dine-in,QRIS,96000
T0119069,2026-03-14,C04,Surabaya,Takeaway,QRIS,117000
T0101358,2026-01-11,C01,Jakarta,Delivery,Kartu Debit,25000
T0109274,2026-02-08,C05,JKT,Takeaway,QRIS,28000
T0123516,2026-03-29,C03,Bandung,Dine-in,QRIS,20000
T0122016,2026-03-24,C03,Bandung,Takeaway,Kartu Debit,22000
T0118818,2026-03-14,C01,Jakarta,Delivery,QRIS,20000
T0102573,2026-01-16,C02,Jakarta,Takeaway,Tunai,53000
T0116302,2026-03-05,C02, jakarta  ,Delivery,Kartu Debit,53000
T0117532,09/03/2026,C01,,Dine-in,QRIS,22000
T0115720,2026-03-02,C06, denpasar  ,Takeaway,QRIS,
T0122122,2026-03-24,C05,Yogyakarta,Dine-in,E-Wallet,50000
T0115954,2026-03-04,C01, Jakarta  ,Dine-in,Kartu Debit,46000
T0099385,2026-01-03,C01,Jakarta,Dine-in,Tunai,47500
T0103478,2026-01-19,C01,Jakarta,Dine-in,E-Wallet,25000
T0123351,2026-03-29,C01,Jakarta,Delivery,Kartu Debit,180000
T0106924,2026-01-31,C04,Surabaya,Dine-in,E-Wallet,93000
T0105379,2026-01-25,C06,Denpasar,Delivery,E-Wallet,Rp 46.550
T0103299,2026-01-18,C04,Surabaya,Dine-in,Tunai,36000
T0106805,31/01/2026,C03,Bandung,Dine-in,Kartu Debit,84000
T0104931,2026-01-24,C04,Surabaya,Delivery,E-Wallet,Rp 90.000
T0108025,2026-02-04,C05,,Takeaway,QRIS,
T0104318,2026-01-22,C04,Surabaya,Dine-in,Tunai,52000
T0122597,2026-03-26,C04,Surabaya,Takeaway,E-Wallet,75000
T0105844,2026-01-27,C06,Denpasar,Takeaway,qris,58500
T0114926,28/02/2026,C02,Jakarta,Takeaway,E-Wallet,80000
T0118472,2026-03-12,C06,Denpasar,Dine-in,Tunai,15000
T0124055,2026-03-31,C04,SURABAYA,Dine-in,QRIS,0
T0108084,2026-02-05,C01, Jakarta  ,Dine-in,QRIS,63000
T0103147,2026-01-18,C01,Jakarta,Dine-in,E-Wallet,Rp 18.000
T0104016,2026-01-21,C02,Jakarta,Takeaway,Kartu Debit,Rp 40.000
T0101143,2026-01-10,C02,Jakarta,DINE-IN,E-Wallet,30000
T0115047,28/02/2026,C04,Surabaya,DINE-IN,Kartu Debit,36000
T0110115,12-Feb-2026,C01,Jakarta,Dine-in,E-Wallet,50000
T0110331,12/02/2026,C06,Denpasar,Delivery,Kartu Debit,46000
T0124082,2026-03-31,C04,SURABAYA,Takeaway,Tunai,95000
T0118147,2026-03-11,C04,JKT,Dine-in,Tunai,Rp 15.000
T0119609,2026-03-16,C03,Bandung,Dine-in,E-Wallet,15000
T0104039,2026-01-21,C03,Bandung,Delivery,QRIS,Rp 20.900
T0118238,2026-03-12,C01,Jakarta,Dine-in,QRIS,82650
T0111743,2026-02-17,C03,Bandung,Takeaway,QRIS,
T0112911,21/02/2026,C03,Bandung,Dine-in,E-Wallet,18000
T0119138,2026-03-14,C06,Denpasar,Dine-in,Tunai,18000
T0105212,25/01/2026,C03,Bandung,Dine-in,Kartu Debit,61000
T0119193,2026-03-15,C01,Jakarta,Dine-in,QRIS,14250
T0104067,2026-01-21,C04,Surabaya,Delivery,Tunai,42000
T0122508,2026-03-26,C02,jakarta,Delivery,E-Wallet,47000
T0122936,2026-03-27,C05,,Dine-in,QRIS,55000
T0112758,2026-02-21,C01,Jakarta,Delivery,QRIS,Rp 54.000
T0122831,2026-03-27,C03,Bandung,Takeaway,E-Wallet,41800
T0104165,2026-01-22,C01,Jakarta,Takeaway,E-Wallet,15000
T0106018,2026-01-28,C04, Surabaya  ,Delivery,QRIS,50000
T0121730,2026-03-23,C01, Jakarta  ,Dine-in,E-Wallet,22000
T0121650,2026-03-22,C05,Yogyakarta,Delivery,QRIS,148000
T0105275,2026-01-25,C04,Surabaya,Dine-in,E-Wallet,58000
T0107711,2026-02-03,C04,Surabaya,Dine-in,E-Wallet,28000
T0099021,2026-01-01,C04,,Takeaway,QRIS,72000
T0099915,2026-01-04,C05,Yogyakarta,Dine-in,E-Wallet,24000
T0103994,2026-01-21,C02,JKT,Dine-in,E-Wallet,86000
T0100857,2026-01-09,C01,JAKARTA,Dine-in,E-Wallet,15000
T0109250,2026-02-08,C05,Yogyakarta,Dine-in,Tunai,
T0109457,2026-02-09,C03, Bandung  ,Dine-in,QRIS,50000
T0119658,16-Mar-2026,C05,Yogyakarta,Dine-in,E-Wallet,
T0117227,2026-03-08,C01, Jakarta  ,Takeaway,E-Wallet,113050
T0107772,2026-02-03,C05,yogyakarta,Dine-in,Tunai,40000
T0104537,2026-01-23,C03,Bandung,Takeaway,QRIS,36000
T0118304,2026-03-12,C02,Jakarta,Dine-in,E-Wallet,49000
T0111303,15/02/2026,C06,Denpasar,Delivery,Kartu Debit,258000
T0111242,2026-02-15,C05,Yogyakarta,Takeaway,Tunai,30000
T0114749,2026-02-27,C05,Yogyakarta,Takeaway,Tunai,18000
T0119599,2026-03-16,C03,BANDUNG,Delivery,E-Wallet,Rp 113.000
T0117668,09/03/2026,C04,Surabaya,Dine-in,QRIS,66000
T0111332,2026-02-16,C01,Jakarta,Dine-in,E-Wallet,68000
T0120609,2026-03-20,C02,Jakarta,Delivery,QRIS,72000
T0101069,2026-01-10,C01,Jakarta,Delivery,Kartu Debit,
T0117423,2026-03-08,C05,Yogyakarta,Delivery,QRIS,160000
T0106872,2026-01-31,C04,Surabaya,Delivery,Kartu Debit,95000
T0112144,2026-02-18,C06,DENPASAR,Dine-in,E-Wallet,36000
T0112757,2026-02-21,C01,Jakarta,Dine-in,E-Wallet,45000
T0115426,01/03/2026,C05,,Dine-in,Tunai,Rp 25.000
T0115420,2026-03-01,C05,Yogyakarta,Delivery,QRIS,22000
T0107335,2026-02-02,C01,Jakarta,Dine-in,QRIS,64000
T0110041,2026-02-11,C05,Yogyakarta,DINE-IN,E-Wallet,
T0112648,2026-02-20,C04,Surabaya,Takeaway,Kartu Debit,15000
T0112273,2026-02-19,C03,Bandung,Delivery,E-Wallet,64000
T0099103,2026-01-02,C01,JAKARTA,DINE-IN,Tunai,55800
T0116428,2026-03-05,C05,YOGYAKARTA,Dine-in,QRIS,96000
T0119163,2026-03-14,C06,Denpasar,Delivery,QRIS,Rp 50.000
T0123886,2026-03-30,C06,Denpasar,Dine-in,QRIS,57000
T0112616,2026-02-20,C03,Bandung,dine in,QRIS,101000
T0121432,2026-03-22,C03,bandung,Takeaway,Kartu Debit,43000
T0108615,2026-02-06,C05,Yogyakarta,Dine-in,Tunai,12000
T0122666,2026-03-26,C05,JKT,Dine-in,Tunai,Rp 25.000
T0118338,12/03/2026,C03,Bandung,Takeaway,Kartu Debit,18000
T0114071,2026-02-25,C03,Bandung,Dine-in,Kartu Debit,105000
T0116599,2026-03-06,C03,Bandung,Takeaway,Kartu Debit,45000
T0102224,2026-01-15,C01,Jakarta,Dine-in,Kartu Debit,40000
T0110247,2026-02-12,C03,Bandung,Dine-in,E-Wallet,22000
T0102364,2026-01-15,C04,Surabaya,Takeaway,Tunai,22000
T0109700,2026-02-10,C03,Bandung,Delivery,Tunai,91000
T0113431,22/02/2026,C06,Denpasar,Dine-in,QRIS,24000
T0107016,2026-02-01,C01,Jakarta,Dine-in,-,Rp 69.350
T0105894,2026-01-28,C01,JAKARTA,Dine-in,QRIS,51000
T0111077,2026-02-15,C01,JAKARTA,Delivery,QRIS,133000
T0122437,2026-03-26,C01,Jakarta,Takeaway,QRIS,93000
T0116192,04/03/2026,C06,Denpasar,Takeaway,Kartu Debit,111000
T0102253,2026-01-15,C02,Jakarta,Delivery,Tunai,98000
T0107498,2026-02-02,C05,,Dine-in,Tunai,
T0121320,22/03/2026,C01,Jakarta,Dine-in,E-Wallet,48000
T0121799,2026-03-23,C03,Bandung,Dine-in,QRIS,14000
T0118002,2026-03-11,C01,Jakarta,Dine-in,QRIS,18000
T0120964,2026-03-21,C02,Jakarta,Takeaway,Kartu Debit,61750
T0117018,2026-03-07,C03,Bandung,Takeaway,QRIS,25000
T0115249,2026-03-01,C01,jakarta,Takeaway,Kartu Debit,81000
T0121541,2026-03-22,C04,Surabaya,Delivery,E-Wallet,
T0099376,03/01/2026,C01,Jakarta,Dine-in,Tunai,28000
T0107330,2026-02-02,C01,Jakarta,Takeaway,QRIS,12000
T0116412,2026-03-05,C05,Yogyakarta,Dine-in,QRIS,Rp 118.000
T0109887,11-Feb-2026,C02,Jakarta,Delivery,Tunai,115000
T0104650,2026-01-23,C05,yogyakarta,Dine-in,E-Wallet,117000
T0112609,2026-02-20,C03,Bandung,Takeaway,E-Wallet,
T0118129,2026-03-11,C04,Surabaya,dine in,-,63000
T0123882,30/03/2026,C06,Denpasar,Dine-in,Kartu Debit,65000
T0112473,2026-02-20,C01,Jakarta,Takeaway,Kartu Debit,Rp 65.000
T0103979,2026-01-21,C02,Jakarta,Dine-in,E-Wallet,21600
T0121977,24/03/2026,C02,Jakarta,Takeaway,Kartu Debit,20000
T0116782,2026-03-06,C06,Denpasar,Delivery,Kartu Debit,52000
T0113705,2026-02-24,C01,Jakarta,Delivery,QRIS,213000
T0112561,2026-02-20,C03, Bandung  ,Delivery,QRIS,62000
T0117480,2026-03-08,C06,Denpasar,Dine-in,E-Wallet,24000
T0107947,2026-02-04,C03,Bandung,Dine-in,E-Wallet,101000
T0116811,2026-03-07,C01,Jakarta,Dine-in,Tunai,28000
T0114000,2026-02-25,C02,Jakarta,Takeaway,QRIS,68000
T0104629,2026-01-23,C04,Surabaya,Takeaway,Tunai,25000
T0099422,2026-01-03,C02,Jakarta,Dine-in,QRIS,18000
T0120701,2026-03-20,C04,Surabaya,Dine-in,qris,57000
T0123831,2026-03-30,C04,Surabaya,Takeaway,Kartu Debit,76000
T0111368,2026-02-16,C02,JAKARTA,Dine-in,Tunai,49000
T0123905,2026-03-31,C01,Jakarta,Dine-in,Kartu Debit,52250
T0104741,24/01/2026,C01,Jakarta,DINE-IN,QRIS,
T0122832,2026-03-27,C03, Bandung  ,Dine-in,QRIS,49000
T0113428,2026-02-22,C06,Denpasar,Dine-in,QRIS,18000
T0119348,2026-03-15,C03,BANDUNG,Dine-in,QRIS,18000
T0105474,2026-01-26,C02,Jakarta,Takeaway,E-Wallet,63000
T0108383,2026-02-06,C01,Jakarta,Delivery,Tunai,127000
T0124068,2026-03-31,C04,Surabaya,Takeaway,Kartu Debit,
T0104356,2026-01-22,C05,Yogyakarta,Takeaway,QRIS,135850
T0120776,2026-03-20,C05,Yogyakarta,Delivery,Kartu Debit,26600
T0115538,2026-03-02,C02, Jakarta  ,Dine-in,E-Wallet,109000
T0112106,2026-02-18,C05,yogyakarta,Delivery,Tunai,Rp 33.000
T0121408,22-Mar-2026,C03,Bandung,Dine-in,QRIS,89000
T0122063,2026-03-24,C04,Surabaya,Delivery,E-Wallet,175750
T0104450,2026-01-23,C01,JAKARTA,Dine-in,QRIS,61750
T0117540,2026-03-09,C01,Jakarta,Dine-in,Tunai,99000
T0117715,2026-03-09,C06,Denpasar,Takeaway,E-Wallet,24000
T0114358,2026-02-26,C04, Surabaya  ,Dine-in,QRIS,
T0108094,2026-02-05,C01,Jakarta,Dine-in,QRIS,126000
T0113001,2026-02-21,C04,Surabaya,Delivery,Tunai,63000
T0112059,2026-02-18,C04,Surabaya,Delivery,Kartu Debit,43000
T0103793,2026-01-20,C03,Bandung,DINE-IN,QRIS,15000
T0106299,29-Jan-2026,C05,Yogyakarta,Delivery,Tunai,Rp 18.000
T0113156,2026-02-22,C01,jakarta,Dine-in,E-Wallet,24000
T0116371,05-Mar-2026,C04,Surabaya,Dine-in,QRIS,56000
T0117151,2026-03-07,C06,Denpasar,Takeaway,QRIS,18000
T0108132,2026-02-05,C02,Jakarta,Dine-in,Tunai,25000
T0115643,2026-03-02,C04,Surabaya,Delivery,QRIS,
T0104831,2026-01-24,C02, jakarta  ,Delivery,QRIS,15000
T0105802,2026-01-27,C04,,Takeaway,QRIS,Rp 65.000
T0122873,2026-03-27,C04,Surabaya,Dine-in,QRIS,96000
T0104899,2026-01-24,C03,Bandung,Takeaway,QRIS,
T0108272,05-Feb-2026,C04,Surabaya,Takeaway,Tunai,18000
T0113808,2026-02-24,C03,BANDUNG,Takeaway,QRIS,Rp 35.150
T0112705,2026-02-20,C06,Denpasar,Takeaway,QRIS,53000
T0113175,2026-02-22,C01,Jakarta,Delivery,Tunai,74000
T0113966,2026-02-25,C01,Jakarta,Takeaway,Kartu Debit,70300
T0119347,2026-03-15,C03,Bandung,Delivery,E-Wallet,22000
T0112997,2026-02-21,C04,Surabaya,Dine-in,Tunai,104000
T0101969,2026-01-13,C05,,Takeaway,QRIS,45000
T0124124,2026-03-31,C06,Denpasar,Dine-in,QRIS,28000
T0100547,2026-01-07,C05,yogyakarta,Dine-in,QRIS,-35000.0
T0110316,2026-02-12,C05,Yogyakarta,Dine-in,E-Wallet,70000
T0116989,07/03/2026,C03,Bandung,Delivery,QRIS,70000
T0113126,22-Feb-2026,C01,Jakarta,Takeaway,Tunai,18000
T0106448,2026-01-30,C02,Jakarta,DINE-IN,Kartu Debit,61000
T0110926,2026-02-14,C04,SURABAYA,Delivery,E-Wallet,50000
T0118082,11/03/2026,C03,Bandung,Dine-in,-,15000
T0106938,2026-01-31,C05,Yogyakarta,Dine-in,QRIS,28000
T0117342,2026-03-08,C03, Bandung  ,Delivery,QRIS,18000
T0113215,2026-02-22,C02,JKT,Delivery,E-Wallet,89000
T0118555,2026-03-13,C01,JAKARTA,Delivery,Kartu Debit,74000
T0122608,2026-03-26,C04,Surabaya,Dine-in,Kartu Debit,12000
T0100107,2026-01-05,C05,Yogyakarta,Delivery,QRIS,
T0122991,2026-03-27,C06,Denpasar,Dine-in,E-Wallet,28000
T0099398,2026-01-03,C01,jakarta,Dine-in,E-Wallet,18000
T0100495,07/01/2026,C04,SURABAYA,DINE-IN,QRIS,285000
T0114045,2026-02-25,C03,Bandung,Dine-in,Kartu Debit,102000
T0120309,2026-03-19,C03,Bandung,Takeaway,E-Wallet,44000
T0112583,20/02/2026,C03,JKT,Takeaway,QRIS,45000
T0107258,2026-02-01,C05,yogyakarta,Dine-in,Tunai,42000
T0116880,2026-03-07,C01,Jakarta,Dine-in,Kartu Debit,18000
T0108356,2026-02-06,C01,Jakarta,Delivery,Kartu Debit,Rp 61.000
T0116071,2026-03-04,C03,Bandung,Delivery,QRIS,28000
T0122308,2026-03-25,C04,Surabaya,DINE-IN,Kartu Debit,22000
T0106008,2026-01-28,C04, Surabaya  ,Takeaway,Kartu Debit,75000
T0120271,2026-03-19,C02,Jakarta,Dine-in,QRIS,62000
T0111657,2026-02-17,C02,Jakarta,Dine-in,Tunai,56000
T0123541,2026-03-29,C04,JKT,Takeaway,Kartu Debit,84000
T0112752,21/02/2026,C01,Jakarta,Dine-in,Tunai,20900
T0114774,27/02/2026,C05,Yogyakarta,Delivery,QRIS,43000
T0118913,2026-03-14,C02,JAKARTA,Takeaway,Kartu Debit,47000
T0114639,2026-02-27,C03,Bandung,Dine-in,Kartu Debit,90000
T0113255,2026-02-22,C03,Bandung,Dine-in,E-Wallet,30000
T0111399,2026-02-16,C02,Jakarta,Delivery,Tunai,15000
T0104944,24-Jan-2026,C04,surabaya,dine in,QRIS,28000
T0109239,2026-02-08,C04,surabaya,Dine-in,Kartu Debit,45600
T0104747,2026-01-24,C01,Jakarta,Takeaway,Kartu Debit,22000
T0099216,2026-01-02,C03, Bandung  ,Dine-in,Tunai,15000
T0107287,2026-02-01,C06,Denpasar,Dine-in,Kartu Debit,
T0110515,2026-02-13,C03,Bandung,Dine-in,E-Wallet,71000
T0121272,2026-03-22,C01,Jakarta,Dine-in,Tunai,
T0120878,2026-03-21,C01,Jakarta,Dine-in,Kartu Debit,20900
T0121984,2026-03-24,C02, Jakarta  ,Takeaway,Tunai,18000
T0114472,2026-02-27,C01,Jakarta,Dine-in,E-Wallet,
T0106951,2026-01-31,C05,Yogyakarta,Dine-in,QRIS,28000
T0109522,2026-02-09,C05,yogyakarta,DINE-IN,QRIS,27000
T0104408,23-Jan-2026,C01,JKT,Dine-in,Kartu Debit,22800
T0110776,2026-02-14,C02,Jakarta,Dine-in,Tunai,167000
T0105049,2026-01-24,C06,Denpasar,Dine-in,QRIS,28000
T0121285,2026-03-22,C01,Jakarta,Dine-in,QRIS,49400
T0104542,2026-01-23,C03,Bandung,Dine-in,Tunai,
T0099876,04/01/2026,C04,SURABAYA,Dine-in,Kartu Debit,117000
T0102893,2026-01-17,C02,Jakarta,Takeaway,QRIS,84000
T0112622,2026-02-20,C04,Surabaya,Dine-in,qris,24000
T0112432,2026-02-19,C06,Denpasar,Delivery,E-Wallet,18000
T0116435,2026-03-05,C06,Denpasar,Delivery,E-Wallet,93000
T0110202,2026-02-12,C03,BANDUNG,Takeaway,E-Wallet,24000
T0108565,2026-02-06,C04,Surabaya,Dine-in,E-Wallet,65000
,,,,,,
T0105166,2026-01-25,C02,Jakarta,Delivery,Tunai,72000
T0119710,2026-03-16,C06,Denpasar,Dine-in,Kartu Debit,70000
T0100918,2026-01-09,C03,JKT,Delivery,Kartu Debit,Rp 15.000
T0121776,23-Mar-2026,C02,jakarta,Delivery,QRIS,116000
T0110861,2026-02-14,C03,Bandung,Takeaway,E-Wallet,71250
T0107446,2026-02-02,C03,BANDUNG,Takeaway,QRIS,98800
T0118764,13/03/2026,C05,Yogyakarta,Delivery,Tunai,43000
T0112506,2026-02-20,C02,Jakarta,Dine-in,Tunai,25000
T0101117,2026-01-10,C02,Jakarta,Dine-in,Kartu Debit,25000
T0109795,2026-02-10,C06,Denpasar,Dine-in,E-Wallet,-215000.0
T0104788,2026-01-24,C01,Jakarta,Dine-in,Tunai,37000
T0104735,2026-01-24,C01,Jakarta,DINE-IN,E-Wallet,40000
T0121479,2026-03-22,C03,Bandung,Takeaway,Tunai,18000
T0118298,2026-03-12,C02,Jakarta,Delivery,QRIS,
T0116706,2026-03-06,C04,Surabaya,Dine-in,Tunai,50000
T0110569,2026-02-13,C04,surabaya,Dine-in,Kartu Debit,25000
T0101745,2026-01-12,C03,Bandung,Takeaway,QRIS,60000
T0105244,25/01/2026,C03,Bandung,Takeaway,E-Wallet,83000
T0107526,2026-02-02,C05,Yogyakarta,Dine-in,Tunai,22000
T0104224,2026-01-22,C02,JAKARTA,Dine-in,E-Wallet,97000
T0122852,27/03/2026,C03,JKT,Dine-in,Tunai,142000
T0112653,2026-02-20,C04,Surabaya,Delivery,E-Wallet,Rp 85.000
T0100870,2026-01-09,C02,Jakarta,Dine-in,E-Wallet,120000
T0106519,2026-01-30,C03,Bandung,Dine-in,Kartu Debit,222000
T0122694,2026-03-26,C06, DENPASAR  ,Dine-in,Tunai,-262800.0
T0107039,2026-02-01,C01,Jakarta,Takeaway,Kartu Debit,52000
T0117442,2026-03-08,C05,Yogyakarta,Dine-in,QRIS,74000
,,,,,,
T0116296,2026-03-05,C02,Jakarta,Dine-in,Tunai,24000
T0118668,2026-03-13,C03,Bandung,Dine-in,QRIS,90000
T0110965,2026-02-14,C05,Yogyakarta,DINE-IN,QRIS,22000
T0123839,2026-03-30,C05,Yogyakarta,dine in,QRIS,99000
T0114938,2026-02-28,C02,Jakarta,Dine-in,QRIS,135000
T0101558,2026-01-11,C04,Surabaya,Takeaway,QRIS,130000
T0112303,2026-02-19,C03,Bandung,Delivery,E-Wallet,
T0106493,2026-01-30,C03,Bandung,Delivery,E-Wallet,36000
T0118811,14-Mar-2026,C01,JKT,Delivery,Kartu Debit,309000
T0112228,2026-02-19,C02,Jakarta,Delivery,Kartu Debit,Rp 97.000
T0118199,2026-03-11,C05,YOGYAKARTA,Takeaway,Kartu Debit,
T0114888,2026-02-28,C01,Jakarta,Dine-in,E-Wallet,89000
T0112088,2026-02-18,C05,Yogyakarta,Takeaway,E-Wallet,64000
T0108956,2026-02-07,C05,YOGYAKARTA,Dine-in,Tunai,15000
T0109899,2026-02-11,C02, Jakarta  ,Delivery,E-Wallet,28000
T0100954,2026-01-09,C03,Bandung,Takeaway,E-Wallet,14250
T0119013,14/03/2026,C04,Surabaya,Delivery,Tunai,18000
T0119948,2026-03-18,C01,JKT,Delivery,Tunai,25000
T0118507,13-Mar-2026,C01,Jakarta,Dine-in,E-Wallet,25000
T0103782,2026-01-20,C03,Bandung,Delivery,E-Wallet,72000
T0103148,2026-01-18,C01,Jakarta,Takeaway,Tunai,50000
T0114744,2026-02-27,C05,Yogyakarta,Delivery,E-Wallet,50000
T0101304,2026-01-10,C05,Yogyakarta,Delivery,Tunai,
T0122184,2026-03-25,C01,Jakarta,Delivery,QRIS,Rp 244.000
T0111207,2026-02-15,C04,surabaya,Dine-in,Tunai,22000
T0106664,2026-01-30,C06, Denpasar  ,Dine-in,Tunai,12000
T0114242,26-Feb-2026,C01,Jakarta,Delivery,QRIS,52000
T0103553,2026-01-19,C03,BANDUNG,Delivery,QRIS,41800
T0122223,2026-03-25,C02,Jakarta,Dine-in,QRIS,15000
T0100593,2026-01-08,C01,jakarta,Dine-in,Tunai,42000
T0121265,2026-03-21,C06,denpasar,Delivery,QRIS,12000
T0100577,2026-01-08,C01,Jakarta,Delivery,Tunai,218000
T0114642,2026-02-27,C03,Bandung,Delivery,QRIS,25200
T0105428,26-Jan-2026,C01,Jakarta,Takeaway,Kartu Debit,68000
T0114393,2026-02-26,C04,Surabaya,Delivery,QRIS,74000
T0110335,2026-02-12,C06,DENPASAR,Dine-in,E-Wallet,Rp 75.000
T0104825,24/01/2026,C02,jakarta,Dine-in,Kartu Debit,50000
T0114462,26/02/2026,C06,Denpasar,Takeaway,Kartu Debit,39000
T0105901,2026-01-28,C01,JAKARTA,Dine-in,Kartu Debit,30000
T0103947,2026-01-21,C01,Jakarta,Takeaway,QRIS,18000
T0105443,2026-01-26,C01,Jakarta,Delivery,E-Wallet,68000
T0104056,2026-01-21,C04,Surabaya,DINE-IN,Tunai,145000
T0118592,13/03/2026,C02,JAKARTA,Dine-in,QRIS,22000
T0120148,2026-03-18,C06,Denpasar,Delivery,QRIS,82000
T0115126,2026-02-28,C05,yogyakarta,Dine-in,QRIS,19800
T0105636,2026-01-26,C06, Denpasar  ,dine in,Tunai,54000
T0122951,2026-03-27,C05,Yogyakarta,Dine-in,QRIS,67000
T0112877,21/02/2026,C03,Bandung,Takeaway,Tunai,18000
T0112694,2026-02-20,C05,Yogyakarta,Dine-in,Tunai,89000
T0111843,17/02/2026,C05,YOGYAKARTA,Dine-in,QRIS,Rp 33.000
T0104867,2026-01-24,C03,Bandung,Takeaway,QRIS,
T0103963,2026-01-21,C01,Jakarta,Delivery,Tunai,44000
T0100064,2026-01-05,C04,Surabaya,Dine-in,Tunai,
T0108100,2026-02-05,C01,Jakarta,Delivery,Kartu Debit,99000
T0114884,2026-02-28,C01,Jakarta,Delivery,Tunai,Rp 25.000
T0124137,2026-03-31,C06,Denpasar,Delivery,Kartu Debit,Rp 15.000
T0116765,2026-03-06,C06,Denpasar,Dine-in,E-Wallet,44000
T0107201,2026-02-01,C04,Surabaya,Delivery,Tunai,20900
T0101159,2026-01-10,C02,Jakarta,Dine-in,E-Wallet,83000
T0118299,12/03/2026,C02,JAKARTA,Takeaway,QRIS,35000
T0116537,2026-03-06,C02,JAKARTA,Delivery,Kartu Debit,25000
T0112862,2026-02-21,C03,Bandung,Dine-in,QRIS,18000
T0117806,03-Oct-2026,C02,jakarta,dine in,Tunai,128000
T0100007,05/01/2026,C02,JAKARTA,Takeaway,QRIS,Rp 94.000
T0100139,2026-01-06,C01,,Dine-in,Tunai,43000
T0118060,2026-03-11,C02, Jakarta  ,Takeaway,QRIS,
T0112833,2026-02-21,C02,jakarta,Takeaway,QRIS,15000
T0107668,2026-02-03,C03,Bandung,Dine-in,E-Wallet,
T0106078,28/01/2026,C06,Denpasar,Takeaway,QRIS,60000
T0103328,2026-01-18,C04,SURABAYA,Dine-in,QRIS,33000
T0111511,16/02/2026,C05, Yogyakarta  ,Takeaway,Kartu Debit,
T0112759,2026-02-21,C01,Jakarta,Takeaway,Kartu Debit,49000
T0113535,2026-02-23,C03,Bandung,Dine-in,Kartu Debit,60000
T0124117,2026-03-31,C05,Yogyakarta,Dine-in,QRIS,14000
T0103379,2026-01-18,C05,Yogyakarta,Dine-in,qris,93000
T0115725,2026-03-03,C01,Jakarta,Dine-in,qris,25000
T0109638,2026-02-10,C02,Jakarta,Takeaway,Kartu Debit,
T0101973,13/01/2026,C05,Yogyakarta,Dine-in,QRIS,43000
T0117018,2026-03-07,C03,Bandung,Takeaway,QRIS,25000
T0116704,2026-03-06,C04,Surabaya,Delivery,Tunai,
T0110521,2026-02-13,C03,Bandung,Delivery,E-Wallet,15000
T0113326,2026-02-22,C04, Surabaya  ,Dine-in,QRIS,108000
T0109115,2026-02-08,C02,Jakarta,Dine-in,Tunai,36000
T0116763,2026-03-06,C06,Denpasar,Delivery,QRIS,0
T0112546,2026-02-20,C02,Jakarta,Takeaway,Kartu Debit,95000
T0102240,15-Jan-2026,C01,jakarta,Dine-in,QRIS,24000
T0101625,11/01/2026,C05,Yogyakarta,Dine-in,Tunai,43000
T0103672,2026-01-19,C06,Denpasar,Delivery,QRIS,Rp 79.000
T0108586,2026-02-06,C05,YOGYAKARTA,Takeaway,E-Wallet,22000
T0099383,03/01/2026,C01,Jakarta,Delivery,Kartu Debit,235000
T0101261,2026-01-10,C04,Surabaya,Dine-in,E-Wallet,71000
T0111544,2026-02-16,C06,Denpasar,Takeaway,Kartu Debit,65000
T0098884,01/01/2026,C02,Jakarta,Delivery,Kartu Debit,100000
T0117479,2026-03-08,C06,Denpasar,Delivery,QRIS,33000
T0104485,2026-01-23,C02,Jakarta,Takeaway,E-Wallet,44000
T0109431,09/02/2026,C03,Bandung,Dine-in,E-Wallet,74000
T0108813,2026-02-07,C03,Bandung,Takeaway,-,38000
T0115970,04-Mar-2026,C01,Jakarta,Takeaway,E-Wallet,
T0114399,2026-02-26,C04,SURABAYA,Dine-in,QRIS,74000
T0117382,2026-03-08,C04,JKT,Dine-in,QRIS,61000
T0110063,2026-02-11,C06,Denpasar,Takeaway,E-Wallet,60000
T0118067,2026-03-11,C02,Jakarta,Dine-in,Tunai,46000
T0108909,2026-02-07,C04,Surabaya,Delivery,QRIS,Rp 43.000
T0108539,06/02/2026,C04,JKT,Takeaway,QRIS,128000
T0104008,2026-01-21,C02,Jakarta,Dine-in,QRIS,111000
T0121845,2026-03-23,C04,Surabaya,Delivery,E-Wallet,
T0109612,2026-02-10,C01,Jakarta,Delivery,QRIS,60000
T0106500,30/01/2026,C03,Bandung,Takeaway,Kartu Debit,95000
T0117145,2026-03-07,C06,Denpasar,Delivery,QRIS,18000
T0122939,2026-03-27,C05,Yogyakarta,Delivery,Tunai,15000
T0102255,2026-01-15,C02,,Takeaway,E-Wallet,
T0121778,2026-03-23,C02,Jakarta,Takeaway,Tunai,135000
T0113036,2026-02-21,C05,Yogyakarta,Takeaway,Tunai,15000
T0107185,2026-02-01,C04,Surabaya,dine in,QRIS,11400
T0108426,2026-02-06,C02,Jakarta,Dine-in,Kartu Debit,99000
T0117667,2026-03-09,C04,Surabaya,Delivery,Kartu Debit,43000
T0113602,2026-02-23,C04,Surabaya,Dine-in,QRIS,Rp 44.000
T0111054,2026-02-15,C01,jakarta,Takeaway,QRIS,80000
T0101570,2026-01-11,C04,Surabaya,Delivery,Kartu Debit,
T0122091,2026-03-24,C04, Surabaya  ,Dine-in,Tunai,14250
T0101717,2026-01-12,C03,Bandung,Takeaway,E-Wallet,36000
T0121262,21/03/2026,C06,Denpasar,Dine-in,QRIS,69000
T0123431,2026-03-29,C02,Jakarta,Dine-in,Tunai,14000
T0105686,2026-01-27,C02,Jakarta,Delivery,Kartu Debit,26600
T0110837,2026-02-14,C03,BANDUNG,Dine-in,Tunai,85500
T0106903,2026-01-31,C04,Surabaya,Dine-in,E-Wallet,39000
T0109023,07/02/2026,C06,Denpasar,Delivery,QRIS,111000
T0107617,2026-02-03,C01,Jakarta,Dine-in,QRIS,25000
T0098865,2026-01-01,C02,JKT,Dine-in,QRIS,40000
T0116338,05/03/2026,C03,BANDUNG,dine in,Tunai,163000
T0104958,2026-01-24,C04,Surabaya,Takeaway,Tunai,Rp 15.000
T0100298,2026-01-06,C05,Yogyakarta,Takeaway,QRIS,15000
T0116522,06/03/2026,C02,Jakarta,dine in,E-Wallet,47000
T0108950,2026-02-07,C05,,Takeaway,Kartu Debit,15000
T0123820,2026-03-30,C04,surabaya,Dine-in,Tunai,15000
T0112693,2026-02-20,C05,Yogyakarta,Takeaway,QRIS,25000
T0111864,2026-02-17,C05,Yogyakarta,Dine-in,E-Wallet,79000
T0104863,2026-01-24,C03, Bandung  ,Dine-in,-,49000
T0107382,02/02/2026,C02, Jakarta  ,Takeaway,Tunai,112000
T0111749,2026-02-17,C03,BANDUNG,Takeaway,Kartu Debit,93000
T0103496,2026-01-19,C02,Jakarta,Dine-in,QRIS,77000
T0122611,2026-03-26,C04,Surabaya,Dine-in,QRIS,68400
T0114383,2026-02-26,C04,surabaya,Dine-in,QRIS,85000
T0119215,2026-03-15,C01,Jakarta,Dine-in,Tunai,Rp 256.000
T0106617,2026-01-30,C05,Yogyakarta,Delivery,Kartu Debit,20000
T0123723,2026-03-30,C02,Jakarta,Takeaway,QRIS,30000
T0120905,2026-03-21,C01,Jakarta,Delivery,Tunai,18000
T0111343,2026-02-16,C01,Jakarta,Delivery,Kartu Debit,56000
T0115645,2026-03-02,C05,Yogyakarta,Dine-in,Kartu Debit,24000
T0120924,2026-03-21,C02,Jakarta,DINE-IN,Tunai,
T0103260,2026-01-18,C03,Bandung,Takeaway,Tunai,190000
T0118354,2026-03-12,C03,BANDUNG,Dine-in,Tunai,65000
T0121398,2026-03-22,C03,Bandung,Delivery,QRIS,50000
T0111732,2026-02-17,C03,Bandung,Dine-in,E-Wallet,-50000.0
T0119679,2026-03-16,C05,Yogyakarta,Dine-in,Tunai,28000
T0110279,12/02/2026,C04,Surabaya,Dine-in,QRIS,24000
T0104249,22/01/2026,C03,Bandung,Delivery,E-Wallet,43000
T0107654,2026-02-03,C03,Bandung,Takeaway,QRIS,89000
T0119078,2026-03-14,C05,Yogyakarta,Takeaway,Tunai,Rp 35.000
T0100320,2026-01-06,C05,Yogyakarta,Delivery,QRIS,54000
T0119793,17/03/2026,C03,Bandung,Dine-in,QRIS,122000
T0112174,19/02/2026,C01,Jakarta,Dine-in,E-Wallet,18000
T0109813,2026-02-10,C06,Denpasar,Dine-in,Tunai,20900
T0113451,22/02/2026,C06,denpasar,DINE-IN,Kartu Debit,24000
T0114202,2026-02-26,C01,jakarta,Takeaway,QRIS,26600
T0115669,2026-03-02,C05,Yogyakarta,Takeaway,QRIS,40000
T0102772,2026-01-16,C06,Denpasar,Dine-in,E-Wallet,15000
T0103863,2026-01-20,C05,Yogyakarta,Takeaway,E-Wallet,36000
T0121285,2026-03-22,C01,Jakarta,Dine-in,QRIS,49400
T0123761,30-Mar-2026,C03,Bandung,Takeaway,Tunai,
T0115565,2026-03-02,C03,Bandung,Takeaway,QRIS,25000
T0104497,2026-01-23,C02,Jakarta,Delivery,QRIS,35000
T0117877,2026-03-10,C03,Bandung,dine in,QRIS,Rp 28.000
T0105368,2026-01-25,C05,YOGYAKARTA,Takeaway,E-Wallet,75000
T0119148,2026-03-14,C06,Denpasar,Dine-in,Kartu Debit,108000
T0122596,2026-03-26,C04,Surabaya,Dine-in,QRIS,Rp 18.000
T0103267,2026-01-18,C03,Bandung,Dine-in,E-Wallet,50000
T0106476,2026-01-30,C03, Bandung  ,Dine-in,E-Wallet,18000
T0113950,2026-02-25,C01,jakarta,dine in,E-Wallet,131000
T0111544,2026-02-16,C06,Denpasar,Takeaway,Kartu Debit,65000
T0122547,26-Mar-2026,C02,Jakarta,Takeaway,E-Wallet,Rp 251.000
T0118592,13/03/2026,C02,JAKARTA,Dine-in,QRIS,22000
T0100319,2026-01-06,C05,JKT,Dine-in,Tunai,
T0114586,2026-02-27,C02,JAKARTA,Dine-in,QRIS,49000
T0117789,2026-03-10,C01,Jakarta,Dine-in,Tunai,98000
T0114307,2026-02-26,C03,bandung,Takeaway,E-Wallet,89000
T0114340,2026-02-26,C03,Bandung,Takeaway,Tunai,54000
T0112949,2026-02-21,C03,Bandung,Dine-in,QRIS,95000
T0123411,2026-03-29,C02, Jakarta  ,Delivery,E-Wallet,50000
T0111495,2026-02-16,C05,Yogyakarta,Takeaway,QRIS,40000
T0113758,2026-02-24,C02,Jakarta,Delivery,QRIS,25000
T0105822,2026-01-27,C05,Yogyakarta,Dine-in,QRIS,92000
T0103374,2026-01-18,C05,Yogyakarta,Delivery,QRIS,105000
T0118867,14/03/2026,C01,jakarta,Delivery,E-Wallet,Rp 106.000
T0124088,2026-03-31,C05,JKT,Delivery,Kartu Debit,77000
T0111204,2026-02-15,C04,Surabaya,Dine-in,Tunai,36000
T0111917,2026-02-18,C01,Jakarta,Dine-in,qris,
T0123883,2026-03-30,C06,JKT,Dine-in,E-Wallet,141000
T0115786,03-Mar-2026,C02,Jakarta,Takeaway,QRIS,61000
T0100693,08-Jan-2026,C03,Bandung,Dine-in,QRIS,25000
T0108390,2026-02-06,C01,Jakarta,Dine-in,Tunai,56000
T0123018,2026-03-28,C01,jakarta,Takeaway,E-Wallet,85500
T0116932,2026-03-07,C02,JAKARTA,Delivery,Tunai,22000
T0117213,08/03/2026,C01,JAKARTA,Delivery,QRIS,18000
T0106858,31/01/2026,C03,Bandung,Dine-in,QRIS,18000
T0099545,2026-01-03,C03,Bandung,Dine-in,QRIS,22000
T0105856,2026-01-28,C01,Jakarta,Dine-in,Tunai,23750
T0117913,2026-03-10,C04, surabaya  ,Takeaway,QRIS,Rp 64.000
T0108045,04/02/2026,C05,YOGYAKARTA,Takeaway,Kartu Debit,0
T0123036,2026-03-28,C01,Jakarta,Dine-in,QRIS,39000
T0103630,2026-01-19,C05,Yogyakarta,Delivery,E-Wallet,28000
T0114938,2026-02-28,C02,Jakarta,Dine-in,QRIS,135000
T0118961,2026-03-14,C03,Bandung,Takeaway,Kartu Debit,81000
T0100799,2026-01-09,C01,Jakarta,Takeaway,QRIS,
T0118907,2026-03-14,C02,Jakarta,Takeaway,Kartu Debit,70000
T0120561,20/03/2026,C01,Jakarta,Delivery,QRIS,64600
T0112791,2026-02-21,C01,Jakarta,Takeaway,QRIS,36000
T0107357,02-Feb-2026,C02,JKT,Delivery,Tunai,61200
T0100499,07-Jan-2026,C04,surabaya,Dine-in,E-Wallet,16200
T0122479,2026-03-26,C01, Jakarta  ,Dine-in,QRIS,55000
T0122929,2026-03-27,C05,Yogyakarta,Takeaway,QRIS,28000
T0100562,2026-01-08,C01,Jakarta,Delivery,QRIS,0
T0114401,2026-02-26,C04,Surabaya,Delivery,E-Wallet,25000
T0111112,15-Feb-2026,C02,Jakarta,Takeaway,QRIS,205000
T0106339,2026-01-30,C01,Jakarta,Dine-in,QRIS,38000
T0116919,2026-03-07,C02,jakarta,Takeaway,Kartu Debit,56000
T0120870,2026-03-21,C01, jakarta  ,Dine-in,E-Wallet,48000
T0115713,2026-03-02,C06, Denpasar  ,Dine-in,-,72000
T0101803,12/01/2026,C05,Yogyakarta,Dine-in,QRIS,23750
T0112679,2026-02-20,C05,Yogyakarta,Dine-in,Tunai,103000
T0099377,03/01/2026,C01,Jakarta,Delivery,Tunai,85500
T0123806,2026-03-30,C04,,Takeaway,QRIS,47000
T0114468,2026-02-26,C06,Denpasar,Delivery,Tunai,40500
T0110329,2026-02-12,C05,Yogyakarta,Delivery,E-Wallet,15000
T0113714,24/02/2026,C01,JAKARTA,Dine-in,Kartu Debit,50000
T0099200,2026-01-02,C03,Bandung,Takeaway,Tunai,33250
T0108204,2026-02-05,C03,Bandung,Dine-in,QRIS,25200
T0114861,28/02/2026,C01,Jakarta,Delivery,E-Wallet,54000
T0118269,2026-03-12,C01,Jakarta,Dine-in,QRIS,
T0110217,2026-02-12,C03,Bandung,Dine-in,E-Wallet,21600
T0112756,21/02/2026,C01,Jakarta,DINE-IN,E-Wallet,73000
T0101753,12/01/2026,C04, Surabaya  ,dine in,E-Wallet,100000
T0107255,2026-02-01,C05,Yogyakarta,Takeaway,QRIS,46550
T0118107,2026-03-11,C03,Bandung,Delivery,QRIS,104000
T0099006,2026-01-01,C04,Surabaya,Dine-in,Tunai,68000
T0116188,2026-03-04,C06,Denpasar,Dine-in,QRIS,50000
T0105327,2026-01-25,C05,YOGYAKARTA,dine in,-,40000
T0109271,2026-02-08,C05,Yogyakarta,Dine-in,E-Wallet,75000
T0116108,04/03/2026,C04,Surabaya,Dine-in,QRIS,58000
T0099721,2026-01-04,C01,Jakarta,Takeaway,QRIS,54000
T0100948,2026-01-09,C03,Bandung,Dine-in,QRIS,78000
T0110641,2026-02-13,C05,JKT,Dine-in,Tunai,120000
T0115343,2026-03-01,C03,BANDUNG,Dine-in,Kartu Debit,68000
T0111134,2026-02-15,C03,Bandung,Dine-in,E-Wallet,68000
T0118746,2026-03-13,C05,Yogyakarta,Dine-in,QRIS,14250
T0121556,2026-03-22,C04,Surabaya,Dine-in,Kartu Debit,58500
T0120131,18/03/2026,C06, Denpasar  ,Takeaway,E-Wallet,45000
T0109421,09/02/2026,C02,Jakarta,Takeaway,E-Wallet,14000
,,,,,,
T0113322,2026-02-22,C04,Surabaya,Dine-in,Tunai,Rp 65.000
T0104761,2026-01-24,C01,Jakarta,Dine-in,QRIS,25000
T0104644,23/01/2026,C05,Yogyakarta,DINE-IN,QRIS,56000
T0104311,2026-01-22,C04,Surabaya,Dine-in,Kartu Debit,74000
T0115948,2026-03-04,C01,Jakarta,Dine-in,QRIS,28000
T0113212,2026-02-22,C02, Jakarta  ,Takeaway,Tunai,18000
T0121513,2026-03-22,C04,,Takeaway,Tunai,88000
T0115667,2026-03-02,C05,Yogyakarta,Dine-in,E-Wallet,43000
T0117174,2026-03-07,C06,Denpasar,Dine-in,QRIS,45900
T0122787,2026-03-27,C02,Jakarta,Takeaway,QRIS,131100
T0108565,2026-02-06,C04,Surabaya,Dine-in,E-Wallet,65000
T0100045,2026-01-05,C03,JKT,Takeaway,Kartu Debit,25000
T0116754,2026-03-06,C05, Yogyakarta  ,Dine-in,E-Wallet,40000
T0101436,2026-01-11,C02,Jakarta,Dine-in,E-Wallet,39900
T0120676,2026-03-20,C03,Bandung,Dine-in,E-Wallet,
T0100950,09-Jan-2026,C03,BANDUNG,Dine-in,Tunai,22500
T0123194,2026-03-28,C03,JKT,Takeaway,QRIS,18000
T0122946,2026-03-27,C05,Yogyakarta,Dine-in,E-Wallet,18000
T0108133,2026-02-05,C02,Jakarta,Dine-in,QRIS,93000
T0106706,2026-01-31,C01,Jakarta,Delivery,Tunai,25000
T0122858,2026-03-27,C03,Bandung,Dine-in,Kartu Debit,121000
T0109926,2026-02-11,C03,BANDUNG,Dine-in,E-Wallet,64000
T0103592,19/01/2026,C04,Surabaya,Dine-in,E-Wallet,62000
T0116081,04-Mar-2026,C03,Bandung,Delivery,Kartu Debit,24000
T0113412,2026-02-22,C06,Denpasar,Delivery,Kartu Debit,115000
T0113821,2026-02-24,C03,Bandung,Dine-in,QRIS,25000
T0106224,2026-01-29,C03,Bandung,Dine-in,QRIS,18000
T0105910,2026-01-28,C02,Jakarta,Dine-in,E-Wallet,139000
T0099307,2026-01-02,C05,Yogyakarta,Dine-in,Tunai,Rp 68.000
T0103500,2026-01-19,C02,Jakarta,Takeaway,Tunai,
T0101938,13/01/2026,C04,Surabaya,Dine-in,Kartu Debit,18000
T0122809,2026-03-27,C03,Bandung,DINE-IN,QRIS,79000
T0111515,16-Feb-2026,C05,YOGYAKARTA,Takeaway,E-Wallet,90000
T0111344,16/02/2026,C01,Jakarta,Takeaway,E-Wallet,68000
T0105249,2026-01-25,C03,Bandung,Takeaway,Tunai,122000
T0116445,2026-03-05,C06,Denpasar,Dine-in,E-Wallet,50000
T0101526,2026-01-11,C04,,Dine-in,E-Wallet,70000
T0122629,2026-03-26,C04,Surabaya,Delivery,E-Wallet,18000
T0111560,2026-02-16,C06,denpasar,Takeaway,Kartu Debit,53200
T0107827,2026-02-04,C01,Jakarta,Delivery,QRIS,95000
T0100696,2026-01-08,C03,BANDUNG,Takeaway,Tunai,104000
T0101085,2026-01-10,C01,Jakarta,Delivery,QRIS,70000
T0106520,2026-01-30,C03,Bandung,Dine-in,QRIS,50000
T0120005,2026-03-18,C02,Jakarta,Dine-in,QRIS,58000
T0116071,2026-03-04,C03,Bandung,Delivery,QRIS,28000
T0118521,2026-03-13,C01,Jakarta,Dine-in,Tunai,Rp 93.000
T0117476,2026-03-08,C06,Denpasar,Takeaway,QRIS,131000
,,,,,,
T0120452,2026-03-19,C05,Yogyakarta,Dine-in,QRIS,127000
T0119545,2026-03-16,C02,Jakarta,Dine-in,QRIS,Rp 168.000
T0115700,2026-03-02,C06,Denpasar,Dine-in,Tunai,18000
T0113870,2026-02-24,C05,Yogyakarta,Delivery,E-Wallet,22500
T0112599,2026-02-20,C03, Bandung  ,Delivery,Tunai,18000
T0100872,2026-01-09,C02,Jakarta,Dine-in,QRIS,37000
T0119934,2026-03-18,C01,Jakarta,Dine-in,QRIS,18000
T0100874,2026-01-09,C02,Jakarta,Delivery,Kartu Debit,50000
T0106871,31-Jan-2026,C04,Surabaya,Dine-in,E-Wallet,275000
T0099693,2026-01-04,C01,Jakarta,Takeaway,QRIS,49000
T0111157,2026-02-15,C03,Bandung,Dine-in,Kartu Debit,29000
T0101256,2026-01-10,C04,Surabaya,Takeaway,qris,Rp 70.000
T0104338,22/01/2026,C05,Yogyakarta,Takeaway,Kartu Debit,64000
T0113597,2026-02-23,C04,,Takeaway,Tunai,25000
T0120052,2026-03-18,C03,Bandung,Dine-in,QRIS,90000
T0106088,28/01/2026,C06,Denpasar,Dine-in,QRIS,14250
T0118056,2026-03-11,C02,jakarta,Delivery,E-Wallet,
T0120543,2026-03-20,C01,Jakarta,Takeaway,Tunai,44000
T0112200,2026-02-19,C01, Jakarta  ,dine in,Tunai,25000
T0121019,2026-03-21,C03,BANDUNG,Dine-in,QRIS,14000
T0110101,2026-02-12,C01,Jakarta,Dine-in,QRIS,70000
T0107163,2026-02-01,C03,bandung,Takeaway,Tunai,Rp 14.000
T0100905,09-Jan-2026,C02,JAKARTA,Takeaway,E-Wallet,220000
T0117017,2026-03-07,C03,Bandung,Dine-in,E-Wallet,25000
T0118904,2026-03-14,C02, Jakarta  ,Takeaway,QRIS,
T0099037,2026-01-01,C04,SURABAYA,Takeaway,Kartu Debit,195000
T0099349,2026-01-03,C01, Jakarta  ,Delivery,Kartu Debit,310000
T0110646,2026-02-13,C06,Denpasar,Takeaway,E-Wallet,Rp 43.000
T0115739,2026-03-03,C01, Jakarta  ,Dine-in,QRIS,57950
T0116826,07/03/2026,C01,Jakarta,dine in,QRIS,42000
T0114306,2026-02-26,C03,Bandung,Dine-in,Tunai,58000
T0108832,2026-02-07,C03,JKT,Delivery,QRIS,18000
T0105037,2026-01-24,C06,DENPASAR,Delivery,Kartu Debit,119000
T0100438,2026-01-07,C03,Bandung,Takeaway,QRIS,158000
T0122978,2026-03-27,C06, Denpasar  ,Dine-in,-,48000
T0105604,2026-01-26,C05,YOGYAKARTA,Takeaway,Tunai,25000
T0108347,2026-02-05,C06, Denpasar  ,Takeaway,E-Wallet,45000
T0119469,15-Mar-2026,C06,Denpasar,Delivery,E-Wallet,15000
T0098876,2026-01-01,C02,Jakarta,Dine-in,QRIS,
T0113873,2026-02-24,C05,Yogyakarta,Dine-in,QRIS,123500
T0116984,2026-03-07,C03,Bandung,Delivery,Tunai,45000
T0116787,2026-03-06,C06,Denpasar,Takeaway,QRIS,25000
T0106964,2026-01-31,C05, Yogyakarta  ,DINE-IN,Tunai,103000
T0121431,2026-03-22,C03,Bandung,Dine-in,QRIS,35000
T0121445,2026-03-22,C03, Bandung  ,Delivery,Kartu Debit,61000
T0122206,2026-03-25,C02,Jakarta,Delivery,QRIS,24000
T0121097,2026-03-21,C04,Surabaya,Takeaway,Tunai,22000
T0106657,30/01/2026,C06,Denpasar,Takeaway,QRIS,202000
T0110188,2026-02-12,C03,Bandung,Delivery,QRIS,122550
T0111281,2026-02-15,C06,JKT,Takeaway,QRIS,125000
T0112648,2026-02-20,C04,Surabaya,Takeaway,Kartu Debit,15000
T0118651,13/03/2026,C03,Bandung,Takeaway,E-Wallet,83000
T0115601,2026-03-02,C03,,Dine-in,QRIS,20000
T0118394,2026-03-12,C04,,Takeaway,QRIS,25000
T0123404,2026-03-29,C01,Jakarta,Takeaway,Tunai,
T0118909,2026-03-14,C02,Jakarta,Dine-in,Kartu Debit,68000
T0102320,2026-01-15,C03,Bandung,Dine-in,Tunai,60000
T0117389,2026-03-08,C04,Surabaya,Takeaway,QRIS,18000
T0110440,13/02/2026,C02,Jakarta,Dine-in,Tunai,58000
T0123052,2026-03-28,C01,Jakarta,Takeaway,E-Wallet,17100
T0100916,2026-01-09,C03,Bandung,Dine-in,E-Wallet,72000
T0106309,2026-01-29,C06,Denpasar,Dine-in,QRIS,120000
T0110998,2026-02-14,C06, Denpasar  ,DINE-IN,Tunai,95000
T0104564,2026-01-23,C03,JKT,Dine-in,Tunai,37000
T0099055,2026-01-01,C05,YOGYAKARTA,Dine-in,Tunai,65000
T0115419,01/03/2026,C05,Yogyakarta,Delivery,QRIS,Rp 40.000
T0113860,2026-02-24,C04,,Dine-in,Tunai,0
T0107674,2026-02-03,C03,bandung,Takeaway,QRIS,95000
T0121705,2026-03-22,C06,Denpasar,Dine-in,QRIS,60000
T0116378,2026-03-05,C04,Surabaya,Takeaway,QRIS,42000
T0111868,2026-02-17,C05,Yogyakarta,Dine-in,Tunai,Rp 24.000
T0109794,2026-02-10,C06,JKT,Dine-in,Kartu Debit,114000
T0118780,2026-03-13,C06,DENPASAR,Takeaway,E-Wallet,28000
T0109736,2026-02-10,C04,Surabaya,Takeaway,-,25000
T0107505,2026-02-02,C05,Yogyakarta,Takeaway,QRIS,128000
T0111514,2026-02-16,C05,Yogyakarta,Takeaway,Kartu Debit,64000
T0122829,27/03/2026,C03,Bandung,Dine-in,Kartu Debit,33250
T0121294,2026-03-22,C01,JKT,Dine-in,E-Wallet,42750
T0117885,2026-03-10,C04,Surabaya,Delivery,Tunai,26600
T0119852,2026-03-17,C04,Surabaya,Delivery,-,58000
T0109852,2026-02-11,C01,JAKARTA,Dine-in,Tunai,Rp 18.000
T0111554,2026-02-16,C06,Denpasar,Delivery,Kartu Debit,28000
T0102815,2026-01-17,C01,Jakarta,Delivery,Tunai,64000
T0101669,2026-01-12,C02,Jakarta,Dine-in,QRIS,18000
T0099026,2026-01-01,C04,Surabaya,Dine-in,Kartu Debit,47000
T0109713,10/02/2026,C03,Bandung,Dine-in,Tunai,Rp 109.250
T0105869,28/01/2026,C01,Jakarta,Takeaway,QRIS,53000
T0116100,2026-03-04,C04,Surabaya,Takeaway,Kartu Debit,50400
T0110184,2026-02-12,C03,Bandung,Dine-in,Kartu Debit,68000
T0106628,30/01/2026,C06,Denpasar,Dine-in,E-Wallet,46000
T0110562,2026-02-13,C04,Surabaya,Delivery,-,Rp 17.100
T0118760,2026-03-13,C05,Yogyakarta,Dine-in,QRIS,68000
T0103496,2026-01-19,C02,Jakarta,Dine-in,QRIS,77000
T0123422,2026-03-29,C02,Jakarta,Takeaway,QRIS,22000
T0102197,2026-01-14,C05,Yogyakarta,Takeaway,QRIS,25000
T0110408,13-Feb-2026,C01,Jakarta,Takeaway,qris,Rp 24.000
T0113336,22/02/2026,C04,Surabaya,Takeaway,QRIS,130000
T0119075,2026-03-14,C05,Yogyakarta,Takeaway,Kartu Debit,38000
T0122373,2026-03-25,C05,YOGYAKARTA,Takeaway,QRIS,25000
T0108833,2026-02-07,C03,Bandung,Dine-in,Tunai,79000
T0108672,2026-02-07,C01,,Dine-in,E-Wallet,110000
T0107064,2026-02-01,C02,Jakarta,Takeaway,E-Wallet,42000
T0118550,2026-03-13,C01,Jakarta,Takeaway,Kartu Debit,24000
T0103858,2026-01-20,C05,YOGYAKARTA,Takeaway,E-Wallet,89000
T0110690,2026-02-14,C01,Jakarta,Takeaway,QRIS,40000
T0107473,2026-02-02,C04,Surabaya,Delivery,Tunai,75000
T0120017,2026-03-18,C03,Bandung,Takeaway,Kartu Debit,25000
T0112366,2026-02-19,C05,,Dine-in,QRIS,40000
T0121488,2026-03-22,C03,bandung,Delivery,QRIS,119000
T0111377,2026-02-16,C02,JKT,Dine-in,E-Wallet,39000
T0107149,2026-02-01,C03,JKT,Dine-in,QRIS,52000
T0111934,18-Feb-2026,C01, jakarta  ,Delivery,QRIS,49000
T0099654,2026-01-03,C05,Yogyakarta,Delivery,QRIS,64000
T0116017,2026-03-04,C02,Jakarta,Takeaway,Kartu Debit,54000
T0123627,2026-03-29,C05,JKT,Delivery,QRIS,47000
T0099705,2026-01-04,C01,,Dine-in,Kartu Debit,39000
T0102244,2026-01-15,C02,Jakarta,Dine-in,E-Wallet,29000
T0112385,2026-02-19,C05,JKT,Takeaway,Kartu Debit,Rp 35.000
T0121141,21-Mar-2026,C04,JKT,Dine-in,QRIS,46000
T0109272,2026-02-08,C05,YOGYAKARTA,Delivery,Tunai,Rp 25.000
T0110911,2026-02-14,C04,Surabaya,Takeaway,E-Wallet,15000
T0100465,07/01/2026,C03,Bandung,DINE-IN,Tunai,345000
T0109498,2026-02-09,C04,Surabaya,Takeaway,QRIS,69000
T0101186,10/01/2026,C03,Bandung,Dine-in,QRIS,89000
T0109908,2026-02-11,C02,JAKARTA,Takeaway,Tunai,36000
T0107644,2026-02-03,C02,Jakarta,Takeaway,Tunai,28000
T0101314,2026-01-10,C05,Yogyakarta,Dine-in,Kartu Debit,50000
T0121601,2026-03-22,C05,Yogyakarta,Dine-in,QRIS,24000
T0120041,18/03/2026,C03,,Dine-in,E-Wallet,
T0102780,2026-01-16,C06,DENPASAR,Dine-in,Tunai,Rp 67.000
T0116738,2026-03-06,C05,Yogyakarta,Delivery,QRIS,104000
T0121433,2026-03-22,C03,Bandung,Dine-in,QRIS,92150
T0115311,2026-03-01,C02,JAKARTA,Dine-in,QRIS,Rp 15.000
T0118448,12/03/2026,C05,Yogyakarta,Takeaway,E-Wallet,22000
T0106978,2026-01-31,C06,DENPASAR,Takeaway,QRIS,60000
T0119833,2026-03-17,C04,,Dine-in,Tunai,30000
T0116503,2026-03-06,C01,Jakarta,Takeaway,QRIS,79000
T0115594,2026-03-02,C03,Bandung,Dine-in,QRIS,17100
T0118847,2026-03-14,C01,jakarta,Dine-in,QRIS,33000
T0117333,2026-03-08,C03,Bandung,dine in,QRIS,22000
T0114637,2026-02-27,C03,Bandung,Dine-in,Tunai,42000
T0116670,2026-03-06,C03,,Dine-in,Tunai,22000
T0118285,2026-03-12,C01,Jakarta,Delivery,Kartu Debit,18000
T0109375,2026-02-09,C01,Jakarta,Takeaway,Tunai,104500
T0100118,2026-01-05,C05,Yogyakarta,Delivery,QRIS,33000
T0115221,2026-03-01,C01,JAKARTA,Takeaway,-,99750
T0114584,2026-02-27,C02,Jakarta,Dine-in,QRIS,93000
T0099729,2026-01-04,C02,Jakarta,Dine-in,Kartu Debit,48000
T0109673,2026-02-10,C03,Bandung,Takeaway,QRIS,
T0110440,13/02/2026,C02,Jakarta,Dine-in,Tunai,58000
T0106637,2026-01-30,C06, Denpasar  ,Delivery,Kartu Debit,24000
T0118641,2026-03-13,C03,Bandung,Dine-in,E-Wallet,65000
T0118794,2026-03-13,C06,DENPASAR,Dine-in,QRIS,50000
,,,,,,
T0112996,2026-02-21,C04,Surabaya,Dine-in,Tunai,69000
T0103844,2026-01-20,C04,Surabaya,Takeaway,Kartu Debit,22000
T0100856,2026-01-09,C01,JKT,Delivery,E-Wallet,105000
T0102256,2026-01-15,C02,Jakarta,Dine-in,QRIS,22000
T0109274,2026-02-08,C05,JKT,Takeaway,QRIS,28000
T0100038,2026-01-05,C03,Bandung,Takeaway,E-Wallet,60000
T0110167,12/02/2026,C02,Jakarta,Dine-in,QRIS,Rp 39.000
T0106491,2026-01-30,C03,BANDUNG,Dine-in,QRIS,43000
T0110358,2026-02-12,C06,Denpasar,Dine-in,QRIS,73000
T0120476,2026-03-19,C05,Yogyakarta,Takeaway,QRIS,28000
,,,,,,
T0113513,23/02/2026,C02,Jakarta,Delivery,QRIS,Rp 18.000
T0121648,2026-03-22,C05, Yogyakarta  ,Dine-in,QRIS,Rp 64.000
T0111399,2026-02-16,C02,Jakarta,Delivery,Tunai,15000
T0120476,2026-03-19,C05,Yogyakarta,Takeaway,QRIS,28000
T0123655,2026-03-29,C06,Denpasar,Dine-in,E-Wallet,39000
T0120672,2026-03-20,C03,Bandung,Dine-in,QRIS,158000
T0121927,24-Mar-2026,C01,Jakarta,Delivery,QRIS,64000
T0099234,02/01/2026,C03,Bandung,Dine-in,E-Wallet,40000
T0114097,2026-02-25,C04,Surabaya,Takeaway,QRIS,45600
T0121416,2026-03-22,C03,Bandung,Dine-in,QRIS,
T0099052,2026-01-01,C05,Yogyakarta,Takeaway,QRIS,18000
T0123006,2026-03-27,C06,Denpasar,dine in,QRIS,Rp 38.700
T0099366,2026-01-03,C01,Jakarta,Delivery,Kartu Debit,30000
T0123746,30/03/2026,C02,Jakarta,Takeaway,Kartu Debit,24000
T0110102,2026-02-12,C01,JAKARTA,Takeaway,E-Wallet,-68000.0
T0108681,07/02/2026,C01,,Dine-in,Kartu Debit,36000
T0123044,2026-03-28,C01,Jakarta,Dine-in,QRIS,28000
T0110363,2026-02-13,C01,Jakarta,Takeaway,QRIS,-43000.0
T0112747,2026-02-21,C01,Jakarta,dine in,QRIS,140000
T0112035,2026-02-18,C03,Bandung,Dine-in,E-Wallet,25000
T0110502,2026-02-13,C03,Bandung,Takeaway,Tunai,15000
T0122251,2026-03-25,C03,Bandung,Dine-in,Kartu Debit,44100
T0104094,2026-01-21,C04,Surabaya,Delivery,Tunai,
T0120513,2026-03-19,C06, Denpasar  ,Takeaway,E-Wallet,Rp 100.000
T0109654,2026-02-10,C02,Jakarta,Dine-in,E-Wallet,18000
T0111574,2026-02-16,C06,Denpasar,Delivery,-,88000
T0100242,06-Jan-2026,C03,Bandung,Dine-in,Tunai,64000
T0102572,2026-01-16,C02,Jakarta,Dine-in,Kartu Debit,75000
T0114702,2026-02-27,C04, Surabaya  ,Delivery,QRIS,28000
T0122602,2026-03-26,C04,surabaya,Dine-in,QRIS,35000
T0115436,2026-03-01,C05,Yogyakarta,Dine-in,E-Wallet,43000
T0116229,2026-03-05,C01,Jakarta,Dine-in,QRIS,124000
T0124094,31/03/2026,C05,Yogyakarta,Dine-in,Kartu Debit,25000
T0113513,23/02/2026,C02,Jakarta,Delivery,QRIS,Rp 18.000
T0113324,2026-02-22,C04,Surabaya,Delivery,QRIS,43000
T0112168,2026-02-19,C01,Jakarta,Dine-in,QRIS,28000
T0108500,2026-02-06,C03,Bandung,Takeaway,E-Wallet,30000
T0111057,2026-02-15,C01,Jakarta,Takeaway,Tunai,42000
T0109342,2026-02-08,C06,Denpasar,Dine-in,Kartu Debit,37000
T0102019,2026-01-14,C01,Jakarta,Dine-in,QRIS,131000
T0108421,2026-02-06,C02,Jakarta,Dine-in,Tunai,24000
T0115287,2026-03-01,C02,Jakarta,Delivery,Kartu Debit,15000
T0109449,09/02/2026,C03,Bandung,Dine-in,Tunai,25000
T0122724,27/03/2026,C01,JAKARTA,Dine-in,QRIS,70000
T0103412,2026-01-18,C06,Denpasar,Takeaway,QRIS,82000
T0103657,2026-01-19,C06,Denpasar,DINE-IN,QRIS,48000
T0118934,2026-03-14,C03,Bandung,Takeaway,QRIS,54000
T0121243,2026-03-21,C06,Denpasar,Delivery,Kartu Debit,12000
T0123364,2026-03-29,C01,Jakarta,dine in,QRIS,95000
T0114774,27/02/2026,C05,Yogyakarta,Delivery,QRIS,43000
T0105548,26/01/2026,C03,JKT,Dine-in,QRIS,62000
T0122112,2026-03-24,C05,Yogyakarta,Dine-in,QRIS,171000
T0118135,2026-03-11,C04,Surabaya,Takeaway,QRIS,Rp 58.000
T0120313,2026-03-19,C03,Bandung,Delivery,QRIS,74000
T0104175,22/01/2026,C01,Jakarta,Takeaway,E-Wallet,50000
T0123966,31/03/2026,C02, Jakarta  ,Takeaway,qris,14000
T0109788,2026-02-10,C05,YOGYAKARTA,Dine-in,E-Wallet,25000
T0098973,2026-01-01,C03,Bandung,Dine-in,E-Wallet,74000
T0105672,27/01/2026,C01,Jakarta,Delivery,QRIS,
T0107089,2026-02-01,C02,Jakarta,Delivery,E-Wallet,14000
T0112435,2026-02-20,C01,Jakarta,Takeaway,Kartu Debit,25000
T0106706,2026-01-31,C01,Jakarta,Delivery,Tunai,25000
T0100010,2026-01-05,C02,Jakarta,Takeaway,QRIS,50000
T0113054,2026-02-21,C05,yogyakarta,Takeaway,qris,Rp 35.150
T0116998,07/03/2026,C03,Bandung,Dine-in,QRIS,
T0111314,2026-02-15,C06,Denpasar,Dine-in,E-Wallet,Rp 25.000
T0121192,2026-03-21,C05,Yogyakarta,Takeaway,QRIS,118000
T0109763,2026-02-10,C04,Surabaya,Delivery,E-Wallet,18000
T0118138,2026-03-11,C04,Surabaya,Takeaway,Kartu Debit,25000
T0103334,2026-01-18,C04,SURABAYA,Dine-in,Tunai,31500
T0099488,2026-01-03,C03,Bandung,Dine-in,QRIS,50000
T0105682,2026-01-27,C01,JKT,Delivery,QRIS,95000
T0106623,2026-01-30,C06,Denpasar,Dine-in,E-Wallet,50000
T0108585,06/02/2026,C05,Yogyakarta,Delivery,QRIS,22800
T0110278,2026-02-12,C04,Surabaya,Delivery,E-Wallet,Rp 39.000
T0110443,2026-02-13,C02,Jakarta,Takeaway,Tunai,30000
T0122108,24/03/2026,C05,Yogyakarta,Dine-in,Kartu Debit,36000
T0120124,18/03/2026,C05,Yogyakarta,Delivery,QRIS,35000
T0101399,2026-01-11,C02,Jakarta,Takeaway,QRIS,112000
T0117448,2026-03-08,C05,,Delivery,Tunai,39000
T0120037,2026-03-18,C03,Bandung,Delivery,-,48000
T0103770,2026-01-20,C03,JKT,Delivery,Tunai,22000
T0099752,04-Jan-2026,C02,Jakarta,Dine-in,QRIS,25000
T0106785,31-Jan-2026,C03,Bandung,Delivery,QRIS,18000
T0116636,2026-03-06,C03,Bandung,Delivery,QRIS,20000
T0116484,2026-03-06,C01,JAKARTA,Dine-in,QRIS,Rp 171.000
T0121517,2026-03-22,C04,Surabaya,Dine-in,Kartu Debit,51000
T0104394,2026-01-23,C01,Jakarta,Delivery,E-Wallet,70000
T0123450,2026-03-29,C02,Jakarta,Dine-in,E-Wallet,18000
T0107434,02/02/2026,C03,Bandung,Dine-in,qris,22000
T0101814,2026-01-13,C01,Jakarta,Delivery,E-Wallet,58000
T0107814,2026-02-04,C01, Jakarta  ,Takeaway,Tunai,Rp 36.000
T0103311,2026-01-18,C04,SURABAYA,Delivery,Kartu Debit,
T0102772,2026-01-16,C06,Denpasar,Dine-in,E-Wallet,15000
T0110832,2026-02-14,C03,Bandung,Dine-in,Tunai,18000
T0118502,2026-03-12,C06,Denpasar,Takeaway,E-Wallet,70000
T0107441,2026-02-02,C03,Bandung,Dine-in,Tunai,86000
T0123738,2026-03-30,C02,Jakarta,Takeaway,Tunai,50000
T0120298,2026-03-19,C02,Jakarta,Dine-in,Kartu Debit,25000
T0119273,15/03/2026,C02, Jakarta  ,Takeaway,Tunai,135000
T0100145,2026-01-06,C01,Jakarta,Dine-in,Tunai,123000
T0111704,2026-02-17,C03,Bandung,Delivery,Tunai,64000
T0116947,2026-03-07,C02,Jakarta,Takeaway,E-Wallet,28000
T0111961,2026-02-18,C01,Jakarta,Takeaway,Tunai,65000
T0124009,2026-03-31,C03,BANDUNG,Takeaway,Tunai,33000
T0115400,01/03/2026,C04,Surabaya,Takeaway,QRIS,75050
T0112664,2026-02-20,C05,Yogyakarta,Takeaway,QRIS,75000
T0108284,2026-02-05,C05,Yogyakarta,Dine-in,Kartu Debit,53000
T0105235,2026-01-25,C03,Bandung,Dine-in,Kartu Debit,84000
T0103074,2026-01-17,C05, Yogyakarta  ,Delivery,Tunai,75000
T0116858,07/03/2026,C01,Jakarta,Takeaway,E-Wallet,Rp 36.000
T0106397,2026-01-30,C01, Jakarta  ,Dine-in,QRIS,28000
T0100924,2026-01-09,C03, Bandung  ,DINE-IN,Tunai,49000
T0115109,2026-02-28,C04,Surabaya,Delivery,E-Wallet,96000
T0099682,2026-01-04,C01, JAKARTA  ,Takeaway,QRIS,63650
T0104252,22/01/2026,C03,Bandung,Dine-in,QRIS,25000
T0102646,2026-01-16,C03,Bandung,Dine-in,Tunai,18000
T0108893,2026-02-07,C04,Surabaya,Takeaway,QRIS,
T0119939,2026-03-18,C01,Jakarta,Dine-in,QRIS,25000
T0120883,2026-03-21,C01,Jakarta,Dine-in,QRIS,35000
T0117038,07-Mar-2026,C03,Bandung,Dine-in,Kartu Debit,156600
T0101032,2026-01-09,C05,Yogyakarta,Takeaway,QRIS,17100
T0116005,04/03/2026,C01,JKT,Delivery,QRIS,0
T0099506,2026-01-03,C03, Bandung  ,Dine-in,Kartu Debit,38000
T0110988,14/02/2026,C06,Denpasar,Delivery,E-Wallet,28000
T0107096,2026-02-01,C02,Jakarta,Takeaway,Kartu Debit,36000
T0118069,2026-03-11,C03,Bandung,Dine-in,QRIS,30000
T0117517,2026-03-09,C01,Jakarta,Delivery,E-Wallet,66000
T0117251,2026-03-08,C02,Jakarta,Dine-in,Kartu Debit,25000
T0112963,2026-02-21,C04,Surabaya,Dine-in,Kartu Debit,95000
T0098829,2026-01-01,C01,Jakarta,Delivery,QRIS,Rp 18.000
T0116144,2026-03-04,C04,JKT,Dine-in,QRIS,18000
T0123959,2026-03-31,C02,Jakarta,Delivery,QRIS,12000
T0118862,2026-03-14,C01, Jakarta  ,Dine-in,E-Wallet,Rp 47.500
T0101942,13/01/2026,C04,Surabaya,DINE-IN,QRIS,44000
T0106398,30/01/2026,C01,Jakarta,Dine-in,Tunai,40000
T0110950,2026-02-14,C05,Yogyakarta,Delivery,QRIS,47000
T0100314,2026-01-06,C05,Yogyakarta,Delivery,-,161000
T0115189,2026-02-28,C06,DENPASAR,Takeaway,QRIS,43000
T0103818,2026-01-20,C04,,Takeaway,Kartu Debit,Rp 18.000
T0106055,2026-01-28,C05,Yogyakarta,Dine-in,Kartu Debit,118000
T0099471,2026-01-03,C02,Jakarta,Dine-in,E-Wallet,26600
T0118950,14/03/2026,C03,Bandung,Delivery,QRIS,30000
T0104088,2026-01-21,C04,Surabaya,Takeaway,Kartu Debit,15000
T0122687,2026-03-26,C06,denpasar,Delivery,Tunai,Rp 215.000
T0115470,2026-03-01,C06,Denpasar,Delivery,Kartu Debit,70200
T0113622,2026-02-23,C04,Surabaya,Dine-in,Tunai,71000
T0109888,2026-02-11,C02,JKT,Takeaway,Kartu Debit,61200
T0111700,2026-02-17,C03,Bandung,Takeaway,Kartu Debit,-48000.0
T0103108,2026-01-17,C06,Denpasar,Dine-in,Tunai,18000
T0123350,2026-03-28,C06, Denpasar  ,dine in,QRIS,18000
T0114023,2026-02-25,C02,Jakarta,Dine-in,QRIS,Rp 44.000
T0107739,2026-02-03,C04,Surabaya,dine in,E-Wallet,79000
T0114300,2026-02-26,C03,Bandung,Delivery,QRIS,146000
T0102396,2026-01-15,C04,Surabaya,Dine-in,Tunai,17100
T0124089,2026-03-31,C05,Yogyakarta,Takeaway,Tunai,261000
T0103247,2026-01-18,C03,Bandung,Delivery,E-Wallet,90000
T0109675,2026-02-10,C03,Bandung,DINE-IN,E-Wallet,77000
T0108999,07/02/2026,C06,Denpasar,Delivery,QRIS,68000
T0100118,2026-01-05,C05,Yogyakarta,Delivery,QRIS,33000
T0113695,2026-02-24,C01, Jakarta  ,Delivery,QRIS,25000
T0103422,18/01/2026,C06,Denpasar,Takeaway,Tunai,15000
T0101246,2026-01-10,C04,JKT,Takeaway,QRIS,68000
T0109878,2026-02-11,C02, Jakarta  ,Takeaway,QRIS,46000
T0104220,2026-01-22,C02, Jakarta  ,Takeaway,Kartu Debit,112000
T0119536,2026-03-16,C02,Jakarta,Dine-in,QRIS,36000
T0116713,2026-03-06,C04,,Dine-in,Kartu Debit,146000
T0106484,2026-01-30,C03,Bandung,Takeaway,QRIS,25000
T0109988,2026-02-11,C04,Surabaya,dine in,Tunai,43000
T0114743,2026-02-27,C05,Yogyakarta,Dine-in,Kartu Debit,20000
T0123335,2026-03-28,C06,Denpasar,Takeaway,QRIS,Rp 80.000
T0113009,2026-02-21,C05,YOGYAKARTA,Delivery,QRIS,18000
T0105044,2026-01-24,C06, Denpasar  ,Dine-in,Tunai,48000
T0115442,01/03/2026,C05,Yogyakarta,Takeaway,Kartu Debit,24000
T0118724,2026-03-13,C05,Yogyakarta,Delivery,Tunai,109250
T0106586,2026-01-30,C05,Yogyakarta,Takeaway,qris,47500
T0109523,2026-02-09,C05,Yogyakarta,Takeaway,-,94000
T0105434,2026-01-26,C01,Jakarta,Takeaway,QRIS,49000
T0105595,2026-01-26,C05,YOGYAKARTA,Delivery,QRIS,34200
T0103536,2026-01-19,C03,BANDUNG,Delivery,Kartu Debit,25000
T0120880,2026-03-21,C01,Jakarta,Takeaway,Kartu Debit,40000
T0111094,2026-02-15,C02,Jakarta,Takeaway,E-Wallet,61750
T0123724,2026-03-30,C02, Jakarta  ,Dine-in,-,25000
T0118028,2026-03-11,C01,JAKARTA,Takeaway,E-Wallet,30000
T0102187,2026-01-14,C05,Yogyakarta,Dine-in,QRIS,-95400.0
T0110088,2026-02-12,C01,Jakarta,Dine-in,E-Wallet,22500
T0100713,2026-01-08,C03,Bandung,Delivery,-,22000
T0122125,2026-03-24,C05,JKT,Dine-in,Tunai,Rp 79.000
T0108396,06-Feb-2026,C01,Jakarta,Dine-in,Kartu Debit,43000
T0101183,10-Jan-2026,C03,Bandung,Dine-in,E-Wallet,91000
T0109959,2026-02-11,C03,,Takeaway,E-Wallet,18000
T0110459,2026-02-13,C02,JKT,Dine-in,QRIS,30000
T0116938,2026-03-07,C02,JKT,Delivery,Tunai,92000
T0107238,2026-02-01,C04,SURABAYA,Dine-in,Tunai,15000
T0107185,2026-02-01,C04,Surabaya,dine in,QRIS,11400
T0110776,2026-02-14,C02,Jakarta,Dine-in,Tunai,167000
T0110694,2026-02-14,C01,Jakarta,Dine-in,QRIS,88000
T0122258,2026-03-25,C03,Bandung,Dine-in,Kartu Debit,44000
T0107428,2026-02-02,C03,Bandung,Takeaway,E-Wallet,25000
T0117616,2026-03-09,C03,,Delivery,E-Wallet,Rp 62.000
T0101109,2026-01-10,C02,JAKARTA,Dine-in,QRIS,72000
T0101032,2026-01-09,C05,Yogyakarta,Takeaway,QRIS,17100
T0117751,2026-03-10,C01,Jakarta,Takeaway,E-Wallet,15000
T0113631,23-Feb-2026,C05,JKT,Takeaway,Kartu Debit,58000
T0121701,2026-03-22,C06,Denpasar,Dine-in,QRIS,22000
T0114547,27/02/2026,C02, Jakarta  ,Dine-in,Kartu Debit,20000
T0106959,2026-01-31,C05,Yogyakarta,Delivery,E-Wallet,120000
T0118865,2026-03-14,C01,Jakarta,DINE-IN,E-Wallet,
T0117474,2026-03-08,C06,Denpasar,Takeaway,QRIS,87000
T0105676,2026-01-27,C01,Jakarta,Delivery,QRIS,15000
T0103348,2026-01-18,C04,Surabaya,Delivery,QRIS,Rp 18.000
T0121944,2026-03-24,C01,Jakarta,Dine-in,Kartu Debit,60000
T0115233,2026-03-01,C01,Jakarta,Delivery,E-Wallet,Rp 30.000
T0102677,2026-01-16,C04,Surabaya,Dine-in,Tunai,85500
T0121846,2026-03-23,C04,Surabaya,Takeaway,Kartu Debit,65000
T0113410,2026-02-22,C06,Denpasar,Takeaway,Kartu Debit,60000
T0108306,2026-02-05,C05,Yogyakarta,Dine-in,E-Wallet,64000
T0120325,2026-03-19,C03,Bandung,Takeaway,QRIS,120000
T0100368,2026-01-07,C02,Jakarta,Takeaway,QRIS,
T0115154,2026-02-28,C05,Yogyakarta,Takeaway,E-Wallet,20900
T0110194,2026-02-12,C03,Bandung,Takeaway,QRIS,22000
T0116354,2026-03-05,C03,,Dine-in,QRIS,72000
T0124042,2026-03-31,C04,Surabaya,Takeaway,QRIS,61000
T0105172,25-Jan-2026,C02,Jakarta,Delivery,E-Wallet,85000
T0108712,2026-02-07,C01,Jakarta,Dine-in,Kartu Debit,78000
T0107863,2026-02-04,C02,jakarta,Dine-in,Kartu Debit,44000
T0103397,2026-01-18,C06,,Dine-in,QRIS,62700
T0121355,2026-03-22,C02,Jakarta,Delivery,-,35000
T0116644,2026-03-06,C03,BANDUNG,dine in,QRIS,33000
T0108961,07-Feb-2026,C05,Yogyakarta,Takeaway,QRIS,18000
T0108934,2026-02-07,C05,Yogyakarta,Delivery,Kartu Debit,
T0100064,2026-01-05,C04,Surabaya,Dine-in,Tunai,
T0121149,2026-03-21,C04,Surabaya,Dine-in,Kartu Debit,155000
T0118969,2026-03-14,C03,Bandung,Dine-in,qris,18000
T0120799,2026-03-20,C06,Denpasar,Dine-in,QRIS,220000
T0116350,2026-03-05,C03,Bandung,Delivery,QRIS,
T0108489,2026-02-06,C03,Bandung,Dine-in,QRIS,12000
T0098998,2026-01-01,C04,JKT,Takeaway,Tunai,50000
T0103999,2026-01-21,C02,Jakarta,Delivery,Tunai,57000
T0109548,2026-02-09,C05,Yogyakarta,Dine-in,QRIS,-50000.0
T0122041,2026-03-24,C03,Bandung,Takeaway,QRIS,38000
T0114208,2026-02-26,C01,Jakarta,Takeaway,Tunai,
T0118335,2026-03-12,C03,Bandung,Delivery,Tunai,30000
T0123074,2026-03-28,C01,Jakarta,Takeaway,QRIS,261000
T0114631,2026-02-27,C03,Bandung,Dine-in,Kartu Debit,48000
T0101298,2026-01-10,C05,Yogyakarta,Takeaway,E-Wallet,16200
T0118455,2026-03-12,C05,Yogyakarta,Dine-in,Kartu Debit,25000
T0122272,2026-03-25,C03,Bandung,Dine-in,Tunai,126000
T0105130,2026-01-25,C01,Jakarta,Delivery,Tunai,60000
T0113552,2026-02-23,C03,Bandung,Takeaway,E-Wallet,18000
T0109200,2026-02-08,C03,Bandung,Dine-in,E-Wallet,16200
T0103294,2026-01-18,C03, Bandung  ,Takeaway,Tunai,Rp 47.000
T0115816,2026-03-03,C03,Bandung,Takeaway,E-Wallet,20900
T0121750,23/03/2026,C02,Jakarta,Dine-in,QRIS,24000
T0104215,2026-01-22,C02, Jakarta  ,Delivery,Tunai,118000
T0104826,2026-01-24,C02,Jakarta,Delivery,Tunai,15000
T0122125,2026-03-24,C05,JKT,Dine-in,Tunai,Rp 79.000
T0107524,2026-02-02,C05,Yogyakarta,Dine-in,Kartu Debit,92000
T0116963,2026-03-07,C03,Bandung,Delivery,QRIS,
T0107468,2026-02-02,C04,Surabaya,Delivery,E-Wallet,22000
T0112824,2026-02-21,C02,Jakarta,Dine-in,Tunai,15000
T0111817,2026-02-17,C05,Yogyakarta,Dine-in,QRIS,22000
T0099596,2026-01-03,C04,Surabaya,Takeaway,Kartu Debit,61000
T0120130,2026-03-18,C06,Denpasar,Dine-in,Tunai,76000
T0109994,2026-02-11,C04,Surabaya,Takeaway,Kartu Debit,47500
T0115213,2026-02-28,C06,Denpasar,Delivery,QRIS,15000
T0103341,2026-01-18,C04, Surabaya  ,Dine-in,QRIS,30000
T0109397,09/02/2026,C02,JKT,Dine-in,Tunai,140600
T0105417,26-Jan-2026,C01,Jakarta,Delivery,Tunai,22000
T0109389,2026-02-09,C02,Jakarta,Dine-in,-,28000
T0109576,2026-02-09,C06,,DINE-IN,Tunai,74000
T0107416,2026-02-02,C03,Bandung,Dine-in,QRIS,56000
T0118990,2026-03-14,C03,BANDUNG,Dine-in,E-Wallet,148000
T0102253,2026-01-15,C02,Jakarta,Delivery,Tunai,98000
T0114182,2026-02-25,C06,Denpasar,Takeaway,E-Wallet,Rp 25.000
T0120400,2026-03-19,C04,Surabaya,Takeaway,QRIS,56000
T0114001,2026-02-25,C02,JAKARTA,Delivery,QRIS,22000
T0118240,2026-03-12,C01,Jakarta,Dine-in,QRIS,Rp 25.000
T0118082,11/03/2026,C03,Bandung,Dine-in,-,15000
T0122826,2026-03-27,C03,Bandung,Takeaway,E-Wallet,113000
T0099232,2026-01-02,C03,Bandung,Dine-in,QRIS,36000
T0107573,2026-02-02,C06,Denpasar,Takeaway,E-Wallet,15000
T0110946,2026-02-14,C05,Yogyakarta,Takeaway,Tunai,33250
T0115428,2026-03-01,C05,Yogyakarta,Takeaway,E-Wallet,25000
T0109036,2026-02-08,C01,Jakarta,Dine-in,E-Wallet,75600
T0110488,2026-02-13,C03,Bandung,DINE-IN,Kartu Debit,43000
T0100333,07/01/2026,C01, Jakarta  ,Takeaway,QRIS,-61000.0
T0114793,2026-02-27,C06,Denpasar,Delivery,Kartu Debit,-46000.0
T0114877,2026-02-28,C01,JAKARTA,Delivery,Tunai,53000
T0118147,2026-03-11,C04,JKT,Dine-in,Tunai,Rp 15.000
T0119837,17-Mar-2026,C04,Surabaya,Dine-in,QRIS,22000
,,,,,,
T0122690,2026-03-26,C06,Denpasar,Dine-in,Tunai,76000
T0123546,2026-03-29,C04,Surabaya,Takeaway,Kartu Debit,33000
T0123624,2026-03-29,C05,,Takeaway,QRIS,50000
T0104187,2026-01-22,C01,Jakarta,Dine-in,Tunai,
T0113957,2026-02-25,C01,Jakarta,Takeaway,Kartu Debit,Rp 67.000
T0102491,2026-01-16,C01,Jakarta,Dine-in,Kartu Debit,33000
T0117190,2026-03-08,C01,Jakarta,Delivery,Kartu Debit,12000
T0114576,27-Feb-2026,C02,Jakarta,dine in,Tunai,24000
T0111229,2026-02-15,C04,Surabaya,Dine-in,QRIS,15000
T0116976,2026-03-07,C03,Bandung,Dine-in,Tunai,71000
T0124133,2026-03-31,C06,Denpasar,Takeaway,Tunai,82000
T0109684,2026-02-10,C03,,Takeaway,Kartu Debit,61750
T0103596,19/01/2026,C04,Surabaya,Delivery,QRIS,48000
T0114808,2026-02-27,C06,Denpasar,Takeaway,QRIS,127300
T0112712,20-Feb-2026,C06,Denpasar,DINE-IN,E-Wallet,285000
T0120741,2026-03-20,C04,Surabaya,Dine-in,qris,Rp 60.000
T0106335,2026-01-29,C06,Denpasar,Takeaway,Kartu Debit,60000
T0117567,2026-03-09,C02,Jakarta,Dine-in,Kartu Debit,32000
T0110866,2026-02-14,C04,JKT,Takeaway,E-Wallet,43000
T0106976,2026-01-31,C06,Denpasar,Dine-in,E-Wallet,56000
T0109836,2026-02-11,C01,Jakarta,Dine-in,E-Wallet,84550
T0105906,2026-01-28,C02,Jakarta,Dine-in,QRIS,27000
T0121748,2026-03-23,C02,Jakarta,Delivery,QRIS,28000
T0117944,2026-03-10,C05,Yogyakarta,Dine-in,E-Wallet,95000
T0102415,2026-01-15,C05,Yogyakarta,Delivery,Kartu Debit,46000
T0107573,2026-02-02,C06,Denpasar,Takeaway,E-Wallet,15000
T0105564,2026-01-26,C04,Surabaya,Dine-in,QRIS,Rp 88.000
T0105016,2026-01-24,C05,YOGYAKARTA,Delivery,E-Wallet,15000
T0099632,2026-01-03,C05,Yogyakarta,Takeaway,Kartu Debit,113000
,,,,,,
T0107918,2026-02-04,C03, Bandung  ,Dine-in,E-Wallet,14000
T0099876,04/01/2026,C04,SURABAYA,Dine-in,Kartu Debit,117000
T0112582,20/02/2026,C03,Bandung,Takeaway,E-Wallet,42000
T0119650,2026-03-16,C04,Surabaya,Dine-in,E-Wallet,50000
T0110868,2026-02-14,C04,Surabaya,Takeaway,QRIS,
T0123640,2026-03-29,C06,Denpasar,Delivery,QRIS,25000
T0099747,2026-01-04,C02,Jakarta,Delivery,QRIS,26600
T0107508,2026-02-02,C05,Yogyakarta,Takeaway,QRIS,75000
T0107770,2026-02-03,C05,Yogyakarta,Delivery,Tunai,53000
T0118305,2026-03-12,C02,Jakarta,Takeaway,Tunai,126000
T0106916,2026-01-31,C04,SURABAYA,Dine-in,Tunai,55000
T0123812,2026-03-30,C04,Surabaya,Delivery,Kartu Debit,28000
T0103276,18-Jan-2026,C03,Bandung,Takeaway,E-Wallet,76000
T0110329,2026-02-12,C05,Yogyakarta,Delivery,E-Wallet,15000
T0100365,2026-01-07,C02,Jakarta,Delivery,QRIS,14000
T0117103,2026-03-07,C05,Yogyakarta,Delivery,QRIS,43000
T0111797,2026-02-17,C04,Surabaya,Delivery,Kartu Debit,-50000.0
T0102926,17-Jan-2026,C03,Bandung,Dine-in,Tunai,
T0117985,03-Nov-2026,C01,JAKARTA,Delivery,Tunai,46000
T0107194,2026-02-01,C04,Surabaya,Dine-in,QRIS,72000
T0107432,2026-02-02,C03,Bandung,Dine-in,Kartu Debit,62000
T0103824,2026-01-20,C04,Surabaya,Takeaway,E-Wallet,15000
T0100900,09/01/2026,C02,Jakarta,Delivery,Kartu Debit,123000
T0106281,2026-01-29,C05,Yogyakarta,Dine-in,E-Wallet,15000
T0100495,07/01/2026,C04,SURABAYA,DINE-IN,QRIS,285000
T0118668,2026-03-13,C03,Bandung,Dine-in,QRIS,90000
T0121382,2026-03-22,C02,JAKARTA,Dine-in,QRIS,25000
T0120397,2026-03-19,C04,Surabaya,Dine-in,Tunai,54000
T0101282,2026-01-10,C04,surabaya,Delivery,E-Wallet,Rp 34.200
T0108280,2026-02-05,C04,Surabaya,Dine-in,QRIS,28000
T0110578,2026-02-13,C04,Surabaya,Takeaway,Tunai,73150
T0122680,26/03/2026,C06, Denpasar  ,Dine-in,Kartu Debit,65000
T0107834,2026-02-04,C01,Jakarta,Takeaway,QRIS,65000
T0102570,16/01/2026,C02,Jakarta,Dine-in,Tunai,50000
T0103905,2026-01-20,C06,Denpasar,Takeaway,Tunai,48000
T0112476,2026-02-20,C01,JAKARTA,Dine-in,Kartu Debit,106000
T0106606,2026-01-30,C05,YOGYAKARTA,Dine-in,E-Wallet,18000
T0113623,2026-02-23,C04,Surabaya,Takeaway,E-Wallet,28000
T0100639,2026-01-08,C02,JAKARTA,Delivery,QRIS,115000
T0114994,2026-02-28,C03,Bandung,Dine-in,QRIS,36000
T0117844,2026-03-10,C03,,Dine-in,QRIS,
T0101235,2026-01-10,C04,Surabaya,Takeaway,QRIS,24000
T0109226,2026-02-08,C04,SURABAYA,Dine-in,Tunai,129000
T0120605,2026-03-20,C02,,Dine-in,E-Wallet,Rp 89.000
T0121700,2026-03-22,C06,Denpasar,Takeaway,QRIS,Rp 61.000
T0102682,2026-01-16,C04,Surabaya,Delivery,E-Wallet,
T0121182,21-Mar-2026,C05,Yogyakarta,Dine-in,QRIS,Rp 208.000
T0111201,15/02/2026,C04,Surabaya,Delivery,QRIS,20000
T0116402,2026-03-05,C05, Yogyakarta  ,Dine-in,QRIS,40000
T0113516,2026-02-23,C02,Jakarta,Dine-in,E-Wallet,Rp 74.000
T0114742,2026-02-27,C05,Yogyakarta,Takeaway,QRIS,110000
T0123897,2026-03-30,C06,Denpasar,Delivery,Kartu Debit,50000
T0105461,26-Jan-2026,C02,Jakarta,Dine-in,E-Wallet,35000
T0122580,2026-03-26,C03,Bandung,Delivery,QRIS,18000
T0114441,2026-02-26,C06,Denpasar,Dine-in,Tunai,24000
T0110121,2026-02-12,C01,JAKARTA,Takeaway,QRIS,25000
T0099679,2026-01-04,C01,JAKARTA,Dine-in,Kartu Debit,0
T0120613,2026-03-20,C03, BANDUNG  ,Takeaway,QRIS,350000
T0105320,25-Jan-2026,C04,Surabaya,Takeaway,Tunai,222000
T0111379,2026-02-16,C02,Jakarta,Takeaway,QRIS,Rp 54.900
T0101204,2026-01-10,C03,,Dine-in,Kartu Debit,14000
T0103313,18/01/2026,C04,Surabaya,Dine-in,QRIS,0
T0114794,2026-02-27,C06,Denpasar,Dine-in,QRIS,62000
T0101255,2026-01-10,C04,SURABAYA,Takeaway,Kartu Debit,68000
T0119388,15/03/2026,C04,Surabaya,Takeaway,QRIS,25000
T0120418,2026-03-19,C04,Surabaya,Dine-in,QRIS,76000
T0117269,2026-03-08,C02,Jakarta,Dine-in,qris,14000
T0099836,2026-01-04,C03,Bandung,Takeaway,E-Wallet,32000
T0107270,2026-02-01,C06,Denpasar,Delivery,Tunai,-59850.0
T0113250,2026-02-22,C03,Bandung,Takeaway,QRIS,76000
T0116877,07-Mar-2026,C01,Jakarta,Dine-in,QRIS,119000
T0103505,2026-01-19,C02,Jakarta,Dine-in,Kartu Debit,Rp 54.000
T0120175,2026-03-19,C01,Jakarta,Takeaway,QRIS,45000
T0111919,2026-02-18,C01,Jakarta,Takeaway,Tunai,134000
T0121241,21/03/2026,C06,Denpasar,Takeaway,QRIS,15000
T0103107,2026-01-17,C06,Denpasar,Dine-in,Tunai,130000
T0113284,2026-02-22,C03,Bandung,Dine-in,E-Wallet,18000
T0116678,2026-03-06,C04,JKT,Takeaway,QRIS,27000
T0101924,2026-01-13,C03,Bandung,Takeaway,E-Wallet,50000
T0115318,2026-03-01,C02,jakarta,Delivery,QRIS,-28000.0
T0112788,2026-02-21,C01,Jakarta,Dine-in,QRIS,Rp 90.000
T0106521,30-Jan-2026,C03, Bandung  ,Dine-in,Tunai,66000
T0105232,2026-01-25,C03,Bandung,Delivery,QRIS,90000
T0116184,2026-03-04,C06,Denpasar,Delivery,QRIS,19800
T0099935,04/01/2026,C05,Yogyakarta,Takeaway,Kartu Debit,74000
,,,,,,
T0113543,2026-02-23,C03,Bandung,Dine-in,QRIS,25000
T0103770,2026-01-20,C03,JKT,Delivery,Tunai,22000
T0110232,2026-02-12,C03,Bandung,Takeaway,E-Wallet,60000
T0101405,11/01/2026,C02,Jakarta,Dine-in,Tunai,65000
T0114131,2026-02-25,C05,JKT,Delivery,Tunai,194000
T0122290,2026-03-25,C03,Bandung,Delivery,qris,18000
T0121781,2026-03-23,C03,Bandung,Takeaway,E-Wallet,
T0113556,2026-02-23,C03,Bandung,Dine-in,QRIS,103000
T0100823,2026-01-09,C01,Jakarta,Takeaway,E-Wallet,Rp 25.000
T0099646,2026-01-03,C05,Yogyakarta,Delivery,E-Wallet,53000
T0109485,2026-02-09,C04,Surabaya,Dine-in,QRIS,43000
T0109141,2026-02-08,C02,Jakarta,Takeaway,QRIS,28500
T0106770,2026-01-31,C02,JAKARTA,Takeaway,QRIS,48000
T0109491,2026-02-09,C04,Surabaya,Dine-in,E-Wallet,101000
T0123485,2026-03-29,C03,bandung,Dine-in,Kartu Debit,56000
T0104908,24/01/2026,C03,Bandung,Takeaway,E-Wallet,85000
T0116130,2026-03-04,C04,Surabaya,Delivery,QRIS,95000
T0099166,2026-01-02,C02,Jakarta,Dine-in,QRIS,20900
T0122037,2026-03-24,C03,Bandung,Dine-in,QRIS,62100
T0121033,2026-03-21,C03,Bandung,Takeaway,E-Wallet,Rp 22.000
T0109892,2026-02-11,C02,Jakarta,Delivery,Kartu Debit,17100
T0121984,2026-03-24,C02, Jakarta  ,Takeaway,Tunai,18000
T0120373,2026-03-19,C04,Surabaya,Dine-in,Tunai,48000
T0113888,2026-02-24,C05,Yogyakarta,DINE-IN,E-Wallet,Rp 83.000
T0119442,2026-03-15,C05,JKT,Takeaway,E-Wallet,18000
T0111687,2026-02-17,C03,Bandung,Dine-in,Tunai,77000
T0122794,2026-03-27,C02,Jakarta,Takeaway,QRIS,95000
T0122214,2026-03-25,C02,Jakarta,Takeaway,QRIS,33000
T0118827,2026-03-14,C01,Jakarta,Delivery,Kartu Debit,18000
T0114106,2026-02-25,C04,Surabaya,Dine-in,E-Wallet,60000
T0114236,2026-02-26,C01,Jakarta,Dine-in,Tunai,25000
T0116540,06-Mar-2026,C02,Jakarta,Takeaway,-,24000
T0118549,2026-03-13,C01,Jakarta,Takeaway,Kartu Debit,73000
T0101801,2026-01-12,C05, Yogyakarta  ,Takeaway,Tunai,140000
T0117925,2026-03-10,C05,Yogyakarta,Takeaway,E-Wallet,42000
T0099171,2026-01-02,C02,Jakarta,Takeaway,QRIS,160000
T0103266,18/01/2026,C03,Bandung,Delivery,QRIS,61000
T0100235,2026-01-06,C03,BANDUNG,Delivery,-,54000
T0101747,2026-01-12,C03,Bandung,Delivery,Tunai,65000
T0109994,2026-02-11,C04,Surabaya,Takeaway,Kartu Debit,47500
T0110009,2026-02-11,C04,SURABAYA,Takeaway,E-Wallet,18000
T0119701,2026-03-16,C06,Denpasar,Dine-in,E-Wallet,43000
T0121795,2026-03-23,C03,Bandung,Dine-in,E-Wallet,25000
T0116512,2026-03-06,C01, Jakarta  ,dine in,Kartu Debit,95000
T0122069,2026-03-24,C04,SURABAYA,Dine-in,Tunai,54000
T0100577,2026-01-08,C01,Jakarta,Delivery,Tunai,218000
T0116975,2026-03-07,C03,Bandung,dine in,Tunai,0
T0123906,2026-03-31,C01,Jakarta,Takeaway,E-Wallet,49000
T0112255,2026-02-19,C03,Bandung,Delivery,E-Wallet,35000
T0110055,2026-02-11,C05,Yogyakarta,Takeaway,Kartu Debit,95000
T0124127,2026-03-31,C06,Denpasar,Dine-in,E-Wallet,117000
T0100087,2026-01-05,C04, Surabaya  ,Dine-in,QRIS,72000
,,,,,,
T0123408,2026-03-29,C01,JAKARTA,Dine-in,Kartu Debit,67000
T0108257,2026-02-05,C04,Surabaya,Takeaway,QRIS,72000
T0100681,2026-01-08,C03, Bandung  ,Takeaway,QRIS,12000
T0111665,17/02/2026,C02,Jakarta,DINE-IN,Kartu Debit,70000
T0119592,2026-03-16,C03,Bandung,Takeaway,Tunai,Rp 89.000
T0114448,2026-02-26,C06,Denpasar,DINE-IN,E-Wallet,
T0121832,2026-03-23,C04,Surabaya,Takeaway,E-Wallet,
T0103443,2026-01-19,C01,,Delivery,Tunai,Rp 163.000
T0099286,2026-01-02,C04,Surabaya,Delivery,QRIS,44000
T0109087,2026-02-08,C01,JKT,Takeaway,Kartu Debit,90000
T0103523,2026-01-19,C03,Bandung,Takeaway,Tunai,76000
T0101521,2026-01-11,C04,Surabaya,Delivery,QRIS,41400
T0116873,2026-03-07,C01,Jakarta,Takeaway,QRIS,54000
T0103304,2026-01-18,C04,Surabaya,dine in,Tunai,174000
T0118014,2026-03-11,C01,Jakarta,Delivery,Tunai,80000
T0102481,15/01/2026,C06,Denpasar,Dine-in,Tunai,65000
T0123210,28/03/2026,C04,Surabaya,Dine-in,Tunai,53000
T0101934,2026-01-13,C04,Surabaya,Takeaway,QRIS,15000
T0107099,2026-02-01,C02,Jakarta,DINE-IN,Tunai,123000
T0118364,2026-03-12,C03,Bandung,Takeaway,QRIS,44000
T0121279,2026-03-22,C01,jakarta,Dine-in,QRIS,53000
T0110269,2026-02-12,C04,SURABAYA,Takeaway,Kartu Debit,36000
T0108473,2026-02-06,C03, Bandung  ,DINE-IN,QRIS,Rp 47.000
T0114284,2026-02-26,C02,Jakarta,Takeaway,Kartu Debit,Rp 36.000
T0113450,2026-02-22,C06,Denpasar,Takeaway,QRIS,40000
T0106054,2026-01-28,C05, Yogyakarta  ,Takeaway,E-Wallet,
T0101582,2026-01-11,C05,Yogyakarta,Takeaway,QRIS,15000
T0100937,2026-01-09,C03,Bandung,Takeaway,QRIS,18000
T0118341,12-Mar-2026,C03,BANDUNG,Takeaway,E-Wallet,Rp 48.000
T0113238,2026-02-22,C03,Bandung,Delivery,Tunai,56000
T0102944,2026-01-17,C03,Bandung,Delivery,QRIS,17100
T0111501,2026-02-16,C05,Yogyakarta,dine in,QRIS,40000
T0119384,2026-03-15,C04,Surabaya,Dine-in,E-Wallet,28000
T0110681,2026-02-14,C01,Jakarta,dine in,QRIS,15000
T0110675,2026-02-14,C01,Jakarta,Delivery,QRIS,54000
T0100889,2026-01-09,C02,Jakarta,dine in,Kartu Debit,151000
T0103105,2026-01-17,C06,DENPASAR,Takeaway,Tunai,28000
T0106540,2026-01-30,C04,Surabaya,Takeaway,QRIS,36000
T0101651,2026-01-12,C01, JAKARTA  ,Takeaway,QRIS,58000
T0117601,2026-03-09,C03,Bandung,Takeaway,Kartu Debit,70000
T0104032,2026-01-21,C03,Bandung,Dine-in,Kartu Debit,53000
T0123414,2026-03-29,C02,Jakarta,Delivery,Tunai,40000
T0106807,2026-01-31,C03,Bandung,Dine-in,E-Wallet,24000
T0107263,2026-02-01,C05,Yogyakarta,Takeaway,E-Wallet,74000
T0112053,18/02/2026,C04,Surabaya,Delivery,Kartu Debit,25000
T0109966,2026-02-11,C03,BANDUNG,Dine-in,QRIS,25000
T0109767,10-Feb-2026,C05,Yogyakarta,Delivery,E-Wallet,24000
T0103765,2026-01-20,C03,Bandung,Dine-in,E-Wallet,84000
T0104035,2026-01-21,C03,Bandung,Takeaway,QRIS,61000
T0119668,2026-03-16,C05, Yogyakarta  ,Dine-in,E-Wallet,185000
T0111960,2026-02-18,C01,JKT,Delivery,QRIS,103000
T0116884,2026-03-07,C02,JKT,Takeaway,Tunai,97000
T0109632,2026-02-10,C02,Jakarta,Dine-in,Kartu Debit,88000
T0103521,2026-01-19,C03,Bandung,Takeaway,qris,
T0099285,2026-01-02,C04,Surabaya,Dine-in,Kartu Debit,82000
T0107891,2026-02-04,C02,Jakarta,Delivery,Kartu Debit,53000
T0121340,22/03/2026,C02,,Dine-in,Tunai,18000
T0115381,2026-03-01,C04,Surabaya,Dine-in,Tunai,60000
T0114372,2026-02-26,C04,Surabaya,Dine-in,E-Wallet,
T0109369,2026-02-09,C01,Jakarta,Dine-in,E-Wallet,52000
T0114515,27/02/2026,C01,Jakarta,Delivery,QRIS,
T0105621,2026-01-26,C06,Denpasar,DINE-IN,Kartu Debit,50000
T0111395,2026-02-16,C02,Jakarta,Takeaway,Tunai,14000
T0099399,2026-01-03,C01, Jakarta  ,Takeaway,QRIS,Rp 15.000
T0102786,16/01/2026,C06,Denpasar,Takeaway,Tunai,191000
T0112138,2026-02-18,C06,DENPASAR,Dine-in,Tunai,25000
T0114147,25-Feb-2026,C05,Yogyakarta,Takeaway,Tunai,69000
T0118746,2026-03-13,C05,Yogyakarta,Dine-in,QRIS,14250
T0108773,2026-02-07,C02,JAKARTA,Delivery,E-Wallet,18000
T0117730,2026-03-09,C06,DENPASAR,Takeaway,E-Wallet,15000
T0109136,2026-02-08,C02,Jakarta,Takeaway,QRIS,46000
T0107513,2026-02-02,C05,YOGYAKARTA,Delivery,Kartu Debit,25000
T0107475,2026-02-02,C04, Surabaya  ,Takeaway,QRIS,
T0116384,2026-03-05,C04,Surabaya,Dine-in,QRIS,15000
T0112918,2026-02-21,C03,Bandung,Dine-in,Tunai,17100
T0108029,2026-02-04,C05,Yogyakarta,Takeaway,QRIS,206150
T0113877,2026-02-24,C05,Yogyakarta,Delivery,QRIS,174000
T0114283,2026-02-26,C02,Jakarta,Takeaway,Kartu Debit,130000
T0101501,2026-01-11,C03,Bandung,Delivery,QRIS,18000
T0113147,2026-02-22,C01,Jakarta,Delivery,QRIS,43000
T0120504,19-Mar-2026,C06,JKT,Takeaway,QRIS,Rp 39.000
T0119027,2026-03-14,C04,Surabaya,Takeaway,QRIS,21600
T0100749,2026-01-08,C04,Surabaya,Takeaway,QRIS,62000
T0109033,2026-02-08,C01,Jakarta,Dine-in,Tunai,18000
T0112716,20-Feb-2026,C06,Denpasar,Takeaway,Tunai,0
T0113437,22/02/2026,C06,Denpasar,Delivery,E-Wallet,40000
T0102000,2026-01-14,C01,Jakarta,Takeaway,Tunai,110000
T0109584,2026-02-10,C01,JAKARTA,Dine-in,QRIS,Rp 30.000
T0121359,22/03/2026,C02,Jakarta,Delivery,E-Wallet,
T0108340,2026-02-05,C06,Denpasar,Delivery,Tunai,Rp 34.200
T0121361,2026-03-22,C02,Jakarta,Dine-in,E-Wallet,25000
T0107674,2026-02-03,C03,bandung,Takeaway,QRIS,95000
T0122944,2026-03-27,C05,Yogyakarta,Dine-in,Tunai,85000
T0099492,2026-01-03,C03,Bandung,Delivery,qris,93000
T0102867,17-Jan-2026,C02,Jakarta,Takeaway,QRIS,97000
T0105829,2026-01-27,C05,Yogyakarta,Dine-in,Kartu Debit,117800
T0101961,2026-01-13,C04,Surabaya,Takeaway,Kartu Debit,59000
T0106270,2026-01-29,C04,Surabaya,Takeaway,QRIS,100000
T0112356,19-Feb-2026,C04,JKT,Delivery,QRIS,95000
T0119359,2026-03-15,C04,Surabaya,Dine-in,Kartu Debit,25000
,,,,,,
T0104622,2026-01-23,C04,Surabaya,Takeaway,E-Wallet,43000
T0108510,2026-02-06,C03,Bandung,Dine-in,QRIS,15000
T0122494,26/03/2026,C01,JAKARTA,Dine-in,Kartu Debit,72000
T0121496,2026-03-22,C03,Bandung,Dine-in,Kartu Debit,83000
T0114880,2026-02-28,C01,Jakarta,Dine-in,Kartu Debit,16200
T0121643,2026-03-22,C05,Yogyakarta,Dine-in,QRIS,12000
T0102416,2026-01-15,C05,Yogyakarta,Takeaway,-,
T0114297,2026-02-26,C02,Jakarta,Delivery,Tunai,131100
T0117030,2026-03-07,C03,Bandung,Delivery,QRIS,15000
T0105845,27/01/2026,C06,Denpasar,Delivery,QRIS,-53000.0
T0099983,2026-01-05,C01,Jakarta,Dine-in,E-Wallet,35000
T0114901,2026-02-28,C02,,Dine-in,QRIS,113000
T0108338,2026-02-05,C06,Denpasar,Takeaway,Kartu Debit,65000
T0102873,2026-01-17,C02,Jakarta,Takeaway,E-Wallet,43000
T0101759,2026-01-12,C04,Surabaya,Dine-in,E-Wallet,18000
T0109555,2026-02-09,C05,Yogyakarta,Takeaway,QRIS,25000
T0100950,09-Jan-2026,C03,BANDUNG,Dine-in,Tunai,22500
T0104139,2026-01-21,C05,Yogyakarta,Delivery,Tunai,113000
T0123883,2026-03-30,C06,JKT,Dine-in,E-Wallet,141000
T0103814,2026-01-20,C04, Surabaya  ,Delivery,QRIS,25000
T0122940,2026-03-27,C05,Yogyakarta,Delivery,E-Wallet,18000
T0107981,2026-02-04,C04,Surabaya,Takeaway,QRIS,143000
T0123569,2026-03-29,C04,Surabaya,Dine-in,E-Wallet,
T0121067,2026-03-21,C03, Bandung  ,Delivery,QRIS,25000
T0123021,2026-03-28,C01,Jakarta,Dine-in,Kartu Debit,46800
T0108007,2026-02-04,C04,Surabaya,Dine-in,QRIS,53000
T0099059,2026-01-01,C05,Yogyakarta,Takeaway,Tunai,70000
T0114243,2026-02-26,C01,Jakarta,Dine-in,E-Wallet,161000
T0108312,2026-02-05,C05,Yogyakarta,Takeaway,-,37000
T0103845,20-Jan-2026,C04, Surabaya  ,Takeaway,Kartu Debit,65000
T0107216,2026-02-01,C04,SURABAYA,Takeaway,Tunai,82000
T0099709,2026-01-04,C01,Jakarta,Takeaway,E-Wallet,25000
T0102419,2026-01-15,C05,Yogyakarta,Takeaway,QRIS,20000
T0109798,2026-02-10,C06,DENPASAR,Dine-in,QRIS,131000
T0102529,2026-01-16,C01,Jakarta,Dine-in,QRIS,29700
T0114310,2026-02-26,C03,BANDUNG,Delivery,E-Wallet,
T0112768,2026-02-21,C01,JAKARTA,Dine-in,QRIS,104000
T0104141,21-Jan-2026,C05,Yogyakarta,dine in,E-Wallet,49000
T0099119,2026-01-02,C01,Jakarta,Dine-in,E-Wallet,28000
T0121015,2026-03-21,C03,Bandung,Dine-in,Tunai,15000
T0101538,2026-01-11,C04,SURABAYA,Dine-in,QRIS,60000
T0102545,16/01/2026,C02,Jakarta,DINE-IN,E-Wallet,148000
T0117394,2026-03-08,C04,Surabaya,Delivery,E-Wallet,46000
T0103282,2026-01-18,C03,,Takeaway,QRIS,Rp 62.700
T0107669,2026-02-03,C03,Bandung,Dine-in,QRIS,Rp 76.000
T0110096,2026-02-12,C01,Jakarta,Takeaway,E-Wallet,Rp 117.000
T0120043,2026-03-18,C03,Bandung,Takeaway,Tunai,68000
T0100741,2026-01-08,C04,Surabaya,Dine-in,qris,173000
T0122810,2026-03-27,C03,Bandung,Dine-in,Tunai,25000
T0116514,2026-03-06,C01,Jakarta,Takeaway,QRIS,65000
T0121410,2026-03-22,C03,Bandung,Delivery,E-Wallet,37000
T0119588,2026-03-16,C03,BANDUNG,Delivery,Tunai,
T0102261,2026-01-15,C02,Jakarta,Dine-in,E-Wallet,-33250.0
T0111266,2026-02-15,C05,YOGYAKARTA,Delivery,Kartu Debit,28000
T0112224,2026-02-19,C02,Jakarta,Dine-in,Tunai,Rp 74.000
T0121170,2026-03-21,C05,Yogyakarta,Dine-in,QRIS,64000
T0113478,23/02/2026,C01,Jakarta,Dine-in,QRIS,80000
T0101325,2026-01-10,C05,Yogyakarta,Takeaway,Tunai,40000
T0113496,2026-02-23,C01,Jakarta,Takeaway,QRIS,Rp 75.000
T0122646,2026-03-26,C05,Yogyakarta,Dine-in,Kartu Debit,94000
T0103037,2026-01-17,C04,Surabaya,Takeaway,QRIS,45000
T0104689,23-Jan-2026,C06,denpasar,Dine-in,Tunai,Rp 13.500
T0120399,2026-03-19,C04,Surabaya,Takeaway,E-Wallet,14000
T0111045,2026-02-15,C01,Jakarta,Dine-in,Tunai,130150
T0103324,2026-01-18,C04,Surabaya,Delivery,QRIS,95400
T0121547,22/03/2026,C04,Surabaya,Takeaway,QRIS,24000
T0115414,2026-03-01,C04, Surabaya  ,Dine-in,Kartu Debit,36000
T0123150,2026-03-28,C03,BANDUNG,Takeaway,Tunai,28000
T0105470,2026-01-26,C02,Jakarta,Takeaway,QRIS,25000
T0102314,2026-01-15,C03,BANDUNG,Takeaway,QRIS,18000
T0119488,2026-03-16,C01,Jakarta,Dine-in,QRIS,64000
T0117220,2026-03-08,C01,Jakarta,Takeaway,QRIS,Rp 95.000
T0116669,2026-03-06,C03,Bandung,Delivery,QRIS,95000
T0122080,2026-03-24,C04,Surabaya,Takeaway,QRIS,43000
T0116707,2026-03-06,C04,SURABAYA,Dine-in,qris,22500
T0106768,31-Jan-2026,C02,,Dine-in,QRIS,186200
T0103811,2026-01-20,C04,Surabaya,DINE-IN,Kartu Debit,25000
T0098938,2026-01-01,C03,Bandung,Dine-in,Kartu Debit,20900
T0114295,2026-02-26,C02,Jakarta,Dine-in,QRIS,117000
T0113806,2026-02-24,C03,Bandung,Dine-in,QRIS,67000
T0121224,21-Mar-2026,C06,Denpasar,Delivery,QRIS,160000
T0116442,2026-03-05,C06,Denpasar,Dine-in,Kartu Debit,12000
T0121218,2026-03-21,C06,,Dine-in,QRIS,18000
T0101683,2026-01-12,C02,Jakarta,dine in,Kartu Debit,47000
T0102499,2026-01-16,C01,jakarta,Dine-in,QRIS,55000
T0113067,2026-02-21,C06,,Dine-in,-,43000
T0115561,2026-03-02,C03,Bandung,Dine-in,Tunai,25000
T0116992,07/03/2026,C03,Bandung,Takeaway,QRIS,90000
T0113446,2026-02-22,C06,,Takeaway,QRIS,51000
T0121633,2026-03-22,C05, Yogyakarta  ,Delivery,Kartu Debit,115000
T0114285,2026-02-26,C02,Jakarta,Takeaway,QRIS,48000
T0114451,2026-02-26,C06,Denpasar,Dine-in,Kartu Debit,259000
T0118673,2026-03-13,C03,Bandung,Dine-in,Tunai,163400
T0118842,2026-03-14,C01,Jakarta,Takeaway,QRIS,18000
T0121325,2026-03-22,C01,Jakarta,Delivery,QRIS,61750
T0099456,2026-01-03,C02,Jakarta,Delivery,QRIS,-225000.0
T0123017,28/03/2026,C01,JAKARTA,dine in,Tunai,98000
T0118474,2026-03-12,C06,Denpasar,Takeaway,Kartu Debit,101000
T0104961,2026-01-24,C04,Surabaya,Dine-in,QRIS,-28000.0
T0120167,19-Mar-2026,C01,Jakarta,Takeaway,E-Wallet,20000
T0102669,16/01/2026,C03,Bandung,Dine-in,Tunai,25000
T0117281,2026-03-08,C02,Jakarta,Delivery,QRIS,58500
T0107876,2026-02-04,C02,Jakarta,Dine-in,E-Wallet,28000
T0120063,2026-03-18,C04,Surabaya,Takeaway,QRIS,15000
T0104090,2026-01-21,C04,Surabaya,Dine-in,E-Wallet,-37000.0
T0100553,2026-01-07,C05,Yogyakarta,Delivery,QRIS,
T0119336,2026-03-15,C03,Bandung,Dine-in,E-Wallet,86000
T0121829,2026-03-23,C04,SURABAYA,Delivery,E-Wallet,49000
T0105601,2026-01-26,C05,Yogyakarta,Takeaway,QRIS,
T0111234,2026-02-15,C04,Surabaya,dine in,Tunai,24000
T0108041,2026-02-04,C05,Yogyakarta,Delivery,E-Wallet,24000
T0105772,2026-01-27,C03,Bandung,Dine-in,QRIS,Rp 43.000
T0110268,2026-02-12,C04,Surabaya,Dine-in,E-Wallet,110000
T0112315,2026-02-19,C04,Surabaya,Dine-in,QRIS,Rp 22.000
T0123752,2026-03-30,C02,Jakarta,Takeaway,QRIS,25200
T0120647,2026-03-20,C03,Bandung,Takeaway,QRIS,65000
T0121389,2026-03-22,C02,Jakarta,Dine-in,QRIS,0
T0108067,2026-02-04,C06,Denpasar,Dine-in,QRIS,-99000.0
T0099407,2026-01-03,C02,Jakarta,Dine-in,E-Wallet,118000
T0115015,2026-02-28,C03,Bandung,Takeaway,QRIS,53000
T0119931,2026-03-18,C01,Jakarta,Takeaway,Tunai,15000
T0124079,2026-03-31,C04,Surabaya,Takeaway,E-Wallet,18000
T0105918,2026-01-28,C02,Jakarta,Takeaway,Tunai,-48000.0
T0115679,02/03/2026,C05,Yogyakarta,Takeaway,QRIS,
T0121415,2026-03-22,C03,Bandung,Dine-in,-,39000
T0121276,22/03/2026,C01,Jakarta,Delivery,Tunai,76000
T0112742,2026-02-21,C01,Jakarta,Dine-in,QRIS,37800
T0119562,2026-03-16,C02,Jakarta,Delivery,E-Wallet,15000
T0109682,2026-02-10,C03,Bandung,Takeaway,QRIS,
T0115845,2026-03-03,C03, Bandung  ,Takeaway,QRIS,25000
T0109182,2026-02-08,C03,JKT,Dine-in,E-Wallet,100000
T0118285,2026-03-12,C01,Jakarta,Delivery,Kartu Debit,18000
T0120191,2026-03-19,C01,Jakarta,Delivery,Tunai,49000
T0114229,2026-02-26,C01,jakarta,Dine-in,E-Wallet,15000
T0099084,2026-01-01,C05,Yogyakarta,Takeaway,E-Wallet,65000
T0105945,2026-01-28,C03,Bandung,Takeaway,QRIS,65000
T0106023,2026-01-28,C04,Surabaya,Dine-in,QRIS,44000
T0107321,2026-02-02,C01,Jakarta,Dine-in,E-Wallet,18000
T0120888,2026-03-21,C01,Jakarta,Delivery,E-Wallet,50000
T0110403,2026-02-13,C01,Jakarta,Takeaway,QRIS,58000
T0105518,26/01/2026,C03,BANDUNG,Dine-in,Tunai,69000
T0117493,2026-03-08,C06,Denpasar,Delivery,E-Wallet,
T0119457,2026-03-15,C06,Denpasar,Dine-in,QRIS,24000
T0124103,2026-03-31,C05,Yogyakarta,Dine-in,E-Wallet,65000
T0103660,2026-01-19,C06,Denpasar,Dine-in,QRIS,18000
T0112761,2026-02-21,C01,JAKARTA,Dine-in,Tunai,Rp 28.000
T0107431,2026-02-02,C03,Bandung,Dine-in,Tunai,56000
T0122939,2026-03-27,C05,Yogyakarta,Delivery,Tunai,15000
T0115007,2026-02-28,C03,Bandung,Delivery,E-Wallet,65000
T0108675,2026-02-07,C01,Jakarta,Takeaway,E-Wallet,25000
T0099004,2026-01-01,C04,Surabaya,Takeaway,E-Wallet,72000
T0103021,17-Jan-2026,C04,Surabaya,Takeaway,QRIS,Rp 80.000
T0109413,2026-02-09,C02,Jakarta,Dine-in,Tunai,Rp 169.000
T0107005,2026-01-31,C06,Denpasar,Takeaway,E-Wallet,18000
T0117727,2026-03-09,C06,Denpasar,Takeaway,Tunai,78000
T0103856,2026-01-20,C05,Yogyakarta,Dine-in,Kartu Debit,28000
T0099225,2026-01-02,C03,Bandung,Delivery,E-Wallet,Rp 25.000
T0106648,2026-01-30,C06,Denpasar,Takeaway,QRIS,14000
T0110834,2026-02-14,C03,Bandung,Takeaway,Tunai,30000
T0119705,2026-03-16,C06,Denpasar,Takeaway,Tunai,78000
T0102122,2026-01-14,C03,Bandung,Dine-in,E-Wallet,50000
T0103157,2026-01-18,C01,Jakarta,Takeaway,Tunai,69000
T0114203,26-Feb-2026,C01,Jakarta,Dine-in,QRIS,15000
T0120735,2026-03-20,C04,Surabaya,Takeaway,QRIS,96000
T0121577,2026-03-22,C04,Surabaya,Dine-in,E-Wallet,37000
T0110458,2026-02-13,C02,Jakarta,Dine-in,Tunai,54000
T0110902,2026-02-14,C04,surabaya,Dine-in,QRIS,111000
T0115546,2026-03-02,C02,Jakarta,Delivery,QRIS,Rp 30.000
T0100271,01-Jun-2026,C04,Surabaya,Delivery,Kartu Debit,44000
T0121075,2026-03-21,C03,bandung,Delivery,QRIS,95000
T0122317,2026-03-25,C04,Surabaya,Dine-in,QRIS,18000
T0118236,12-Mar-2026,C01,Jakarta,Dine-in,QRIS,43000
T0120481,2026-03-19,C05, Yogyakarta  ,Delivery,QRIS,
T0113566,2026-02-23,C03,Bandung,Dine-in,QRIS,23750
T0116524,2026-03-06,C02,JAKARTA,Delivery,Tunai,50000
T0115789,2026-03-03,C02, Jakarta  ,Takeaway,Tunai,36000
T0105211,2026-01-25,C03, Bandung  ,Takeaway,Kartu Debit,24000
T0122969,27/03/2026,C06,Denpasar,Dine-in,Kartu Debit,95000
T0120740,2026-03-20,C04,Surabaya,Delivery,Tunai,119000
T0122961,27-Mar-2026,C05,Yogyakarta,Delivery,E-Wallet,110000
T0120352,2026-03-19,C03,Bandung,Takeaway,qris,15000
T0118726,2026-03-13,C05,Yogyakarta,Delivery,Kartu Debit,141000
T0102955,2026-01-17,C03,Bandung,Takeaway,QRIS,43200
T0111600,17/02/2026,C01,Jakarta,Takeaway,QRIS,14250
T0116300,2026-03-05,C02,Jakarta,Takeaway,QRIS,22000
T0116199,2026-03-04,C06,DENPASAR,Delivery,Tunai,92000
T0109215,2026-02-08,C04,Surabaya,Dine-in,Tunai,25000
T0111280,15/02/2026,C05,Yogyakarta,Delivery,Tunai,18000
T0107356,2026-02-02,C02,Jakarta,Takeaway,Kartu Debit,80000
T0109703,2026-02-10,C03,Bandung,Dine-in,E-Wallet,10800
,,,,,,
T0100027,2026-01-05,C03, Bandung  ,Dine-in,QRIS,18000
T0118919,2026-03-14,C02,Jakarta,Dine-in,E-Wallet,12000
T0117162,2026-03-07,C06,Denpasar,Delivery,QRIS,54000
T0115883,2026-03-03,C04,Surabaya,Dine-in,Kartu Debit,106000
T0106212,2026-01-29,C03,Bandung,Takeaway,QRIS,22000
T0109899,2026-02-11,C02, Jakarta  ,Delivery,E-Wallet,28000
T0120516,2026-03-19,C06,Denpasar,Dine-in,Tunai,Rp 40.000
T0099207,2026-01-02,C03,Bandung,dine in,E-Wallet,22000
T0121935,2026-03-24,C01,Jakarta,Takeaway,Kartu Debit,68000
T0112971,2026-02-21,C04,Surabaya,Delivery,-,48000
T0100892,2026-01-09,C02,Jakarta,Dine-in,QRIS,54000
T0121511,22-Mar-2026,C04,Surabaya,Delivery,Tunai,Rp 28.000
T0115022,2026-02-28,C03,Bandung,Takeaway,QRIS,42000
T0105370,2026-01-25,C06,denpasar,Delivery,Kartu Debit,
T0112038,2026-02-18,C04,surabaya,Dine-in,Kartu Debit,25000
T0116827,2026-03-07,C01,Jakarta,Takeaway,qris,28000
T0112030,2026-02-18,C03,Bandung,Takeaway,Kartu Debit,15000
T0115858,2026-03-03,C04,Surabaya,Delivery,E-Wallet,88000
T0108418,2026-02-06,C02,Jakarta,Dine-in,Tunai,47000
T0102620,2026-01-16,C03,Bandung,Takeaway,E-Wallet,36000
T0100388,07/01/2026,C02,Jakarta,Delivery,Tunai,39000
T0100359,2026-01-07,C01,Jakarta,Takeaway,QRIS,
T0103545,2026-01-19,C03,Bandung,Takeaway,QRIS,44000
T0113761,2026-02-24,C02,jakarta,Dine-in,Tunai,25000
T0122975,27-Mar-2026,C06,Denpasar,Takeaway,QRIS,Rp 53.000
T0105193,2026-01-25,C02,JAKARTA,Dine-in,Kartu Debit,Rp 43.000
T0098905,2026-01-01,C03, Bandung  ,Takeaway,QRIS,30000
T0105326,2026-01-25,C05,Yogyakarta,Dine-in,Tunai,0
T0112786,2026-02-21,C01,Jakarta,DINE-IN,QRIS,50000
T0108681,07/02/2026,C01,,Dine-in,Kartu Debit,36000
T0119686,2026-03-16,C06,Denpasar,dine in,E-Wallet,36000
T0113124,2026-02-22,C01,JAKARTA,Takeaway,Kartu Debit,68000
T0121857,23/03/2026,C04,Surabaya,Dine-in,Tunai,254000
T0103009,17/01/2026,C04,Surabaya,Dine-in,E-Wallet,25000
T0113273,2026-02-22,C03,BANDUNG,Delivery,QRIS,91000
T0115370,2026-03-01,C03,Bandung,Takeaway,Kartu Debit,
T0118825,2026-03-14,C01,Jakarta,Takeaway,QRIS,25000
T0123520,2026-03-29,C03,Bandung,Takeaway,QRIS,Rp 25.000
T0098982,01/01/2026,C03,Bandung,Takeaway,QRIS,63000
T0112493,2026-02-20,C02,Jakarta,Delivery,Tunai,36000
T0099320,02-Jan-2026,C05,Yogyakarta,Delivery,Tunai,35100
T0112177,2026-02-19,C01,Jakarta,Dine-in,QRIS,72000
T0100028,2026-01-05,C03,JKT,Dine-in,QRIS,69000
T0107640,03/02/2026,C02,,Dine-in,Tunai,25000
T0101629,2026-01-12,C01,JAKARTA,Takeaway,E-Wallet,50000
T0100811,2026-01-09,C01,Jakarta,Delivery,QRIS,94000
T0108104,05/02/2026,C01,Jakarta,Dine-in,Tunai,67000
T0099071,2026-01-01,C05,Yogyakarta,Delivery,Kartu Debit,73150
T0123141,2026-03-28,C03,Bandung,Delivery,Kartu Debit,22000
T0099920,04-Jan-2026,C05,Yogyakarta,Takeaway,Kartu Debit,
T0120165,2026-03-19,C01,Jakarta,Dine-in,E-Wallet,18000
T0103800,2026-01-20,C03,bandung,Dine-in,QRIS,103000
T0112642,2026-02-20,C04,Surabaya,Takeaway,E-Wallet,160000
T0123977,2026-03-31,C03, Bandung  ,Dine-in,Kartu Debit,65000
T0103967,2026-01-21,C01,Jakarta,Dine-in,Kartu Debit,109250
T0100620,2026-01-08,C02,Jakarta,Delivery,Tunai,190000
T0121850,2026-03-23,C04,surabaya,Takeaway,Tunai,67000
T0123935,2026-03-31,C01,Jakarta,Takeaway,E-Wallet,48000
T0115595,2026-03-02,C03,Bandung,Takeaway,E-Wallet,36000
T0105681,2026-01-27,C01,JAKARTA,dine in,QRIS,25000
T0113362,2026-02-22,C05,Yogyakarta,Delivery,E-Wallet,50000
T0115955,2026-03-04,C01, Jakarta  ,Dine-in,E-Wallet,18000
,,,,,,
T0122292,25-Mar-2026,C03,BANDUNG,Takeaway,QRIS,Rp 82.000
T0105097,2026-01-25,C01,Jakarta,Dine-in,QRIS,142000
T0116380,2026-03-05,C04,Surabaya,Delivery,Kartu Debit,118000
T0109996,2026-02-11,C04,surabaya,Dine-in,QRIS,30000
T0113094,2026-02-21,C06,Denpasar,Takeaway,QRIS,-65000.0
T0111510,2026-02-16,C05,Yogyakarta,Dine-in,QRIS,
T0112256,2026-02-19,C03,Bandung,Delivery,QRIS,18000
T0120073,2026-03-18,C04,SURABAYA,Delivery,QRIS,155000
T0115938,2026-03-03,C06,Denpasar,Dine-in,QRIS,28000
T0122462,2026-03-26,C01,Jakarta,Delivery,QRIS,11400
T0099723,2026-01-04,C01,Jakarta,Takeaway,E-Wallet,98000
T0112023,2026-02-18,C03,bandung,Dine-in,QRIS,78000
T0110351,2026-02-12,C06,Denpasar,DINE-IN,Kartu Debit,20000
T0114475,2026-02-27,C01, Jakarta  ,Takeaway,Tunai,25200
T0099460,03/01/2026,C02,Jakarta,Takeaway,QRIS,95000
T0115508,2026-03-02,C01,Jakarta,Dine-in,E-Wallet,18000
T0108877,2026-02-07,C04,Surabaya,Delivery,QRIS,78000
T0106366,30-Jan-2026,C01,Jakarta,Dine-in,Tunai,Rp 56.000
T0112521,2026-02-20,C02,Jakarta,Dine-in,QRIS,15000
T0105233,2026-01-25,C03,Bandung,Delivery,E-Wallet,35000
T0106832,2026-01-31,C03,Bandung,Takeaway,Kartu Debit,14000
T0114337,2026-02-26,C03,Bandung,Delivery,QRIS,18000
T0101068,01-Oct-2026,C01, Jakarta  ,Takeaway,E-Wallet,43000
T0119575,2026-03-16,C03,BANDUNG,Takeaway,QRIS,70000
T0109656,2026-02-10,C02,Jakarta,Dine-in,QRIS,Rp 25.000
T0123784,30-Mar-2026,C03,Bandung,Takeaway,E-Wallet,
T0111923,2026-02-18,C01,Jakarta,Delivery,QRIS,Rp 22.000
T0123667,2026-03-30,C01,JAKARTA,Takeaway,QRIS,35000
T0107595,2026-02-03,C01,JAKARTA,Takeaway,Kartu Debit,30000
T0116309,2026-03-05,C02,Jakarta,Delivery,qris,
T0109759,10-Feb-2026,C04,SURABAYA,Delivery,Kartu Debit,89000
T0103638,2026-01-19,C06,Denpasar,Dine-in,QRIS,
T0105244,25/01/2026,C03,Bandung,Takeaway,E-Wallet,83000
T0124054,31/03/2026,C04,Surabaya,Dine-in,Tunai,190000
T0116997,2026-03-07,C03,Bandung,Takeaway,QRIS,
T0124092,2026-03-31,C05,Yogyakarta,Dine-in,Tunai,74000
T0120475,2026-03-19,C05,JKT,Dine-in,QRIS,56000
T0099471,2026-01-03,C02,Jakarta,Dine-in,E-Wallet,26600
T0123336,2026-03-28,C06,Denpasar,Delivery,Tunai,15000
T0102702,2026-01-16,C04, Surabaya  ,Dine-in,QRIS,46000
T0120363,19-Mar-2026,C03,Bandung,Takeaway,QRIS,Rp 72.000
T0119748,2026-03-17,C01,JKT,Takeaway,QRIS,23750
T0121043,2026-03-21,C03,Bandung,Dine-in,E-Wallet,18000
T0119754,17/03/2026,C02,JAKARTA,Dine-in,E-Wallet,25200
T0105336,25-Jan-2026,C05,Yogyakarta,Takeaway,QRIS,15000
T0107508,2026-02-02,C05,Yogyakarta,Takeaway,QRIS,75000
T0113059,2026-02-21,C06,Denpasar,Takeaway,Kartu Debit,25000
T0115027,2026-02-28,C04,Surabaya,Delivery,QRIS,53000
T0121756,23-Mar-2026,C02,Jakarta,Dine-in,Tunai,35000
T0116080,04/03/2026,C03,bandung,Takeaway,Kartu Debit,30000
T0116389,2026-03-05,C04,Surabaya,Delivery,E-Wallet,25000
T0102335,2026-01-15,C03,Bandung,Delivery,QRIS,36000
,,,,,,
T0106479,2026-01-30,C03,Bandung,Delivery,E-Wallet,18000
T0123554,2026-03-29,C04,JKT,Delivery,QRIS,28000
T0106123,2026-01-29,C01,Jakarta,Takeaway,Kartu Debit,43000
T0106343,2026-01-30,C01,JAKARTA,Dine-in,QRIS,25000
T0112425,19-Feb-2026,C06,Denpasar,Dine-in,Kartu Debit,33000
T0100422,2026-01-07,C03,JKT,Dine-in,Tunai,25000
T0106528,2026-01-30,C03, Bandung  ,Dine-in,QRIS,0
T0102573,2026-01-16,C02,Jakarta,Takeaway,Tunai,53000
T0117770,2026-03-10,C01,Jakarta,DINE-IN,Kartu Debit,76000
T0107908,04-Feb-2026,C03,Bandung,Takeaway,Kartu Debit,
T0116304,2026-03-05,C02, Jakarta  ,Dine-in,Tunai,0
T0121145,2026-03-21,C04,Surabaya,Dine-in,Tunai,36000
T0109198,2026-02-08,C03,Bandung,Dine-in,E-Wallet,
T0111097,2026-02-15,C02,Jakarta,Dine-in,E-Wallet,81000
T0112141,2026-02-18,C06,Denpasar,Dine-in,Tunai,54000
T0113772,2026-02-24,C02,Jakarta,Dine-in,qris,53000
T0099272,2026-01-02,C04,SURABAYA,Takeaway,QRIS,74100
T0119107,14-Mar-2026,C05,Yogyakarta,Takeaway,E-Wallet,33000
T0105922,2026-01-28,C02,jakarta,Takeaway,Kartu Debit,20000
T0107763,03/02/2026,C05,Yogyakarta,Delivery,QRIS,45000
T0118796,2026-03-13,C06,DENPASAR,Dine-in,E-Wallet,99000
T0106824,2026-01-31,C03,bandung,Dine-in,E-Wallet,68000
T0100287,2026-01-06,C05,YOGYAKARTA,Delivery,QRIS,25000
T0120524,19-Mar-2026,C06,Denpasar,Delivery,E-Wallet,25000
T0105998,2026-01-28,C04,Surabaya,Dine-in,QRIS,Rp 28.000
T0119181,15/03/2026,C01,Jakarta,Takeaway,Tunai,124000
T0108637,06/02/2026,C06,Denpasar,Takeaway,Tunai,50350
T0107935,2026-02-04,C03,Bandung,Delivery,E-Wallet,25000
T0105174,2026-01-25,C02, JAKARTA  ,Takeaway,QRIS,46000
T0103975,21/01/2026,C02, Jakarta  ,Delivery,QRIS,18000
T0121894,2026-03-23,C06,Denpasar,Dine-in,QRIS,22000
T0119488,2026-03-16,C01,Jakarta,Dine-in,QRIS,64000
T0104090,2026-01-21,C04,Surabaya,Dine-in,E-Wallet,-37000.0
T0100149,06/01/2026,C01,Jakarta,Dine-in,Tunai,66500
T0124099,2026-03-31,C05,Yogyakarta,Delivery,Kartu Debit,76000
T0100041,2026-01-05,C03,Bandung,Dine-in,Kartu Debit,25000
T0107011,2026-02-01,C01,Jakarta,Dine-in,Kartu Debit,14250
T0102529,2026-01-16,C01,Jakarta,Dine-in,QRIS,29700
T0111535,16-Feb-2026,C06,Denpasar,Delivery,Tunai,43000
T0101899,13/01/2026,C03,Bandung,Dine-in,QRIS,141000
T0100801,2026-01-09,C01,Jakarta,Delivery,Tunai,57000
T0102979,2026-01-17,C03,Bandung,Delivery,Kartu Debit,14250
T0120769,20/03/2026,C05,Yogyakarta,Dine-in,E-Wallet,150000
T0119607,2026-03-16,C03,Bandung,Dine-in,QRIS,36000
T0102452,2026-01-15,C06,Denpasar,Dine-in,Tunai,101650
T0123990,2026-03-31,C03,Bandung,Takeaway,Tunai,22000
T0107632,2026-02-03,C02,jakarta,Takeaway,Tunai,85000
T0115727,2026-03-03,C01,Jakarta,Takeaway,QRIS,68000
T0106692,2026-01-31,C01,Jakarta,Takeaway,QRIS,12000
T0115030,2026-02-28,C04,Surabaya,Delivery,QRIS,36000
T0119335,2026-03-15,C03,Bandung,Takeaway,Tunai,15000
T0103304,2026-01-18,C04,Surabaya,dine in,Tunai,174000
T0104960,2026-01-24,C04,SURABAYA,Dine-in,E-Wallet,68000
T0117063,07/03/2026,C04,Surabaya,Takeaway,Tunai,128250
T0110379,2026-02-13,C01,JAKARTA,Delivery,QRIS,64800
T0111936,2026-02-18,C01,Jakarta,Takeaway,QRIS,106000
T0121101,21-Mar-2026,C04, Surabaya  ,Takeaway,E-Wallet,20000
T0107189,2026-02-01,C04, Surabaya  ,Delivery,Tunai,95000
T0115795,2026-03-03,C02,Jakarta,Takeaway,Kartu Debit,52000
T0100210,06-Jan-2026,C03,BANDUNG,Dine-in,QRIS,33000
T0119155,2026-03-14,C06,Denpasar,Dine-in,QRIS,50000
T0120093,2026-03-18,C04,Surabaya,Takeaway,QRIS,-40000.0
T0115059,2026-02-28,C04,Surabaya,Delivery,Kartu Debit,Rp 25.000
T0118434,2026-03-12,C05,Yogyakarta,Takeaway,Kartu Debit,96000
T0105988,2026-01-28,C03,Bandung,Dine-in,QRIS,48000
T0104635,2026-01-23,C05,Yogyakarta,Dine-in,qris,151000
T0113662,2026-02-23,C06,Denpasar,Dine-in,Kartu Debit,Rp 98.000
T0103376,2026-01-18,C05,Yogyakarta,Dine-in,Tunai,35000
T0104250,2026-01-22,C03,,Dine-in,QRIS,
T0114264,2026-02-26,C02,Jakarta,Delivery,Tunai,74000
T0116000,2026-03-04,C01,Jakarta,Delivery,E-Wallet,-18000.0
T0105639,2026-01-26,C06,JKT,Dine-in,Kartu Debit,232000
T0112868,2026-02-21,C03,Bandung,Dine-in,-,
T0123941,2026-03-31,C01,Jakarta,Dine-in,Tunai,50000
T0113257,2026-02-22,C03,Bandung,Dine-in,QRIS,76000
T0101510,2026-01-11,C04,Surabaya,Dine-in,-,107350
T0119068,2026-03-14,C04,surabaya,Delivery,Kartu Debit,22500
T0122656,2026-03-26,C05,Yogyakarta,Dine-in,Kartu Debit,28000
T0099165,02/01/2026,C02,Jakarta,Delivery,E-Wallet,54000
T0103630,2026-01-19,C05,Yogyakarta,Delivery,E-Wallet,28000
T0116932,2026-03-07,C02,JAKARTA,Delivery,Tunai,22000
T0109459,2026-02-09,C03,Bandung,Dine-in,Kartu Debit,15000
T0108989,2026-02-07,C06,Denpasar,Dine-in,E-Wallet,72000
T0113772,2026-02-24,C02,Jakarta,Dine-in,qris,53000
T0122603,2026-03-26,C04,Surabaya,Delivery,QRIS,83000
T0119946,2026-03-18,C01,JKT,dine in,E-Wallet,25000
T0119985,2026-03-18,C02,JAKARTA,dine in,E-Wallet,61000
T0104189,2026-01-22,C01,Jakarta,Dine-in,E-Wallet,60800
T0103926,21/01/2026,C01,Jakarta,Takeaway,E-Wallet,114000
T0100099,05/01/2026,C04,Surabaya,Dine-in,Kartu Debit,Rp 53.000
T0122266,25-Mar-2026,C03,Bandung,dine in,E-Wallet,15000
T0107689,2026-02-03,C03,bandung,Delivery,Kartu Debit,49000
T0099028,01/01/2026,C04,Surabaya,Delivery,QRIS,95000
T0120534,2026-03-20,C01,Jakarta,Delivery,E-Wallet,15000
T0121368,22/03/2026,C02,jakarta,Dine-in,QRIS,98000
T0101191,2026-01-10,C03,JKT,Dine-in,-,Rp 54.000
T0101489,2026-01-11,C03, Bandung  ,Delivery,E-Wallet,12000
T0107897,2026-02-04,C03,Bandung,Dine-in,E-Wallet,45000
T0118595,2026-03-13,C02,Jakarta,Takeaway,QRIS,80000
T0118360,12/03/2026,C03,BANDUNG,Delivery,Tunai,25000
T0102334,15/01/2026,C03,Bandung,Delivery,-,140000
T0108825,2026-02-07,C03,Bandung,Dine-in,Kartu Debit,20900
T0110625,2026-02-13,C05,Yogyakarta,Dine-in,E-Wallet,14000
T0111463,2026-02-16,C04,Surabaya,Dine-in,Tunai,53000
T0111218,15/02/2026,C04,Surabaya,Takeaway,E-Wallet,101000
T0109808,2026-02-10,C06,Denpasar,Dine-in,Tunai,12000
T0109302,2026-02-08,C05,Yogyakarta,Dine-in,E-Wallet,40000
T0112217,2026-02-19,C02, Jakarta  ,Takeaway,Kartu Debit,Rp 46.000
T0101657,2026-01-12,C01,Jakarta,Takeaway,Kartu Debit,32000
T0121601,2026-03-22,C05,Yogyakarta,Dine-in,QRIS,24000
T0118989,2026-03-14,C03,Bandung,Dine-in,Kartu Debit,74000
T0106149,2026-01-29,C02,Jakarta,Delivery,qris,48000
T0104106,2026-01-21,C04,Surabaya,Takeaway,Kartu Debit,64600
T0113309,2026-02-22,C04, Surabaya  ,DINE-IN,QRIS,12000
T0120810,2026-03-20,C06,DENPASAR,Delivery,Tunai,86000
T0103559,2026-01-19,C04,Surabaya,Dine-in,QRIS,65000
T0106456,2026-01-30,C02,Jakarta,Dine-in,QRIS,25000
T0100008,2026-01-05,C02,Jakarta,Dine-in,Kartu Debit,18000
T0121880,23/03/2026,C05,Yogyakarta,Dine-in,Tunai,121000
T0122477,2026-03-26,C01,Jakarta,Takeaway,QRIS,25000
T0123741,30-Mar-2026,C02,Jakarta,Dine-in,E-Wallet,22000
T0123663,29-Mar-2026,C06,Denpasar,Takeaway,QRIS,18000
T0100579,2026-01-08,C01,Jakarta,Takeaway,QRIS,50000
T0104603,2026-01-23,C04,Surabaya,Delivery,Kartu Debit,117000
T0116018,04-Mar-2026,C02,jakarta,Dine-in,E-Wallet,105000
T0102692,2026-01-16,C04,Surabaya,Dine-in,-,28000
T0098867,2026-01-01,C02,JAKARTA,Takeaway,QRIS,39900
T0110700,14/02/2026,C01,Jakarta,Dine-in,Tunai,25000
T0121406,2026-03-22,C03,Bandung,Dine-in,Kartu Debit,18000
T0103390,2026-01-18,C05,Yogyakarta,Dine-in,E-Wallet,15000
T0106992,2026-01-31,C06,Denpasar,Takeaway,E-Wallet,18000
T0113648,2026-02-23,C05,Yogyakarta,Dine-in,QRIS,14000
T0117817,2026-03-10,C02,JAKARTA,Dine-in,Kartu Debit,179000
T0116746,2026-03-06,C05,Yogyakarta,Dine-in,QRIS,Rp 50.000
T0121564,2026-03-22,C04,Surabaya,Dine-in,QRIS,15000
T0113426,2026-02-22,C06,Denpasar,Takeaway,Tunai,Rp 93.000
T0103177,2026-01-18,C01,Jakarta,Delivery,QRIS,218000
T0108144,2026-02-05,C02,Jakarta,Takeaway,QRIS,
T0114015,2026-02-25,C02,Jakarta,Dine-in,QRIS,0
T0099215,02-Jan-2026,C03,Bandung,Dine-in,E-Wallet,
T0107715,2026-02-03,C04,Surabaya,Dine-in,qris,25000
T0104263,22/01/2026,C03,bandung,Takeaway,QRIS,49000
T0102711,2026-01-16,C04,Surabaya,Delivery,E-Wallet,24000
T0114531,2026-02-27,C02,Jakarta,Takeaway,QRIS,22000
T0102319,2026-01-15,C03,Bandung,Dine-in,Kartu Debit,
T0101099,2026-01-10,C01,JAKARTA,Takeaway,E-Wallet,24000
T0104812,2026-01-24,C02, jakarta  ,Takeaway,QRIS,38700
T0109815,2026-02-10,C06,DENPASAR,Delivery,Kartu Debit,14000
T0101013,2026-01-09,C04,surabaya,Takeaway,Kartu Debit,0
T0112499,2026-02-20,C02,Jakarta,Delivery,QRIS,50000
T0104968,2026-01-24,C04,Surabaya,Dine-in,QRIS,70300
T0103293,18-Jan-2026,C03,Bandung,Takeaway,QRIS,80000
T0106602,2026-01-30,C05,YOGYAKARTA,Dine-in,QRIS,Rp 54.000
T0117407,2026-03-08,C05,Yogyakarta,Dine-in,QRIS,208000
T0122748,2026-03-27,C01,,Dine-in,QRIS,18000
T0118174,2026-03-11,C05,Yogyakarta,Dine-in,QRIS,25000
T0112285,19-Feb-2026,C03,BANDUNG,Delivery,QRIS,18000
T0115549,2026-03-02,C02,Jakarta,Takeaway,Kartu Debit,15000
T0120981,2026-03-21,C02,Jakarta,Dine-in,QRIS,56000
T0098959,2026-01-01,C03,Bandung,Takeaway,QRIS,95000
T0110195,2026-02-12,C03,Bandung,Delivery,E-Wallet,37000
,,,,,,
T0104042,2026-01-21,C03,Bandung,Dine-in,Tunai,18000
T0107419,2026-02-02,C03,Bandung,Takeaway,E-Wallet,23750
T0123758,2026-03-30,C03,Bandung,Dine-in,QRIS,28000
T0123753,2026-03-30,C03,Bandung,dine in,Kartu Debit,28000
T0118785,2026-03-13,C06,,Delivery,E-Wallet,32000
T0121368,22/03/2026,C02,jakarta,Dine-in,QRIS,98000
T0110173,2026-02-12,C02,Jakarta,Dine-in,QRIS,26600
T0107425,2026-02-02,C03,Bandung,Takeaway,QRIS,0
T0122322,25-Mar-2026,C04,Surabaya,Dine-in,Kartu Debit,96000
T0103981,2026-01-21,C02,Jakarta,Dine-in,E-Wallet,24000
T0116617,06-Mar-2026,C03,Bandung,Dine-in,Tunai,130000
T0100561,2026-01-08,C01,Jakarta,Dine-in,Tunai,25000
T0099018,2026-01-01,C04,Surabaya,Dine-in,Tunai,Rp 164.000
T0114096,25/02/2026,C04, Surabaya  ,Delivery,E-Wallet,19800
T0117074,07-Mar-2026,C04,Surabaya,Takeaway,QRIS,18000
T0106193,2026-01-29,C03,Bandung,Takeaway,Tunai,15000
T0111961,2026-02-18,C01,Jakarta,Takeaway,Tunai,65000
T0114185,2026-02-25,C06,Denpasar,Delivery,QRIS,-50000.0
T0112503,2026-02-20,C02,Jakarta,DINE-IN,Tunai,101000
T0100372,2026-01-07,C02, JAKARTA  ,Takeaway,QRIS,
T0112340,2026-02-19,C04,Surabaya,Delivery,Tunai,0
T0101997,2026-01-13,C05,,Takeaway,E-Wallet,53000
T0102050,2026-01-14,C02,,Dine-in,Tunai,18000
T0101399,2026-01-11,C02,Jakarta,Takeaway,QRIS,112000
T0109676,2026-02-10,C03,Bandung,Dine-in,QRIS,15000
T0103594,2026-01-19,C04,Surabaya,Dine-in,-,
T0099804,2026-01-04,C03,Bandung,Dine-in,Tunai,68000
T0112398,2026-02-19,C05,Yogyakarta,Delivery,E-Wallet,80000
T0107337,02-Feb-2026,C01,Jakarta,Takeaway,E-Wallet,40000
T0118101,2026-03-11,C03,Bandung,Delivery,QRIS,-50000.0
T0105125,25-Jan-2026,C01,Jakarta,Dine-in,QRIS,140600
T0104900,2026-01-24,C03,Bandung,Takeaway,Kartu Debit,44650
T0119621,16/03/2026,C04,Surabaya,Dine-in,qris,258000
T0114229,2026-02-26,C01,jakarta,Dine-in,E-Wallet,15000
T0110401,2026-02-13,C01,Jakarta,Dine-in,Tunai,102000
T0116630,06/03/2026,C03,Bandung,Dine-in,Tunai,25000
T0101093,2026-01-10,C01,Jakarta,Dine-in,Tunai,25000
T0107370,2026-02-02,C02,Jakarta,Takeaway,Kartu Debit,57000
,,,,,,
T0122344,2026-03-25,C04,SURABAYA,Delivery,Tunai,128000
T0115763,2026-03-03,C01,,dine in,E-Wallet,44000
T0113034,2026-02-21,C05,Yogyakarta,Takeaway,Tunai,35000
T0113405,22/02/2026,C06,Denpasar,Delivery,QRIS,112000
T0099152,02-Jan-2026,C02,Jakarta,Takeaway,Tunai,48000
T0101940,2026-01-13,C04,Surabaya,Takeaway,E-Wallet,22000
T0108839,2026-02-07,C03,JKT,Takeaway,QRIS,25000
T0122484,2026-03-26,C01,Jakarta,Dine-in,QRIS,53000
T0105079,2026-01-25,C01,JAKARTA,Dine-in,Kartu Debit,92000
T0105229,2026-01-25,C03,Bandung,Dine-in,Tunai,17100
T0109230,2026-02-08,C04,Surabaya,Takeaway,Kartu Debit,25200
T0108694,2026-02-07,C01,Jakarta,Dine-in,QRIS,55000
T0118548,2026-03-13,C01,Jakarta,Takeaway,QRIS,67450
T0122967,2026-03-27,C06,Denpasar,Delivery,Kartu Debit,25000
T0110677,14/02/2026,C01,Jakarta,Dine-in,E-Wallet,22000
T0119787,2026-03-17,C03,Bandung,Takeaway,Kartu Debit,71250
T0109845,11/02/2026,C01,Jakarta,Dine-in,QRIS,28000
T0114224,2026-02-26,C01,JAKARTA,Takeaway,Tunai,65000
T0110685,2026-02-14,C01,JAKARTA,dine in,E-Wallet,18000
T0119319,2026-03-15,C03,Bandung,Takeaway,QRIS,
T0116550,2026-03-06,C02,Jakarta,Takeaway,Tunai,15000
T0103238,2026-01-18,C03,Bandung,Dine-in,E-Wallet,47000
T0105861,2026-01-28,C01,Jakarta,Delivery,Kartu Debit,43000
T0107052,2026-02-01,C01,Jakarta,Dine-in,Kartu Debit,56000
T0111308,2026-02-15,C06,denpasar,Dine-in,E-Wallet,56000
T0112358,2026-02-19,C05,yogyakarta,Dine-in,Kartu Debit,Rp 15.000
T0121503,2026-03-22,C03,Bandung,Delivery,QRIS,28000
T0116352,2026-03-05,C03,Bandung,dine in,Kartu Debit,40500
T0121094,2026-03-21,C04,Surabaya,Dine-in,Tunai,12000
T0109549,2026-02-09,C05,Yogyakarta,Takeaway,QRIS,114000
T0112470,2026-02-20,C01,JAKARTA,Takeaway,QRIS,28000
T0118717,2026-03-13,C04,SURABAYA,Takeaway,Tunai,40000
T0119494,16/03/2026,C01,Jakarta,Dine-in,Kartu Debit,57000
T0103055,2026-01-17,C05,YOGYAKARTA,Dine-in,Tunai,105450
T0123605,2026-03-29,C05,Yogyakarta,Takeaway,Tunai,40850
T0110036,2026-02-11,C05,Yogyakarta,Takeaway,Kartu Debit,42750
T0105403,2026-01-25,C06,Denpasar,Takeaway,QRIS,15000
T0115228,2026-03-01,C01,Jakarta,Dine-in,Tunai,48000
T0103356,2026-01-18,C05,YOGYAKARTA,Dine-in,Kartu Debit,95000
T0111853,17/02/2026,C05,Yogyakarta,Takeaway,QRIS,18000
T0100293,2026-01-06,C05,Yogyakarta,Dine-in,E-Wallet,37000
T0115169,2026-02-28,C06,Denpasar,Dine-in,E-Wallet,75000
T0103764,2026-01-20,C03,Bandung,Dine-in,QRIS,12000
T0102855,2026-01-17,C01,Jakarta,Dine-in,E-Wallet,
T0106671,2026-01-30,C06,denpasar,Delivery,E-Wallet,71000
T0120431,2026-03-19,C04,Surabaya,Dine-in,QRIS,36000
T0106435,2026-01-30,C02,Jakarta,Delivery,E-Wallet,14000
T0120363,19-Mar-2026,C03,Bandung,Takeaway,QRIS,Rp 72.000
T0123452,2026-03-29,C02,Jakarta,Dine-in,QRIS,168150
T0113210,2026-02-22,C02,Jakarta,Dine-in,QRIS,47000
T0105578,26/01/2026,C04,Surabaya,Delivery,QRIS,22500
T0113350,2026-02-22,C05,Yogyakarta,Takeaway,E-Wallet,15000
T0110606,2026-02-13,C05,yogyakarta,Takeaway,QRIS,-50000.0
T0100496,2026-01-07,C04,Surabaya,DINE-IN,Kartu Debit,106000
T0119703,16/03/2026,C06,Denpasar,Takeaway,QRIS,28000
T0114209,2026-02-26,C01,Jakarta,Takeaway,Kartu Debit,48000
T0099945,2026-01-05,C01,Jakarta,Takeaway,E-Wallet,78850
T0109437,09/02/2026,C03,Bandung,Takeaway,QRIS,36000
T0110548,2026-02-13,C03, Bandung  ,Takeaway,QRIS,30000
T0109783,2026-02-10,C05,Yogyakarta,Takeaway,E-Wallet,96000
T0113879,2026-02-24,C05,Yogyakarta,Dine-in,QRIS,18000
T0110832,2026-02-14,C03,Bandung,Dine-in,Tunai,18000
T0108602,2026-02-06,C05,Yogyakarta,Dine-in,Tunai,40000
T0120615,2026-03-20,C03,Bandung,Takeaway,Tunai,15000
T0104488,2026-01-23,C02,,dine in,E-Wallet,Rp 64.000
,,,,,,
T0123242,2026-03-28,C04,,Takeaway,E-Wallet,Rp 99.000
T0118697,2026-03-13,C04, Surabaya  ,Dine-in,QRIS,56000
T0100007,05/01/2026,C02,JAKARTA,Takeaway,QRIS,Rp 94.000
T0121206,2026-03-21,C06,Denpasar,Dine-in,QRIS,66000
T0110115,12-Feb-2026,C01,Jakarta,Dine-in,E-Wallet,50000
T0099231,2026-01-02,C03,Bandung,Delivery,-,43000
T0119671,2026-03-16,C05,Yogyakarta,Delivery,-,65000
T0121274,2026-03-22,C01,Jakarta,Dine-in,QRIS,33000
T0099753,2026-01-04,C02,Jakarta,Dine-in,Kartu Debit,24000
T0116890,2026-03-07,C02,Jakarta,Delivery,QRIS,28000
T0121452,2026-03-22,C03,BANDUNG,Dine-in,-,173000
T0121940,24/03/2026,C01,Jakarta,Takeaway,QRIS,90000
T0117404,2026-03-08,C04,Surabaya,Delivery,QRIS,Rp 36.000
T0102953,2026-01-17,C03,BANDUNG,Dine-in,Tunai,49000
T0121838,2026-03-23,C04,Surabaya,Dine-in,E-Wallet,35000
T0102110,2026-01-14,C03,Bandung,Takeaway,Tunai,20000
T0110041,2026-02-11,C05,Yogyakarta,DINE-IN,E-Wallet,
T0108077,04/02/2026,C06,Denpasar,Takeaway,Tunai,105000
T0102007,2026-01-14,C01,Jakarta,Delivery,Tunai,58000
,,,,,,
T0104809,2026-01-24,C01,Jakarta,Dine-in,-,
T0109653,2026-02-10,C02,Jakarta,Takeaway,E-Wallet,44000
T0114176,25-Feb-2026,C06,Denpasar,Dine-in,QRIS,48000
T0098778,2026-01-01,C01,Jakarta,Delivery,QRIS,201400
T0117624,2026-03-09,C03,Bandung,Delivery,E-Wallet,50000
T0114976,2026-02-28,C03,Bandung,Takeaway,QRIS,48000
T0110171,2026-02-12,C02,Jakarta,Takeaway,Tunai,30000
T0100601,08/01/2026,C02,Jakarta,Takeaway,QRIS,36000
T0105881,2026-01-28,C01,Jakarta,Dine-in,Kartu Debit,43000
T0116146,2026-03-04,C04,Surabaya,Dine-in,QRIS,58500
T0112244,2026-02-19,C02,Jakarta,Delivery,E-Wallet,143000
T0104011,21/01/2026,C02,Jakarta,Dine-in,QRIS,44000
T0112407,2026-02-19,C06,DENPASAR,Dine-in,Kartu Debit,240000
T0115552,2026-03-02,C02, Jakarta  ,Delivery,E-Wallet,12000
T0099299,2026-01-02,C05,Yogyakarta,Takeaway,QRIS,65000
T0111362,2026-02-16,C01,Jakarta,Dine-in,Tunai,120000
T0111113,2026-02-15,C02,Jakarta,Takeaway,Kartu Debit,28000
T0110314,2026-02-12,C05,Yogyakarta,Dine-in,QRIS,25000
T0099197,02-Jan-2026,C03,Bandung,Dine-in,QRIS,83000
T0110493,13/02/2026,C03,Bandung,Takeaway,E-Wallet,15000
T0106968,2026-01-31,C05,Yogyakarta,Dine-in,Kartu Debit,37800
T0105341,2026-01-25,C05,Yogyakarta,Dine-in,QRIS,18000
T0122505,2026-03-26,C02,Jakarta,Dine-in,E-Wallet,123000
T0100691,2026-01-08,C03,Bandung,Takeaway,E-Wallet,Rp 102.000
T0114291,2026-02-26,C02,JAKARTA,dine in,E-Wallet,
T0111624,2026-02-17,C01,Jakarta,Takeaway,qris,Rp 50.000
T0105006,24/01/2026,C05,,Takeaway,E-Wallet,64000
T0100972,09-Jan-2026,C04,Surabaya,Dine-in,Tunai,40000
T0123394,2026-03-29,C01,Jakarta,Dine-in,QRIS,
T0116082,2026-03-04,C03, Bandung  ,Takeaway,E-Wallet,18000
T0115290,2026-03-01,C02,Jakarta,Takeaway,E-Wallet,42000
T0101363,2026-01-11,C01,Jakarta,Takeaway,Tunai,58000
T0116136,2026-03-04,C04, Surabaya  ,Delivery,QRIS,36000
T0122529,2026-03-26,C02,Jakarta,Takeaway,Kartu Debit,28000
,,,,,,
T0121784,2026-03-23,C03,Bandung,Delivery,E-Wallet,35000
T0119823,2026-03-17,C03,Bandung,Dine-in,Tunai,14250
T0118198,2026-03-11,C05,yogyakarta,Dine-in,E-Wallet,Rp 15.000
T0117074,07-Mar-2026,C04,Surabaya,Takeaway,QRIS,18000
T0122647,26/03/2026,C05,Yogyakarta,Takeaway,E-Wallet,22500
T0110790,2026-02-14,C03,Bandung,DINE-IN,QRIS,50000
T0107357,02-Feb-2026,C02,JKT,Delivery,Tunai,61200
T0104661,2026-01-23,C05,Yogyakarta,Takeaway,E-Wallet,85000
T0107176,01/02/2026,C03,,DINE-IN,Kartu Debit,75000
T0102115,2026-01-14,C03,Bandung,Takeaway,Kartu Debit,100000
T0099033,2026-01-01,C04,Surabaya,Dine-in,QRIS,
T0108160,2026-02-05,C02,Jakarta,Takeaway,E-Wallet,
T0116159,2026-03-04,C05,Yogyakarta,Dine-in,Kartu Debit,28000
T0104297,2026-01-22,C04,Surabaya,Delivery,QRIS,89000
T0116608,06/03/2026,C03,Bandung,Dine-in,QRIS,18000
T0110925,2026-02-14,C04,SURABAYA,Dine-in,QRIS,
T0109894,2026-02-11,C02,Jakarta,Delivery,QRIS,94000
T0113460,2026-02-23,C01, Jakarta  ,Dine-in,QRIS,22000
T0103423,18/01/2026,C06,Denpasar,Takeaway,QRIS,
T0113846,2026-02-24,C04,Surabaya,Takeaway,Tunai,0
T0122704,26/03/2026,C06,denpasar,Delivery,QRIS,25000
T0116226,2026-03-05,C01,jakarta,Takeaway,E-Wallet,57000
T0117066,07/03/2026,C04, Surabaya  ,Dine-in,E-Wallet,15000
T0123186,2026-03-28,C03,,Dine-in,QRIS,22000
T0122353,2026-03-25,C04,Surabaya,Delivery,Kartu Debit,25000
T0102203,2026-01-15,C01,Jakarta,Delivery,E-Wallet,68000
T0120667,2026-03-20,C03,Bandung,Dine-in,Tunai,164000
T0102918,17/01/2026,C02,Jakarta,Dine-in,QRIS,15000
T0112725,20/02/2026,C06,Denpasar,Takeaway,Kartu Debit,28000
T0119540,2026-03-16,C02,Jakarta,Dine-in,Kartu Debit,130000
T0119110,2026-03-14,C05,Yogyakarta,Takeaway,QRIS,112000
T0107243,2026-02-01,C05,Yogyakarta,Dine-in,Tunai,113050
T0114942,2026-02-28,C02,Jakarta,Takeaway,qris,52250
T0120905,2026-03-21,C01,Jakarta,Delivery,Tunai,18000
T0110043,2026-02-11,C05,,Dine-in,QRIS,15000
T0123189,2026-03-28,C03,Bandung,Takeaway,Kartu Debit,120000
T0103428,2026-01-18,C06,Denpasar,Dine-in,QRIS,18000
T0119982,2026-03-18,C02, JAKARTA  ,Takeaway,QRIS,25000
T0104704,2026-01-23,C06,Denpasar,Dine-in,Kartu Debit,90000
T0101035,09/01/2026,C05,Yogyakarta,Dine-in,QRIS,43200
T0124061,31-Mar-2026,C04,Surabaya,Dine-in,Kartu Debit,Rp 46.000
T0116204,04/03/2026,C06,Denpasar,Delivery,Tunai,14000
T0114335,2026-02-26,C03,BANDUNG,Takeaway,QRIS,Rp 42.000
T0121137,2026-03-21,C04,SURABAYA,Dine-in,E-Wallet,59000
T0110567,2026-02-13,C04,Surabaya,Delivery,Tunai,102000
T0103250,2026-01-18,C03,Bandung,Dine-in,QRIS,56050
T0112850,2026-02-21,C02,Jakarta,Takeaway,QRIS,42000
T0101228,2026-01-10,C03,Bandung,Takeaway,Kartu Debit,95000
T0120069,2026-03-18,C04,Surabaya,Dine-in,QRIS,46000
T0117515,2026-03-09,C01,Jakarta,Takeaway,Tunai,105000
T0112262,2026-02-19,C03,bandung,Dine-in,Tunai,100000
T0111840,2026-02-17,C05,Yogyakarta,Takeaway,QRIS,142000
T0114214,2026-02-26,C01,Jakarta,Dine-in,Tunai,
T0100627,2026-01-08,C02,Jakarta,Dine-in,Tunai,15000
T0116551,2026-03-06,C02,Jakarta,Delivery,QRIS,40000
T0121145,2026-03-21,C04,Surabaya,Dine-in,Tunai,36000
T0102192,2026-01-14,C05,Yogyakarta,Dine-in,Tunai,30000
T0119754,17/03/2026,C02,JAKARTA,Dine-in,E-Wallet,25200
T0101568,01-Nov-2026,C04,Surabaya,Takeaway,QRIS,18000
T0119196,15/03/2026,C01,JKT,Dine-in,Tunai,53000
T0111416,16-Feb-2026,C03,Bandung,Takeaway,Tunai,15000
T0120587,2026-03-20,C02,Jakarta,Takeaway,E-Wallet,70000
T0110020,2026-02-11,C05,Yogyakarta,Takeaway,Kartu Debit,
T0103512,2026-01-19,C03,Bandung,Takeaway,Tunai,84000
T0102329,2026-01-15,C03,Bandung,Takeaway,Tunai,155000
T0104131,2026-01-21,C05,JKT,Takeaway,QRIS,28000
T0114969,2026-02-28,C03, Bandung  ,Takeaway,QRIS,70000
T0121418,22-Mar-2026,C03, Bandung  ,Dine-in,E-Wallet,51000
T0105518,26/01/2026,C03,BANDUNG,Dine-in,Tunai,69000
T0112044,2026-02-18,C04,Surabaya,Dine-in,Kartu Debit,Rp 42.000
T0114539,27/02/2026,C02,Jakarta,Delivery,Kartu Debit,40000
T0117131,2026-03-07,C05,Yogyakarta,Dine-in,QRIS,28000
T0113934,2026-02-24,C06,DENPASAR,Dine-in,QRIS,28000
T0105218,2026-01-25,C03,BANDUNG,Takeaway,E-Wallet,18000
T0104956,2026-01-24,C04,Surabaya,dine in,E-Wallet,48000
T0115183,2026-02-28,C06,Denpasar,Delivery,Kartu Debit,Rp 24.000
T0104809,2026-01-24,C01,Jakarta,Dine-in,-,
T0104233,2026-01-22,C02,Jakarta,Delivery,Kartu Debit,24000
T0110642,2026-02-13,C05,Yogyakarta,DINE-IN,E-Wallet,65000
T0123944,2026-03-31,C02,Jakarta,Delivery,Tunai,50000
T0109112,2026-02-08,C02,Jakarta,Takeaway,Kartu Debit,171000
T0114080,2026-02-25,C04,Surabaya,Takeaway,QRIS,57950
T0106772,31/01/2026,C02,Jakarta,Dine-in,E-Wallet,62000
T0099631,2026-01-03,C05,Yogyakarta,Delivery,-,18000
T0117914,2026-03-10,C05,Yogyakarta,Dine-in,QRIS,86000
T0118218,2026-03-11,C06,,Takeaway,Tunai,18000
T0116067,2026-03-04,C03,Bandung,Dine-in,QRIS,73000
T0122407,2026-03-25,C06,Denpasar,Takeaway,Tunai,98000
T0116549,2026-03-06,C02,Jakarta,Dine-in,Tunai,30000
T0105535,2026-01-26,C03, BANDUNG  ,Takeaway,qris,91000
T0117329,08/03/2026,C03,JKT,Delivery,Kartu Debit,
T0112026,18-Feb-2026,C03,Bandung,dine in,QRIS,22500
T0121844,2026-03-23,C04,Surabaya,Dine-in,Kartu Debit,54000
T0122155,2026-03-25,C01,Jakarta,Takeaway,Kartu Debit,80000
T0121755,2026-03-23,C02,Jakarta,Dine-in,QRIS,Rp 32.000
T0105637,2026-01-26,C06,Denpasar,Takeaway,Kartu Debit,-25000.0
T0118049,2026-03-11,C02, Jakarta  ,Dine-in,QRIS,18000
T0108724,07/02/2026,C02,Jakarta,Dine-in,QRIS,73000
T0119186,2026-03-15,C01,JAKARTA,Takeaway,Tunai,18000
T0111599,2026-02-17,C01,Jakarta,Dine-in,Tunai,108000
T0106431,2026-01-30,C02,Jakarta,Takeaway,QRIS,74000
,,,,,,
T0120828,2026-03-20,C06,DENPASAR,Takeaway,QRIS,14000
T0115402,01/03/2026,C04,Surabaya,Takeaway,QRIS,113000
T0113247,2026-02-22,C03,Bandung,Dine-in,E-Wallet,36000
T0103274,2026-01-18,C03,Bandung,Takeaway,E-Wallet,65000
T0113162,2026-02-22,C01,Jakarta,DINE-IN,QRIS,23750
T0107036,01/02/2026,C01,Jakarta,Dine-in,Kartu Debit,15000
T0099425,01-Mar-2026,C02,Jakarta,Delivery,QRIS,30000
T0116868,2026-03-07,C01, Jakarta  ,Delivery,-,83000
T0117894,2026-03-10,C04,surabaya,Dine-in,E-Wallet,46000
T0117812,2026-03-10,C02,Jakarta,Dine-in,Tunai,46000
T0112944,2026-02-21,C03,bandung,Delivery,E-Wallet,80000
T0118176,2026-03-11,C05, Yogyakarta  ,Delivery,E-Wallet,Rp 37.000
T0106005,2026-01-28,C04,Surabaya,Dine-in,E-Wallet,168000
T0118611,2026-03-13,C02,Jakarta,Takeaway,Kartu Debit,65000
T0105501,2026-01-26,C03,Bandung,Dine-in,Kartu Debit,74000
T0104361,2026-01-22,C05,Yogyakarta,Dine-in,QRIS,79000
T0113552,2026-02-23,C03,Bandung,Takeaway,E-Wallet,18000
T0104021,2026-01-21,C03,Bandung,Takeaway,QRIS,75000
T0103104,2026-01-17,C06,Denpasar,Dine-in,E-Wallet,25000
T0114153,2026-02-25,C05,Yogyakarta,Delivery,Tunai,Rp 47.500
T0108710,2026-02-07,C01,Jakarta,Takeaway,QRIS,48000
T0106242,2026-01-29,C04,Surabaya,Takeaway,Tunai,100000
T0109006,2026-02-07,C06,Denpasar,Takeaway,QRIS,25000
T0115318,2026-03-01,C02,jakarta,Delivery,QRIS,-28000.0
T0122119,24-Mar-2026,C05,JKT,dine in,E-Wallet,40000
T0107941,2026-02-04,C03,Bandung,Delivery,Tunai,
T0102636,16-Jan-2026,C03,Bandung,Dine-in,QRIS,20000
T0113572,2026-02-23,C03,BANDUNG,Dine-in,QRIS,
T0117868,2026-03-10,C03,Bandung,Takeaway,Kartu Debit,145000
T0116079,2026-03-04,C03,Bandung,Dine-in,QRIS,36000
T0117428,2026-03-08,C05,Yogyakarta,Delivery,E-Wallet,51000
T0107080,2026-02-01,C02,Jakarta,Dine-in,QRIS,24000
T0107855,04/02/2026,C01,Jakarta,Delivery,QRIS,30000
T0120670,2026-03-20,C03,Bandung,Dine-in,QRIS,40000
T0122679,2026-03-26,C06,Denpasar,DINE-IN,E-Wallet,40000
T0117719,2026-03-09,C06,Denpasar,Delivery,Tunai,91000
T0118055,2026-03-11,C02,Jakarta,Takeaway,E-Wallet,105000
T0110323,2026-02-12,C05,Yogyakarta,Delivery,QRIS,15000
T0113620,2026-02-23,C04,Surabaya,Takeaway,Tunai,121000
T0116638,2026-03-06,C03,BANDUNG,Takeaway,E-Wallet,130000
T0099649,2026-01-03,C05,Yogyakarta,Takeaway,Kartu Debit,Rp 24.000
T0098921,2026-01-01,C03, Bandung  ,Takeaway,Kartu Debit,83000
T0105230,25/01/2026,C03,Bandung,DINE-IN,QRIS,75000
T0105587,2026-01-26,C05,YOGYAKARTA,Delivery,Kartu Debit,96000
T0114110,2026-02-25,C04,,Delivery,QRIS,30000
T0099644,2026-01-03,C05,Yogyakarta,Takeaway,Tunai,101000
T0122155,2026-03-25,C01,Jakarta,Takeaway,Kartu Debit,80000
T0110892,2026-02-14,C04,Surabaya,Delivery,E-Wallet,
T0108782,2026-02-07,C02,Jakarta,Takeaway,QRIS,35000
T0103146,2026-01-18,C01,Jakarta,Takeaway,E-Wallet,71000
T0120034,2026-03-18,C03,Bandung,Dine-in,QRIS,58000
T0111661,2026-02-17,C02,Jakarta,Dine-in,E-Wallet,50000
T0109953,2026-02-11,C03,Bandung,Takeaway,QRIS,18000
T0122325,25-Mar-2026,C04,Surabaya,Takeaway,QRIS,Rp 52.000
T0112968,2026-02-21,C04,Surabaya,Dine-in,qris,Rp 24.000
T0102471,2026-01-15,C06,,Dine-in,Kartu Debit,Rp 77.000
T0120805,2026-03-20,C06, Denpasar  ,Delivery,QRIS,0
T0108959,2026-02-07,C05, Yogyakarta  ,Takeaway,Kartu Debit,91200
T0123008,27-Mar-2026,C06,Denpasar,Takeaway,Tunai,18000
T0113981,2026-02-25,C02,Jakarta,Takeaway,Tunai,56000
,,,,,,
T0111089,2026-02-15,C02,Jakarta,Takeaway,QRIS,36000
T0114828,28/02/2026,C01, JAKARTA  ,Delivery,E-Wallet,38000
T0122709,2026-03-26,C06,Denpasar,Dine-in,QRIS,80000
T0102440,2026-01-15,C05,Yogyakarta,Delivery,Kartu Debit,30000
T0119232,2026-03-15,C01,Jakarta,Takeaway,-,-50000.0
T0100843,2026-01-09,C01,Jakarta,Takeaway,QRIS,15000
T0108242,2026-02-05,C04,Surabaya,Takeaway,QRIS,235000
T0100151,2026-01-06,C01,Jakarta,Delivery,E-Wallet,25200
T0114662,2026-02-27,C03,bandung,Dine-in,QRIS,46000
T0119051,2026-03-14,C04,Surabaya,Dine-in,E-Wallet,15000
T0098993,2026-01-01,C04,Surabaya,Takeaway,qris,22000
T0101685,12/01/2026,C02,Jakarta,Dine-in,Tunai,40000
T0112590,2026-02-20,C03, Bandung  ,Delivery,QRIS,68000
T0119880,2026-03-17,C05,Yogyakarta,Dine-in,E-Wallet,56000
T0117608,2026-03-09,C03,Bandung,Takeaway,E-Wallet,71000
T0099007,2026-01-01,C04,Surabaya,Takeaway,Tunai,23750
T0108746,2026-02-07,C02,jakarta,Dine-in,E-Wallet,89000
T0102301,2026-01-15,C03,Bandung,Takeaway,E-Wallet,99000
T0121446,2026-03-22,C03,,Delivery,E-Wallet,18000
T0116928,2026-03-07,C02,JAKARTA,Dine-in,qris,74000
T0123848,2026-03-30,C05,Yogyakarta,Dine-in,E-Wallet,148000
T0107754,03/02/2026,C05,Yogyakarta,Delivery,Tunai,Rp 22.000
T0104443,2026-01-23,C01,Jakarta,Takeaway,Kartu Debit,
T0112778,2026-02-21,C01,Jakarta,Dine-in,QRIS,
T0112311,2026-02-19,C04,Surabaya,Delivery,Kartu Debit,71000
T0114824,2026-02-28,C01,JKT,Delivery,QRIS,51000
T0112670,2026-02-20,C05,Yogyakarta,Takeaway,E-Wallet,28000
T0121062,2026-03-21,C03,Bandung,Dine-in,Kartu Debit,89000
T0104214,2026-01-22,C02,Jakarta,Dine-in,QRIS,96000
T0104189,2026-01-22,C01,Jakarta,Dine-in,E-Wallet,60800
T0116280,2026-03-05,C02,Jakarta,Delivery,Tunai,88000
T0115006,2026-02-28,C03,Bandung,Delivery,E-Wallet,125000
T0119415,2026-03-15,C05,Yogyakarta,Takeaway,QRIS,88000
T0115334,2026-03-01,C03, bandung  ,Dine-in,QRIS,22000
T0111126,2026-02-15,C02,Jakarta,Takeaway,Tunai,224000
T0123382,2026-03-29,C01,Jakarta,Dine-in,Tunai,40000
T0110020,2026-02-11,C05,Yogyakarta,Takeaway,Kartu Debit,
T0114763,27/02/2026,C05,Yogyakarta,Takeaway,E-Wallet,24000
T0119697,2026-03-16,C06,Denpasar,Dine-in,E-Wallet,25000
T0102282,2026-01-15,C02,Jakarta,Takeaway,Tunai,46000
T0104414,2026-01-23,C01,Jakarta,Dine-in,Tunai,77000
T0117918,2026-03-10,C05,YOGYAKARTA,Dine-in,QRIS,85500
T0104603,2026-01-23,C04,Surabaya,Delivery,Kartu Debit,117000
T0119208,2026-03-15,C01, Jakarta  ,Takeaway,E-Wallet,139500
T0112636,2026-02-20,C04,Surabaya,Takeaway,QRIS,24000
T0103795,2026-01-20,C03,Bandung,Takeaway,Kartu Debit,123000
T0104152,2026-01-21,C06,Denpasar,Takeaway,Tunai,15000
T0101838,2026-01-13,C01,Jakarta,Takeaway,E-Wallet,18000
